epoch,stage,loss,recon,kl,terminal_kl,latent_rms,latent_rms_median,posterior_var,posterior_var_median,posterior_std,logvar_median,score_lsi,score_mse_weighted,score_mse_unweighted,score_mse_head_weighted,score_head_loss,score_control,aux_lam,aux_nu,perc,stiff,gan_d,gan_g,tdd,csem_ramp_multiplier,encoder_csem_gradient_multiplier,active_csem_w,score_head_loss_w,lr_score_head,encoder_score_detached,lr_vae_current,lr_score_current,vae_grad_preclip,score_grad_preclip,disc_grad_preclip,vae_clip_rate,score_clip_rate,disc_clip_rate,vae_clip_multiplier,score_clip_multiplier,joint_loss_max,score_mse_weighted_max,vae_grad_preclip_max,score_grad_preclip_max,vae_parameter_norm,score_parameter_norm,same_head_tracking_updates,same_head_tracking_loss,tracking_score_grad_preclip,tracking_score_clip_rate,gradient_diagnostic_samples,grad_recon_to_vae,grad_kl_to_vae,grad_csem_to_vae,grad_csem_to_score,grad_score_inner_to_score,grad_score_outer_inner_cosine,grad_score_inner_outer_norm_ratio,grad_kl_csem_cosine,grad_kl_csem_combined_ratio,score_weight_mean,score_weight_rms,score_weight_min,score_weight_max,score_weight_cv,score_weight_ess_fraction,score_head_weight_mean,score_head_weight_max,outer_score_time_weighting,score_head_time_weighting,split_score_gradient_routing,time_bin_0_t_low,time_bin_0_t_high,time_bin_0_count,time_bin_0_mse_unweighted,time_bin_0_mse_weighted,time_bin_1_t_low,time_bin_1_t_high,time_bin_1_count,time_bin_1_mse_unweighted,time_bin_1_mse_weighted,time_bin_2_t_low,time_bin_2_t_high,time_bin_2_count,time_bin_2_mse_unweighted,time_bin_2_mse_weighted,time_bin_3_t_low,time_bin_3_t_high,time_bin_3_count,time_bin_3_mse_unweighted,time_bin_3_mse_weighted
1,cotrain,0.2575557841959163,0.06390695979930142,0.046376608401680224,0.046376608401680224,1.3531615302593902,1.352619043400145,1.4830316007137299,1.5811071189550252,1.1546689918917468,0.40214841426887477,0.3156309183846172,0.31544315381946725,0.037685912838762894,0.037685912838762894,0.03787367743177292,0.0,0.07510581356274267,0.33551205571096104,0.17432087667795837,0.0,0.0,0.0,0.0,1.0,1.0,0.1,1.0,0.0008,0.0,0.0005,0.0008,1.123814705791127,1.123814705791127,0.0,0.44017094017094016,0.44017094017094016,0.0,0.8674861249601921,0.8674861249601921,1.6141892671585083,1.9393354654312134,6.5818772315979,6.5818772315979,77.57050323486328,124.02730560302734,0,0.0,0.0,0.0,0,0.0,0.0,0.0,0.0,0.0,0.0,0.0,0.0,0.0,6.529755673856816,6.861737421258192,2.8288629055023193,17.571420669555664,0.322904927747089,0.9055776035768656,1.0,1.0,canonical,unweighted-eps,1.0,2e-05,0.0003309750919646873,14977,0.0036204357746481863,0.02029114901156891,0.0003309750919646873,0.005477225575051662,15085,0.004407931907972358,0.024822476030107284,0.005477225575051662,0.09064126192070304,14872,0.03252509006686336,0.19078889147705644,0.09064126192070304,1.5000000000000002,14970,0.1104279801856699,1.0274246269970158
2,cotrain,0.15820409682316658,0.0355504975001463,0.04521199798163695,0.04521199798163695,1.3464375536163269,1.336780067692455,0.8747300318418405,0.953026233957364,0.9114318898855112,-0.05373904304021699,0.25110024669104153,0.2508941469793646,0.03170059741132407,0.03170059741132407,0.03190669713096104,0.0,0.0824398878786681,0.36135780868621975,0.09879996788361643,0.0,0.0,0.0,0.0,1.0,1.0,0.1,1.0,0.0008,0.0,0.000499992304832375,0.0007999876784790936,0.6907977244028678,0.6907977244028678,0.0,0.0876068376068376,0.0876068376068376,0.0,0.9855330101079554,0.9855330101079554,0.1947917640209198,0.3512219786643982,2.2700610160827637,2.2700610160827637,78.83208465576172,127.81910705566406,0,0.0,0.0,0.0,0,0.0,0.0,0.0,0.0,0.0,0.0,0.0,0.0,0.0,6.526340670055813,6.858732474564371,2.8288629055023193,17.571420669555664,0.3231958593379209,0.9054234801780484,1.0,1.0,canonical,unweighted-eps,1.0,2e-05,0.0003309750919646873,15157,0.0013194698204116256,0.0073887853467653995,0.0003309750919646873,0.005477225575051662,14917,0.003324023940344914,0.018728132199416367,0.005477225575051662,0.09064126192070304,14961,0.03323193840360301,0.194704664605289,0.09064126192070304,1.5000000000000002,14869,0.08959754414160431,0.7885686390914163
3,cotrain,0.14427220104978636,0.03217662976354233,0.04378274739043325,0.04378274739043325,1.3247797146451303,1.3079501589139302,0.7171050624714957,0.7618915641154999,0.828816747563517,-0.27430565053453815,0.24222032595266643,0.24200611472384542,0.03064325712939613,0.03064325712939613,0.030857468541297648,0.0,0.08568456204624003,0.35078767381417447,0.08792789643391585,0.0,0.0,0.0,0.0,1.0,1.0,0.1,1.0,0.0008,0.0,0.0004999692198041743,0.0007999507146764234,0.5653376455745126,0.5653376455745126,0.0,0.049145299145299144,0.049145299145299144,0.0,0.993819542515018,0.993819542515018,0.16711387038230896,0.3346511423587799,1.600462794303894,1.600462794303894,80.1805191040039,131.8776397705078,0,0.0,0.0,0.0,0,0.0,0.0,0.0,0.0,0.0,0.0,0.0,0.0,0.0,6.539574213517018,6.879157515202491,2.8288629055023193,17.571420669555664,0.32642200332451626,0.9037086469295166,1.0,1.0,canonical,unweighted-eps,1.0,2e-05,0.0003309750919646873,15035,0.0009980278088403652,0.005593247986564336,0.0003309750919646873,0.005477225575051662,15113,0.0033824442323374415,0.019058355223861984,0.005477225575051662,0.09064126192070304,14863,0.031971087919256534,0.18750433428390328,0.09064126192070304,1.5000000000000002,14893,0.08690949868845314,0.7613062515033385
4,cotrain,0.13708573177011094,0.030348980974437844,0.04349416235668792,0.04349416235668792,1.3201687874027679,1.2975319061014388,0.6561826415296294,0.6851905902736207,0.7942221517491544,-0.37933461390372014,0.23701315538750756,0.23678735624521208,0.030061534852680996,0.030061534852680996,0.030287333581055332,0.0,0.09031951997397292,0.3541087613910691,0.08233786385474551,0.0,0.0,0.0,0.0,1.0,1.0,0.1,1.0,0.0008,0.0,0.0004999307463393911,0.0007998891108720913,0.4763110442421375,0.4763110442421375,0.0,0.0,0.0,0.0,1.0,1.0,0.16293980181217194,0.32375866174697876,0.9832751750946045,0.9832751750946045,81.57752990722656,135.97349548339844,0,0.0,0.0,0.0,0,0.0,0.0,0.0,0.0,0.0,0.0,0.0,0.0,0.0,6.5340179490227985,6.868384715100326,2.8288629055023193,17.571420669555664,0.3239832518552012,0.9050059201217322,1.0,1.0,canonical,unweighted-eps,1.0,2e-05,0.0003309750919646873,15147,0.0007545081328291003,0.0042277054287281225,0.0003309750919646873,0.005477225575051662,14729,0.0033781039157069316,0.019034236342764993,0.005477225575051662,0.09064126192070304,15063,0.030862055027903547,0.18107186658191055,0.09064126192070304,1.5000000000000002,14965,0.08518185188568758,0.74257480335841
5,cotrain,0.13244562457578304,0.02925132020400503,0.04304477579605121,0.04304477579605121,1.3130831404044445,1.2890222918274057,0.611043790466765,0.6324636584673172,0.7674355308214823,-0.4593736738221258,0.23382715339589322,0.2335927110706639,0.029658141784752026,0.029658141784752026,0.02989258400252105,0.0,0.09377688653448708,0.35478995555741155,0.0787037101566282,0.0,0.0,0.0,0.0,1.0,1.0,0.1,1.0,0.0008,0.0,0.00049987688681125,0.0007998028708661098,0.43223931923763365,0.43223931923763365,0.0,0.0,0.0,0.0,1.0,1.0,0.1589002013206482,0.3268195390701294,0.9906940460205078,0.9906940460205078,83.01354217529297,139.98731994628906,0,0.0,0.0,0.0,0,0.0,0.0,0.0,0.0,0.0,0.0,0.0,0.0,0.0,6.542051192022797,6.879766835210419,2.8288629055023193,17.571420669555664,0.325437296861586,0.9042331759595816,1.0,1.0,canonical,unweighted-eps,1.0,2e-05,0.0003309750919646873,14892,0.0006426076948272002,0.003602225398367134,0.0003309750919646873,0.005477225575051662,14839,0.00331167533112043,0.01865950091117813,0.005477225575051662,0.09064126192070304,15186,0.030579877373856014,0.17947045668427783,0.09064126192070304,1.5000000000000002,14987,0.08364206574379487,0.7297769214851316
6,cotrain,0.12933825236609858,0.02862939378246665,0.042548216441566616,0.042548216441566616,1.305263346131875,1.2774130215502193,0.5768061501857562,0.5943936664833982,0.7465961223993546,-0.5211893304163574,0.2314902316683378,0.2312525214993546,0.02934415564418603,0.02934415564418603,0.029581865825109247,0.0,0.09508406807087426,0.35082485822912973,0.07622984449705507,0.0,0.0,0.0,0.0,1.0,1.0,0.1,1.0,0.0008,0.0,0.0004998076445420604,0.0007996919999781688,0.40656090565981007,0.40656090565981007,0.0,0.0,0.0,0.0,1.0,1.0,0.15676282346248627,0.3208661377429962,0.9248672127723694,0.9248672127723694,84.46940612792969,143.97833251953125,0,0.0,0.0,0.0,0,0.0,0.0,0.0,0.0,0.0,0.0,0.0,0.0,0.0,6.546458194398473,6.883565731392,2.8288629055023193,17.571420669555664,0.32502459486021446,0.9044527215606764,1.0,1.0,canonical,unweighted-eps,1.0,2e-05,0.0003309750919646873,14846,0.0005627699592743567,0.0031538726574995117,0.0003309750919646873,0.005477225575051662,15015,0.0032108001301795136,0.018090049762190717,0.005477225575051662,0.09064126192070304,14914,0.030150849241760855,0.17701738792241412,0.09064126192070304,1.5000000000000002,15129,0.08272836836183825,0.7201050439966088
7,cotrain,0.12570910620638448,0.02777035826514674,0.042503477504047066,0.042503477504047066,1.3044281365003079,1.27708166379195,0.556383017418731,0.5728575703170564,0.7334371479148538,-0.5580653334912072,0.2275820189497919,0.2273362025172792,0.028952141125232745,0.028952141125232745,0.029197957545805436,0.0,0.0983265680539557,0.3563673061947537,0.07344647103713618,0.0,0.0,0.0,0.0,1.0,1.0,0.1,1.0,0.0008,0.0,0.0004997230238030115,0.000799556505047307,0.36818214394470566,0.36818214394470566,0.0,0.0,0.0,0.0,1.0,1.0,0.168399840593338,0.35739725828170776,0.7940607070922852,0.7940607070922852,85.9480209350586,147.94216918945312,0,0.0,0.0,0.0,0,0.0,0.0,0.0,0.0,0.0,0.0,0.0,0.0,0.0,6.5395675255702095,6.877319869309423,2.8288629055023193,17.571420669555664,0.3255187765596838,0.9041898107808916,1.0,1.0,canonical,unweighted-eps,1.0,2e-05,0.0003309750919646873,15129,0.0005197301029915716,0.002911721173321998,0.0003309750919646873,0.005477225575051662,14853,0.003269289035518378,0.018420104849084108,0.005477225575051662,0.09064126192070304,14913,0.030404226011987872,0.17846970031225154,0.09064126192070304,1.5000000000000002,15009,0.0815849890913205,0.7088536178575651
8,cotrain,0.12375702952536252,0.027303168076512396,0.04228956455317063,0.04228956455317063,1.3010245018606148,1.2737235258787105,0.5411530426806874,0.5588741156025829,0.723754568487151,-0.5824009760195373,0.22723118699768668,0.22698424259821573,0.028904916857902564,0.028904916857902564,0.029151861340953752,0.0,0.09877779670696482,0.3539065180871731,0.07181631817490372,0.0,0.0,0.0,0.0,1.0,1.0,0.1,1.0,0.0008,0.0,0.0004996230298139092,0.0007993963944314899,0.34141723334025115,0.34141723334025115,0.0,0.0,0.0,0.0,1.0,1.0,0.14952264726161957,0.32584333419799805,0.7704455852508545,0.7704455852508545,87.4423828125,151.82473754882812,0,0.0,0.0,0.0,0,0.0,0.0,0.0,0.0,0.0,0.0,0.0,0.0,0.0,6.544322946132758,6.88760179298304,2.8288629055023193,17.571420669555664,0.3281163891827498,0.9028038121912275,1.0,1.0,canonical,unweighted-eps,1.0,2e-05,0.0003309750919646873,14941,0.0004667413961280682,0.002617428622046282,0.0003309750919646873,0.005477225575051662,15016,0.003128344665212506,0.01762468693505022,0.005477225575051662,0.09064126192070304,14921,0.03021692402776193,0.17735984012066108,0.09064126192070304,1.5000000000000002,15026,0.08163880011093819,0.708579701271702
9,cotrain,0.1213687732656542,0.026780938980384514,0.042148036173839346,0.042148036173839346,1.2987091801316313,1.269797442560522,0.5251944569440988,0.5417279997187802,0.7131664368331941,-0.613642427783746,0.2240165102048817,0.22376391727827552,0.028571949829944432,0.028571949829944432,0.028824542243129168,0.0,0.10103697686368583,0.3551822343570554,0.07004914085707094,0.0,0.0,0.0,0.0,1.0,1.0,0.1,1.0,0.0008,0.0,0.0004995076687428537,0.0007992116780070945,0.32937566047677624,0.32937566047677624,0.0,0.0,0.0,0.0,1.0,1.0,0.13940154016017914,0.310112327337265,0.6996352672576904,0.6996352672576904,88.94805908203125,155.57444763183594,0,0.0,0.0,0.0,0,0.0,0.0,0.0,0.0,0.0,0.0,0.0,0.0,0.0,6.535411194858388,6.8747009123366025,2.8288629055023193,17.571420669555664,0.32638383090195355,0.9037289986160897,1.0,1.0,canonical,unweighted-eps,1.0,2e-05,0.0003309750919646873,15027,0.0004303542333551868,0.002412482018349429,0.0003309750919646873,0.005477225575051662,15068,0.0030295359450885654,0.017067529636904704,0.005477225575051662,0.09064126192070304,14895,0.030534821434603638,0.17931612351869888,0.09064126192070304,1.5000000000000002,14914,0.08077255840577756,0.7000143566031838
10,cotrain,0.12007751998802026,0.026512745771811813,0.04200569360365725,0.04200569360365725,1.2964346788007635,1.2680214136584191,0.5155588490968077,0.5331975573148483,0.7070142123688999,-0.6293712006165431,0.22418488065401712,0.2239340764717159,0.02841200738046796,0.02841200738046796,0.028662811164768077,0.0,0.10032153107289575,0.34994868287800723,0.0688759705497541,0.0,0.0,0.0,0.0,1.0,1.0,0.1,1.0,0.0008,0.0,0.0004993769477058594,0.0007990023671682999,0.3208352916070029,0.3208352916070029,0.0,0.0,0.0,0.0,1.0,1.0,0.14638982713222504,0.32646119594573975,0.7355078458786011,0.7355078458786011,90.44451904296875,159.33335876464844,0,0.0,0.0,0.0,0,0.0,0.0,0.0,0.0,0.0,0.0,0.0,0.0,0.0,6.54882905116448,6.892001661446837,2.8288629055023193,17.571420669555664,0.3279485467778573,0.9028935712863505,1.0,1.0,canonical,unweighted-eps,1.0,2e-05,0.0003309750919646873,15026,0.0004088566503411291,0.0022915709274365426,0.0003309750919646873,0.005477225575051662,15014,0.0029702291571956606,0.0167331931728235,0.005477225575051662,0.09064126192070304,14929,0.0301141717271992,0.17673280977086506,0.09064126192070304,1.5000000000000002,14935,0.08046065745722461,0.7024062596957421
11,cotrain,0.11849697742961411,0.026197046371829562,0.042383936735299915,0.042383936735299915,1.3022465800141212,1.2707490926114922,0.5111196325120763,0.527042536271943,0.7041182883529582,-0.6409720688039421,0.22169098726067787,0.22143651264854985,0.028219481392835196,0.028219481392835196,0.028473956267643943,0.0,0.10178994076947372,0.35642582859493727,0.06754782163084318,0.0,0.0,0.0,0.0,1.0,1.0,0.1,1.0,0.0008,0.0,0.0004992308747664155,0.0007987684748263846,0.3140151780894679,0.3140151780894679,0.0,0.0,0.0,0.0,1.0,1.0,0.13682064414024353,0.2973504960536957,0.6837164163589478,0.6837164163589478,91.96046447753906,162.96917724609375,0,0.0,0.0,0.0,0,0.0,0.0,0.0,0.0,0.0,0.0,0.0,0.0,0.0,6.540624562491718,6.88193099575388,2.8288629055023193,17.571420669555664,0.32724319284481657,0.903270474535227,1.0,1.0,canonical,unweighted-eps,1.0,2e-05,0.0003309750919646873,14877,0.0003834853392692093,0.002149599718055538,0.0003309750919646873,0.005477225575051662,15187,0.0029205610727752857,0.016453952731456344,0.005477225575051662,0.09064126192070304,14937,0.030247612304218865,0.1776016812140327,0.09064126192070304,1.5000000000000002,14903,0.07975518708260101,0.6931645170615071
12,cotrain,0.11742484787654163,0.02597495439884245,0.04234723150570933,0.04234723150570933,1.301628288277464,1.2720923326973221,0.5040406014802109,0.5206830843518941,0.6996433685223261,-0.6530900837009789,0.222203149786617,0.22194641096214962,0.028264722870424006,0.028264722870424006,0.028521461599371117,0.0,0.10269549708717908,0.35239668754048836,0.0665004777873301,0.0,0.0,0.0,0.0,1.0,1.0,0.1,1.0,0.0008,0.0,0.0004990694589349888,0.00079851001540893,0.3059090426526008,0.3059090426526008,0.0,0.0,0.0,0.0,1.0,1.0,0.13881103694438934,0.32748186588287354,0.6204988956451416,0.6204988956451416,93.44964599609375,166.48312377929688,0,0.0,0.0,0.0,0,0.0,0.0,0.0,0.0,0.0,0.0,0.0,0.0,0.0,6.544790191528125,6.884753093709234,2.8288629055023193,17.571420669555664,0.32647554602916096,0.9036800980873668,1.0,1.0,canonical,unweighted-eps,1.0,2e-05,0.0003309750919646873,14812,0.0003492399719308598,0.0019583478781248537,0.0003309750919646873,0.005477225575051662,14948,0.0028022082404382796,0.01578679871823911,0.005477225575051662,0.09064126192070304,15131,0.0298657314601369,0.17538931609129735,0.09064126192070304,1.5000000000000002,15013,0.07954514245002964,0.6911792403843467
13,cotrain,0.11639281056630306,0.025713380127667617,0.04212579886532492,0.04212579886532492,1.2981147036906555,1.266596334357547,0.49373458962664646,0.5091545134145989,0.6924586455281984,-0.6757145168689581,0.2214051406735029,0.22114386428625155,0.028168071451413836,0.028168071451413836,0.028429347798865065,0.0,0.10451054095457761,0.35716838523363453,0.06576608702476718,0.0,0.0,0.0,0.0,1.0,1.0,0.1,1.0,0.0008,0.0,0.0004988927101684684,0.0007982270048589304,0.29295045118301344,0.29295045118301344,0.0,0.0,0.0,0.0,1.0,1.0,0.14083382487297058,0.3165498375892639,0.6974700093269348,0.6974700093269348,94.95449829101562,169.9990997314453,0,0.0,0.0,0.0,0,0.0,0.0,0.0,0.0,0.0,0.0,0.0,0.0,0.0,6.5461678433622055,6.885887803172301,2.8288629055023193,17.571420669555664,0.3263207096608167,0.9037626485929671,1.0,1.0,canonical,unweighted-eps,1.0,2e-05,0.0003309750919646873,14909,0.0003561913611757015,0.0019956339431519447,0.0003309750919646873,0.005477225575051662,15061,0.002807480611496258,0.0158160769548021,0.005477225575051662,0.09064126192070304,14863,0.029942845529047964,0.17577724045172985,0.09064126192070304,1.5000000000000002,15071,0.07927448158993132,0.6878684938456224
14,cotrain,0.11486825966236429,0.025488706476763528,0.041525838586191334,0.041525838586191334,1.288770324507678,1.2578130410267756,0.49033424347384363,0.5043464071857624,0.6902195753959509,-0.6850310378095024,0.2205194635077929,0.22025489020678732,0.028037070754406035,0.028037070754406035,0.02830164385243104,0.0,0.10582920544358909,0.35282431988634616,0.06455276720225811,0.0,0.0,0.0,0.0,1.0,1.0,0.1,1.0,0.0008,0.0,0.0004987006393695507,0.0007979194606338098,0.28210102473823434,0.28210102473823434,0.0,0.0,0.0,0.0,1.0,1.0,0.13677529990673065,0.3166554272174835,0.684019923210144,0.684019923210144,96.4397201538086,173.4958953857422,0,0.0,0.0,0.0,0,0.0,0.0,0.0,0.0,0.0,0.0,0.0,0.0,0.0,6.542956912619436,6.882363394924672,2.8288629055023193,17.571420669555664,0.3262483575923433,0.9038012146060777,1.0,1.0,canonical,unweighted-eps,1.0,2e-05,0.0003309750919646873,14897,0.00034518956593784534,0.0019347786324719755,0.0003309750919646873,0.005477225575051662,14982,0.002777809924912889,0.015649173709614512,0.005477225575051662,0.09064126192070304,14996,0.029734092009611274,0.17453327653375617,0.09064126192070304,1.5000000000000002,15029,0.07897270659390178,0.6862445665425871
15,cotrain,0.11364942286004368,0.025242797672175445,0.04134779734712126,0.04134779734712126,1.285936769518009,1.2544672889077766,0.4847509839341172,0.49682036093157583,0.6861787852313783,-0.7000302524648161,0.21913860282964176,0.21887064998985356,0.02792401892793739,0.02792401892793739,0.028191971672205333,0.0,0.10718109974494347,0.35363047044628704,0.06363343893208055,0.0,0.0,0.0,0.0,1.0,1.0,0.1,1.0,0.0008,0.0,0.0004984932583860673,0.0007975874017043444,0.27356138166326743,0.27356138166326743,0.0,0.0,0.0,0.0,1.0,1.0,0.13409799337387085,0.3048880100250244,0.626048743724823,0.626048743724823,97.91290283203125,176.91961669921875,0,0.0,0.0,0.0,0,0.0,0.0,0.0,0.0,0.0,0.0,0.0,0.0,0.0,6.540818465061677,6.880209244968839,2.8288629055023193,17.571420669555664,0.32629529430532084,0.9037761964060362,1.0,1.0,canonical,unweighted-eps,1.0,2e-05,0.0003309750919646873,14965,0.0003360731342376135,0.0018844207563937566,0.0003309750919646873,0.005477225575051662,15019,0.0027743857992624855,0.015629980998125285,0.005477225575051662,0.09064126192070304,14933,0.03005058772556111,0.1764295899619742,0.09064126192070304,1.5000000000000002,14987,0.07855589337144356,0.6815011212257369
16,cotrain,0.1127839494878665,0.02506791864736722,0.041354614747767776,0.041354614747767776,1.2860103304485222,1.2551977568202548,0.4804610138774937,0.4935351144681629,0.6834191508018054,-0.7066474891880639,0.21780710552747434,0.21753704961803225,0.027665218390110467,0.027665218390110467,0.02793527429557254,0.0,0.10802239440699928,0.35440456848113966,0.06297521574948078,0.0,0.0,0.0,0.0,1.0,1.0,0.1,1.0,0.0008,0.0,0.0004982705800102541,0.0007972308485534931,0.25831739758897543,0.25831739758897543,0.0,0.0,0.0,0.0,1.0,1.0,0.1355963796377182,0.32045891880989075,0.554459273815155,0.554459273815155,99.40130615234375,180.2631378173828,0,0.0,0.0,0.0,0,0.0,0.0,0.0,0.0,0.0,0.0,0.0,0.0,0.0,6.542457444036109,6.884289797614152,2.8288629055023193,17.571420669555664,0.327454590369933,0.9031575672127167,1.0,1.0,canonical,unweighted-eps,1.0,2e-05,0.0003309750919646873,14941,0.0003265663399244199,0.0018313398670618828,0.0003309750919646873,0.005477225575051662,15029,0.0027651771723577637,0.0155783442322925,0.005477225575051662,0.09064126192070304,15056,0.02982180053516668,0.17505266209401182,0.09064126192070304,1.5000000000000002,14878,0.07809000761859246,0.6811572464744096
17,cotrain,0.11221561889745231,0.02502110007449857,0.04106250234171111,0.04106250234171111,1.2814304955482811,1.251357330980464,0.48003977282434446,0.4917945564429984,0.6829675804091315,-0.710238768122135,0.21819320387947252,0.2179207070133625,0.027695289876662258,0.027695289876662258,0.02796778693381283,0.0,0.10899882152294502,0.3543791697384455,0.06241934668495614,0.0,0.0,0.0,0.0,1.0,1.0,0.1,1.0,0.0008,0.0,0.0004980326179779622,0.0007968498231751339,0.2682669044464317,0.2682669044464317,0.0,0.0,0.0,0.0,1.0,1.0,0.14279292523860931,0.316648006439209,0.7449856996536255,0.7449856996536255,100.86289978027344,183.58160400390625,0,0.0,0.0,0.0,0,0.0,0.0,0.0,0.0,0.0,0.0,0.0,0.0,0.0,6.549673412600134,6.894327736771862,2.8288629055023193,17.571420669555664,0.32865216010308007,0.902517103861353,1.0,1.0,canonical,unweighted-eps,1.0,2e-05,0.0003309750919646873,15016,0.00031438338009369664,0.0017634599370863061,0.0003309750919646873,0.005477225575051662,14940,0.0027247233563158888,0.015350578185744394,0.005477225575051662,0.09064126192070304,14950,0.029601285048950477,0.17371158379774826,0.09064126192070304,1.5000000000000002,14998,0.07808316342114353,0.6801917660727567
18,cotrain,0.11136774787217633,0.024748214970255256,0.04139831815806464,0.04139831815806464,1.2867631278911609,1.256322357389662,0.48909540977488214,0.5011572440465292,0.6892336210888675,-0.6913211734121681,0.21676457692415285,0.21649204286882,0.027602906529911053,0.027602906529911053,0.027875440553403817,0.0,0.10901359812571453,0.35505687798827124,0.06179244339497935,0.0,0.0,0.0,0.0,1.0,1.0,0.1,1.0,0.0008,0.0,0.0004977793869678107,0.0007964443490727069,0.2640872426076323,0.2640872426076323,0.0,0.0,0.0,0.0,1.0,1.0,0.13351702690124512,0.30783650279045105,0.6065361499786377,0.6065361499786377,102.33773803710938,186.88990783691406,0,0.0,0.0,0.0,0,0.0,0.0,0.0,0.0,0.0,0.0,0.0,0.0,0.0,6.5355133470307045,6.871944815691063,2.8288629055023193,17.571420669555664,0.32496891846810866,0.9044823266286458,1.0,1.0,canonical,unweighted-eps,1.0,2e-05,0.0003309750919646873,14764,0.0003084602237249359,0.0017289024428496012,0.0003309750919646873,0.005477225575051662,15065,0.0026789369018933246,0.015092644969806931,0.005477225575051662,0.09064126192070304,15041,0.02938953685987171,0.17255487989518611,0.09064126192070304,1.5000000000000002,15034,0.07759506465019468,0.6731704914523865
19,cotrain,0.11073735794132082,0.024668942225507945,0.04148088240375122,0.04148088240375122,1.2880206707893365,1.2564846531957643,0.48722562251182705,0.49396780566272575,0.6874654512120109,-0.7056238576133027,0.2170005916721291,0.21672501765255237,0.027621925147807497,0.027621925147807497,0.02789749891266354,0.0,0.11022952044557811,0.3601892875491554,0.06108716367465308,0.0,0.0,0.0,0.0,1.0,1.0,0.1,1.0,0.0008,0.0,0.0004975109026002811,0.0007960144512577647,0.2607953956939726,0.2607953956939726,0.0,0.0,0.0,0.0,1.0,1.0,0.14095164835453033,0.3191007375717163,0.6805016994476318,0.6805016994476318,103.79175567626953,190.1678924560547,0,0.0,0.0,0.0,0,0.0,0.0,0.0,0.0,0.0,0.0,0.0,0.0,0.0,6.538044630971729,6.875694667218965,2.8288629055023193,17.571420669555664,0.32550708818869123,0.9041960319848035,1.0,1.0,canonical,unweighted-eps,1.0,2e-05,0.0003309750919646873,15145,0.00030045962513363886,0.0016855332929088796,0.0003309750919646873,0.005477225575051662,14781,0.0026904717299452846,0.015157590890461405,0.005477225575051662,0.09064126192070304,15014,0.02951389177591581,0.17326929778221906,0.09064126192070304,1.5000000000000002,14964,0.07800213225829158,0.6770688634733247
20,cotrain,0.11002407168858072,0.02446167284829749,0.04147610897755521,0.04147610897755521,1.287955619110878,1.2570632584074624,0.4892248428530163,0.4925235248783715,0.6885955136301171,-0.7089795582314842,0.21626062891804254,0.21598429834613433,0.027522728531661197,0.027522728531661197,0.027799058705568314,0.0,0.1105320676524415,0.3581559442811542,0.060580588733920686,0.0,0.0,0.0,0.0,1.0,1.0,0.1,1.0,0.0008,0.0,0.0004972271814367539,0.0007955601562484296,0.2529941610673554,0.2529941610673554,0.0,0.0,0.0,0.0,1.0,1.0,0.13302764296531677,0.300168514251709,0.5873413681983948,0.5873413681983948,105.22782897949219,193.40139770507812,0,0.0,0.0,0.0,0,0.0,0.0,0.0,0.0,0.0,0.0,0.0,0.0,0.0,6.538252389329111,6.875941430096665,2.8288629055023193,17.571420669555664,0.32552105965059264,0.9041885955763003,1.0,1.0,canonical,unweighted-eps,1.0,2e-05,0.0003309750919646873,14849,0.00030672385255275605,0.0017201177289407016,0.0003309750919646873,0.005477225575051662,15029,0.00268057283809485,0.015101637762894816,0.005477225575051662,0.09064126192070304,15001,0.0290534943590545,0.17052222857371338,0.09064126192070304,1.5000000000000002,15025,0.07774037874478866,0.6740642185814171
21,cotrain,0.10948209324453631,0.024297216270341832,0.041428839923161216,0.041428839923161216,1.287213901070108,1.2570108409620757,0.4902751697943761,0.48794684667363125,0.6888756608096962,-0.7182155280795872,0.21630127826689655,0.2160213996266198,0.027497936143643327,0.027497936143643327,0.027777814258558627,0.0,0.111951273221236,0.3602480785204814,0.060148346269678354,0.0,0.0,0.0,0.0,1.0,1.0,0.1,1.0,0.0008,0.0,0.0004969282409784868,0.0007950814920677575,0.23561023100892192,0.23561023100892192,0.0,0.0,0.0,0.0,1.0,1.0,0.13307027518749237,0.31767529249191284,0.5970726013183594,0.5970726013183594,106.66870880126953,196.54930114746094,0,0.0,0.0,0.0,0,0.0,0.0,0.0,0.0,0.0,0.0,0.0,0.0,0.0,6.540505883021233,6.878274087307009,2.8288629055023193,17.571420669555664,0.3255026718188325,0.9041983825876593,1.0,1.0,canonical,unweighted-eps,1.0,2e-05,0.0003309750919646873,15027,0.0002919801445578094,0.0016382737706848634,0.0003309750919646873,0.005477225575051662,15020,0.0026819746450244507,0.015110140308717913,0.005477225575051662,0.09064126192070304,14915,0.02977078431331188,0.17479679513369237,0.09064126192070304,1.5000000000000002,14942,0.07753542198456366,0.6747342452293195
22,cotrain,0.10884632926402438,0.024241309290608533,0.04156518896293436,0.04156518896293436,1.2893135647341503,1.2577961156001458,0.4896774696998107,0.4764492265943788,0.6878607535464132,-0.7421447946729823,0.21513464473761046,0.21485054661702907,0.027375340015969724,0.027375340015969724,0.027659438490772095,0.0,0.11363938282060827,0.3662851358262392,0.05955528963802972,0.0,0.0,0.0,0.0,1.0,1.0,0.1,1.0,0.0008,0.0,0.0004966140996655356,0.00079457848824201,0.2398072619818979,0.2398072619818979,0.0,0.0,0.0,0.0,1.0,1.0,0.13311290740966797,0.33157581090927124,0.49535033106803894,0.49535033106803894,108.10379791259766,199.65606689453125,0,0.0,0.0,0.0,0,0.0,0.0,0.0,0.0,0.0,0.0,0.0,0.0,0.0,6.551356544861426,6.895202591324292,2.8288629055023193,17.571420669555664,0.32821344301087907,0.9027518967429182,1.0,1.0,canonical,unweighted-eps,1.0,2e-05,0.0003309750919646873,14786,0.0002883924470515764,0.0016165682099921832,0.0003309750919646873,0.005477225575051662,14988,0.0026587568069871568,0.01497939424472457,0.005477225575051662,0.09064126192070304,15133,0.029525331024892628,0.17337399177208443,0.09064126192070304,1.5000000000000002,14997,0.0766134503571806,0.6666883222657919
23,cotrain,0.107767500811153,0.023990428891096614,0.040974790612474464,0.040974790612474464,1.2800798049425863,1.249949718387718,0.4901683894105447,0.4742420450107664,0.6879674766817664,-0.746490779468137,0.21300522769745597,0.2127203531563282,0.027141476559460673,0.027141476559460673,0.02742635115630861,0.0,0.11394985469105916,0.3625511571637586,0.05904012850016101,0.0,0.0,0.0,0.0,1.0,1.0,0.1,1.0,0.0008,0.0,0.0004962847768756161,0.0007940511757988322,0.2271917950298287,0.2271917950298287,0.0,0.0,0.0,0.0,1.0,1.0,0.1291130781173706,0.2969835698604584,0.5174014568328857,0.5174014568328857,109.53805541992188,202.71572875976562,0,0.0,0.0,0.0,0,0.0,0.0,0.0,0.0,0.0,0.0,0.0,0.0,0.0,6.525798356431162,6.861708694789921,2.8288629055023193,17.571420669555664,0.32495849245276315,0.9044878701540995,1.0,1.0,canonical,unweighted-eps,1.0,2e-05,0.0003309750919646873,14951,0.0002902359863807097,0.0016275015127971,0.0003309750919646873,0.005477225575051662,15192,0.0026393430501226536,0.014870040568907113,0.005477225575051662,0.09064126192070304,14975,0.02938161472844361,0.1724314827194596,0.09064126192070304,1.5000000000000002,14786,0.07719850641746216,0.6702556577213205
24,cotrain,0.10738025387573956,0.023922367916943934,0.040792568554926634,0.040792568554926634,1.2772501052665346,1.2462303169772155,0.49729535715956974,0.4714143078169252,0.6920209814850081,-0.7524981471972588,0.21339324419187683,0.2131051246363383,0.027274139918004855,0.027274139918004855,0.027562259179022577,0.0,0.1152476996788357,0.3668447994014137,0.05868328013258357,0.0,0.0,0.0,0.0,1.0,1.0,0.1,1.0,0.0008,0.0,0.0004959402929229092,0.0007934995872653397,0.23002933605741233,0.23002933605741233,0.0,0.0,0.0,0.0,1.0,1.0,0.13096502423286438,0.2912885844707489,0.6500495672225952,0.6500495672225952,110.93502807617188,205.69290161132812,0,0.0,0.0,0.0,0,0.0,0.0,0.0,0.0,0.0,0.0,0.0,0.0,0.0,6.521036982536316,6.850290027632664,2.8288629055023193,17.571420669555664,0.3217625476603529,0.9061819521004888,1.0,1.0,canonical,unweighted-eps,1.0,2e-05,0.0003309750919646873,15007,0.0002766069456081739,0.0015514548576262613,0.0003309750919646873,0.005477225575051662,14988,0.0025873788453992493,0.014576877147945557,0.005477225575051662,0.09064126192070304,15002,0.02937836816526702,0.17247011338594898,0.09064126192070304,1.5000000000000002,14907,0.07715604224818856,0.6665789095650274
25,cotrain,0.10824733287987547,0.024009843269347124,0.041824287726965725,0.041824287726965725,1.2934513126808165,1.2623874973028133,0.5117491600859878,0.4745880985616619,0.7007037782006793,-0.7458901076744764,0.21476003534009314,0.21447060190332243,0.027319150121134315,0.027319150121134315,0.027608583378804546,0.0,0.1157732833431572,0.3734538411228066,0.05830448227496738,0.0,0.8516373552827754,0.2621550415759472,0.0,1.0,1.0,0.1,1.0,0.0008,0.0,0.0004955806690568078,0.0007929237566661112,0.2293034448232661,0.2293034448232661,0.0,0.0,0.0,0.0,1.0,1.0,0.14118769764900208,0.30815842747688293,0.5662438273429871,0.5662438273429871,112.32987976074219,208.6171112060547,0,0.0,0.0,0.0,0,0.0,0.0,0.0,0.0,0.0,0.0,0.0,0.0,0.0,6.53583532724625,6.873194252116801,2.8288629055023193,17.571420669555664,0.32541957602843213,0.9042426064664428,1.0,1.0,canonical,unweighted-eps,1.0,2e-05,0.0003309750919646873,15044,0.0002624209706761424,0.001471647682701993,0.0003309750919646873,0.005477225575051662,14934,0.0025509857297346776,0.014371996347095108,0.005477225575051662,0.09064126192070304,14922,0.0292813166338866,0.17199665372708162,0.09064126192070304,1.5000000000000002,15004,0.07714917889533758,0.669444279809279
26,cotrain,0.10817053520845042,0.024041668177606203,0.04128116807844649,0.04128116807844649,1.2849477387163548,1.2539082439536722,0.5141249352540725,0.46443214878821987,0.7004797459922285,-0.7676275327929065,0.21492820978164673,0.2146333575121358,0.027373274330559194,0.027373274330559194,0.027668126377189517,0.0,0.1179408383770631,0.378622150573975,0.0579852998479564,0.0,0.7969785336500559,0.38567533583975294,0.0,1.0,1.0,0.1,1.0,0.0008,0.0,0.0004952059274606059,0.0007923237195210905,0.23798793530425963,0.23798793530425963,0.0,0.0,0.0,0.0,1.0,1.0,0.1291624903678894,0.3003701865673065,0.5660229325294495,0.5660229325294495,113.72672271728516,211.5338897705078,0,0.0,0.0,0.0,0,0.0,0.0,0.0,0.0,0.0,0.0,0.0,0.0,0.0,6.534563816510714,6.87396525826506,2.8288629055023193,17.571420669555664,0.32646062430214495,0.9036880546058802,1.0,1.0,canonical,unweighted-eps,1.0,2e-05,0.0003309750919646873,14990,0.0002764813553820239,0.001550864956631829,0.0003309750919646873,0.005477225575051662,15078,0.002644776968632078,0.014900649478603444,0.005477225575051662,0.09064126192070304,15102,0.030023422663992657,0.1762647633204601,0.09064126192070304,1.5000000000000002,14734,0.07753037133695184,0.6751409521966352
27,cotrain,0.10777496758243467,0.02396773003662626,0.04137975763147458,0.04137975763147458,1.2865346547149241,1.2545189536534822,0.5260822062308972,0.4648204757234989,0.7073331651015159,-0.7665514630130214,0.21444242594079074,0.21414878451798716,0.02738393098115921,0.02738393098115921,0.027677572559183225,0.0,0.11745663319961128,0.37896111578895497,0.057593498999873795,0.0,0.7927964713074204,0.3978365080300848,0.0,1.0,1.0,0.1,1.0,0.0008,0.0,0.0004948160912501304,0.0007916995128433954,0.22238711756455082,0.22238711756455082,0.0,0.0,0.0,0.0,1.0,1.0,0.13481652736663818,0.3138282895088196,0.5822407007217407,0.5822407007217407,115.10166931152344,214.404052734375,0,0.0,0.0,0.0,0,0.0,0.0,0.0,0.0,0.0,0.0,0.0,0.0,0.0,6.526135666757567,6.860576180970335,2.8288629055023193,17.571420669555664,0.3242203730056007,0.9048800495566349,1.0,1.0,canonical,unweighted-eps,1.0,2e-05,0.0003309750919646873,14843,0.0002675094232146373,0.0015009056222348059,0.0003309750919646873,0.005477225575051662,15248,0.002624135446594979,0.01478485562638277,0.005477225575051662,0.09064126192070304,14935,0.029707024787475642,0.17440307431688745,0.09064126192070304,1.5000000000000002,14878,0.07748011315056419,0.6705162952401046
28,cotrain,0.10686697226622675,0.02375448076054454,0.041075934727604575,0.041075934727604575,1.2817623679754997,1.2494507730007172,0.5288303995616416,0.4591490278641383,0.708145910093927,-0.7788554003350755,0.2124900883780076,0.21219615787904486,0.027243847966703594,0.027243847966703594,0.02753777900296781,0.0,0.11757239345938732,0.3772653984144712,0.05712163125156847,0.0,0.7942812124378661,0.3949251289085911,0.0,1.0,1.0,0.1,1.0,0.0008,0.0,0.0004944111844723152,0.000791051175137034,0.22113871356297252,0.22113871356297252,0.0,0.0,0.0,0.0,1.0,1.0,0.12434087693691254,0.2992042899131775,0.5066383481025696,0.5066383481025696,116.4640884399414,217.2965087890625,0,0.0,0.0,0.0,0,0.0,0.0,0.0,0.0,0.0,0.0,0.0,0.0,0.0,6.514125130115411,6.842299130966906,2.8288629055023193,17.571420669555664,0.32139646228800733,0.9063753377406584,1.0,1.0,canonical,unweighted-eps,1.0,2e-05,0.0003309750919646873,15143,0.00025661207682277875,0.0014395554468379125,0.0003309750919646873,0.005477225575051662,14866,0.002596078368877877,0.014626339934971777,0.005477225575051662,0.09064126192070304,15124,0.0296591928071586,0.17409905555607055,0.09064126192070304,1.5000000000000002,14771,0.07724396842373918,0.6661086027901947
29,cotrain,0.10799507694876093,0.024018416714528177,0.04175136948370526,0.04175136948370526,1.2923367206269134,1.25969217883216,0.5402577297809796,0.4610754972976497,0.7144952322173322,-0.7748679061475982,0.21713975154691273,0.21684448204488835,0.027578581415084947,0.027578581415084947,0.027873851000689544,0.0,0.11810783715520659,0.3809249796546422,0.057347223608412295,0.0,0.7932886994547315,0.39685266237093025,0.0,1.0,1.0,0.1,1.0,0.0008,0.0,0.0004939912321037174,0.0007903787463945296,0.21730603287235284,0.21730603287235284,0.0,0.0,0.0,0.0,1.0,1.0,0.13299722969532013,0.2995215654373169,0.5255868434906006,0.5255868434906006,117.83582305908203,220.16978454589844,0,0.0,0.0,0.0,0,0.0,0.0,0.0,0.0,0.0,0.0,0.0,0.0,0.0,6.553380227496481,6.89716914940793,2.8288629055023193,17.571420669555664,0.32813350998703056,0.9027946547155133,1.0,1.0,canonical,unweighted-eps,1.0,2e-05,0.0003309750919646873,15084,0.0002635394219515064,0.001478274738862103,0.0003309750919646873,0.005477225575051662,14739,0.0026350929537984295,0.014846043836772018,0.005477225575051662,0.09064126192070304,14995,0.02951702800302674,0.17326033155931636,0.09064126192070304,1.5000000000000002,15086,0.07733299993605793,0.6728555639368872
30,cotrain,0.10727375971837941,0.023891481423639078,0.04132252728614288,0.04132252728614288,1.2856519651461333,1.253544928935858,0.5436157703909099,0.46081032221898055,0.7160351825320822,-0.7753204616725954,0.2150878624783622,0.2147928883886745,0.027358367772470426,0.027358367772470426,0.02765334176663787,0.0,0.11798957042778149,0.3775826495172631,0.0570196360668056,0.0,0.7905713817757419,0.4040162372890398,0.0,1.0,1.0,0.1,1.0,0.0008,0.0,0.0004935562600489774,0.0007896822680944549,0.21537337789678165,0.21537337789678165,0.0,0.0,0.0,0.0,1.0,1.0,0.13002213835716248,0.3066915273666382,0.5008061528205872,0.5008061528205872,119.19512176513672,222.88905334472656,0,0.0,0.0,0.0,0,0.0,0.0,0.0,0.0,0.0,0.0,0.0,0.0,0.0,6.535867943722978,6.874715937605104,2.8288629055023193,17.571420669555664,0.3261542440491773,0.9038513723219044,1.0,1.0,canonical,unweighted-eps,1.0,2e-05,0.0003309750919646873,15058,0.0002550400566040771,0.0014299932702275398,0.0003309750919646873,0.005477225575051662,15038,0.0025919096588727752,0.01460344336747584,0.005477225575051662,0.09064126192070304,14845,0.029540029042656072,0.17338832157876363,0.09064126192070304,1.5000000000000002,14963,0.07735991445301864,0.6717813373655669
31,cotrain,0.10710906137067538,0.023824862690053433,0.0409947549765054,0.0409947549765054,1.2804618352186485,1.2458185263169117,0.5396607050783614,0.4516892855366071,0.7126925117694415,-0.7953891715942285,0.21619042209707773,0.21589295177632928,0.027438942725077655,0.027438942725077655,0.02773641311348631,0.0,0.11898815187697227,0.3774467322052035,0.05690039143475712,0.0,0.7869834173948337,0.40055793621077956,0.0,1.0,1.0,0.1,1.0,0.0008,0.0,0.0004931062951392202,0.0007889617831988719,0.2162326865343966,0.2162326865343966,0.0,0.0,0.0,0.0,1.0,1.0,0.12911516427993774,0.2962239980697632,0.5720319151878357,0.5720319151878357,120.52972412109375,225.6481170654297,0,0.0,0.0,0.0,0,0.0,0.0,0.0,0.0,0.0,0.0,0.0,0.0,0.0,6.548708360419314,6.8900715507182335,2.8288629055023193,17.571420669555664,0.3270639029895193,0.903366198129572,1.0,1.0,canonical,unweighted-eps,1.0,2e-05,0.0003309750919646873,15126,0.0002557721335048544,0.001435400266582044,0.0003309750919646873,0.005477225575051662,14892,0.002601487461248377,0.014657123366047098,0.005477225575051662,0.09064126192070304,14823,0.029655637192531514,0.1741055807410758,0.09064126192070304,1.5000000000000002,15063,0.07710992175649696,0.6713203618720036
32,cotrain,0.10646405161764377,0.02367914118207036,0.04073515482660797,0.04073515482660797,1.276341191145693,1.2441736281427562,0.5385403633117676,0.44357637010323697,0.7110917505800215,-0.8132875486571565,0.21626697439286444,0.21596289177735647,0.02756470310477874,0.02756470310477874,0.027868785919287264,0.0,0.12163314325177771,0.38289870353590727,0.05637074757813134,0.0,0.7803999554907155,0.40901151709158123,0.0,1.0,1.0,0.1,1.0,0.0008,0.0,0.0004926413651304013,0.0007882173361506828,0.21317136217641014,0.21317136217641014,0.0,0.0,0.0,0.0,1.0,1.0,0.12751713395118713,0.2917883098125458,0.46746504306793213,0.46746504306793213,121.8690414428711,228.2428741455078,0,0.0,0.0,0.0,0,0.0,0.0,0.0,0.0,0.0,0.0,0.0,0.0,0.0,6.534433567625845,6.8687312661360025,2.8288629055023193,17.571420669555664,0.32393839463210017,0.9050297251739406,1.0,1.0,canonical,unweighted-eps,1.0,2e-05,0.0003309750919646873,14979,0.0002458938558034634,0.0013798881752149262,0.0003309750919646873,0.005477225575051662,14860,0.0026121849863517976,0.014717418939115863,0.005477225575051662,0.09064126192070304,15145,0.029812403463538074,0.17500070403140935,0.09064126192070304,1.5000000000000002,14920,0.07756211883101323,0.6734105342195117
33,cotrain,0.10613638676830336,0.023602085685532573,0.04088873097784499,0.04088873097784499,1.2787851024396708,1.2437374910228274,0.5433515920343562,0.446983031100697,0.7141914936976556,-0.8058733873897128,0.21509366947361547,0.21479030488393244,0.027402055903505057,0.027402055903505057,0.027705420517068133,0.0,0.12134586314423981,0.3833397515436523,0.0561419703050429,0.0,0.7766698936366627,0.4150551936912122,0.0,1.0,1.0,0.1,1.0,0.0008,0.0,0.0004921614987015934,0.0007874489728708883,0.21256507414146367,0.21256507414146367,0.0,0.0,0.0,0.0,1.0,1.0,0.1295543611049652,0.2976410984992981,0.5278884768486023,0.5278884768486023,123.1651840209961,230.9647674560547,0,0.0,0.0,0.0,0,0.0,0.0,0.0,0.0,0.0,0.0,0.0,0.0,0.0,6.534950119817359,6.869337541242908,2.8288629055023193,17.571420669555664,0.32396982315172296,0.9050130467466121,1.0,1.0,canonical,unweighted-eps,1.0,2e-05,0.0003309750919646873,14928,0.00025792539813221377,0.001446838787754864,0.0003309750919646873,0.005477225575051662,14938,0.0026024562874174227,0.014662524075022278,0.005477225575051662,0.09064126192070304,15058,0.029501581064558136,0.17316097211894768,0.09064126192070304,1.5000000000000002,14980,0.07707157178778197,0.6688059620927268
34,cotrain,0.10626884162999116,0.023617694604122996,0.04195662849765812,0.04195662849765812,1.2954503627989546,1.2600144051079056,0.5471785155117003,0.4464312703308896,0.7162368123093222,-0.8068043083971382,0.21398717136337206,0.213686460422145,0.02722629435901713,0.02722629435901713,0.027527004810702853,0.0,0.1202842024847483,0.38800601839509785,0.056010019161507614,0.0,0.7727291703733623,0.422768922087226,0.0,1.0,1.0,0.1,1.0,0.0008,0.0,0.0004916667254532183,0.0007866567407557546,0.20024682054471257,0.20024682054471257,0.0,0.0,0.0,0.0,1.0,1.0,0.12688829004764557,0.30886340141296387,0.4601440727710724,0.4601440727710724,124.49240112304688,233.60572814941406,0,0.0,0.0,0.0,0,0.0,0.0,0.0,0.0,0.0,0.0,0.0,0.0,0.0,6.537807080480787,6.879825403752027,2.8288629055023193,17.571420669555664,0.3276653603580851,0.9030449505922911,1.0,1.0,canonical,unweighted-eps,1.0,2e-05,0.0003309750919646873,15026,0.000254980328268574,0.001430179388135271,0.0003309750919646873,0.005477225575051662,15006,0.0025873848932330868,0.0145775810078702,0.005477225575051662,0.09064126192070304,14990,0.029489920519446437,0.17313354371626272,0.09064126192070304,1.5000000000000002,14882,0.07702273888191281,0.6696116700958715
35,cotrain,0.10577421495292941,0.023575287292369157,0.040781480857195,0.040781480857195,1.277078839818844,1.2421352009997408,0.543005969789293,0.44590231222219956,0.7135317584133556,-0.8081693232823641,0.21477389622193116,0.21446779972085586,0.027374770396795027,0.027374770396795027,0.027680867061050784,0.0,0.12243868714660151,0.38475971796319014,0.055788920340566046,0.0,0.7679329064921436,0.42660377516100806,0.0,1.0,1.0,0.1,1.0,0.0008,0.0,0.0004911570759052206,0.0007858406886738905,0.21074518298682493,0.21074518298682493,0.0,0.0,0.0,0.0,1.0,1.0,0.13033147156238556,0.3152815103530884,0.43348121643066406,0.43348121643066406,125.78874206542969,236.20689392089844,0,0.0,0.0,0.0,0,0.0,0.0,0.0,0.0,0.0,0.0,0.0,0.0,0.0,6.5347734119138146,6.870934098162897,2.8288629055023193,17.571420669555664,0.32485368475866083,0.9045435904301399,1.0,1.0,canonical,unweighted-eps,1.0,2e-05,0.0003309750919646873,15040,0.0002479386970585341,0.0013909221410087528,0.0003309750919646873,0.005477225575051662,14910,0.0025821368440505964,0.014548160064788093,0.005477225575051662,0.09064126192070304,15033,0.029857368900780192,0.17535490592558656,0.09064126192070304,1.5000000000000002,14921,0.07699107053204617,0.6684227736272199
36,cotrain,0.10592337341135384,0.02353421908715724,0.04154969703278735,0.04154969703278735,1.2891090088274038,1.254689511580345,0.5422266859274644,0.44530439873536426,0.7134096771478653,-0.8093256751696268,0.21514506300545147,0.21484141328778023,0.02731185582362943,0.02731185582362943,0.027615505537320662,0.0,0.12145989549019907,0.382221658133034,0.05567352903576998,0.0,0.7613508284856112,0.4348947275489664,0.0,1.0,1.0,0.1,1.0,0.0008,0.0,0.0004906325814951849,0.0007850008669632322,0.20160289183577412,0.20160289183577412,0.0,0.0,0.0,0.0,1.0,1.0,0.13811318576335907,0.32129180431365967,0.43781813979148865,0.43781813979148865,127.07621002197266,238.77581787109375,0,0.0,0.0,0.0,0,0.0,0.0,0.0,0.0,0.0,0.0,0.0,0.0,0.0,6.548564784547203,6.889878874404438,2.8288629055023193,17.571420669555664,0.32704345903171494,0.9033771111993478,1.0,1.0,canonical,unweighted-eps,1.0,2e-05,0.0003309750919646873,14881,0.00025114398397714066,0.0014091406716487556,0.0003309750919646873,0.005477225575051662,15029,0.002555026714485224,0.0143955946117352,0.005477225575051662,0.09064126192070304,14891,0.02950499923119863,0.17320543740948632,0.09064126192070304,1.5000000000000002,15103,0.07644797055790584,0.6656516601824172
37,cotrain,0.10572615902648012,0.023425622301924433,0.041447374635399915,0.041447374635399915,1.2875072364573692,1.2562901459188542,0.5443505349322262,0.4442307182356843,0.7142097811158906,-0.8118264476458231,0.2165880949419533,0.21628109572662246,0.027506577499752115,0.027506577499752115,0.027813576699162904,0.0,0.12279967973247552,0.38728159366764575,0.05542985493173966,0.0,0.7596302683282102,0.4368541270305908,0.0,1.0,1.0,0.1,1.0,0.0008,0.0,0.0004900932745763971,0.0007841373274279389,0.1925264559367783,0.1925264559367783,0.0,0.0,0.0,0.0,1.0,1.0,0.13234089314937592,0.30111509561538696,0.3954062759876251,0.3954062759876251,128.36355590820312,241.3436737060547,0,0.0,0.0,0.0,0,0.0,0.0,0.0,0.0,0.0,0.0,0.0,0.0,0.0,6.544535704148122,6.88276449571803,2.8288629055023193,17.571420669555664,0.32562729007953023,0.9041320472484103,1.0,1.0,canonical,unweighted-eps,1.0,2e-05,0.0003309750919646873,15053,0.00024427381549670276,0.0013704941651506027,0.0003309750919646873,0.005477225575051662,14840,0.00255812516164868,0.014412848335110917,0.005477225575051662,0.09064126192070304,14888,0.029399176369922127,0.17256757335147827,0.09064126192070304,1.5000000000000002,15123,0.07726108932482505,0.6713218243122259
38,cotrain,0.10501650424721913,0.02327146750086775,0.041448911293767966,0.041448911293767966,1.2875589750845604,1.2553908330762489,0.548771147417207,0.44750016577478147,0.7170800840498036,-0.8047089707902354,0.214655225411949,0.21434827266722664,0.027386509670087926,0.027386509670087926,0.02769346261381084,0.0,0.12278114942212899,0.38802284091456324,0.054983442545764975,0.0,0.7530914255951204,0.4435648093010999,0.0,1.0,1.0,0.1,1.0,0.0008,0.0,0.0004895391884158485,0.0007832501233351966,0.19581442561923948,0.19581442561923948,0.0,0.0,0.0,0.0,1.0,1.0,0.12726852297782898,0.2930740416049957,0.43508002161979675,0.43508002161979675,129.6313934326172,243.92080688476562,0,0.0,0.0,0.0,0,0.0,0.0,0.0,0.0,0.0,0.0,0.0,0.0,0.0,6.526211520545503,6.85682427150345,2.8288629055023193,17.571420669555664,0.3223116280096984,0.9058916411294881,1.0,1.0,canonical,unweighted-eps,1.0,2e-05,0.0003309750919646873,14994,0.00025434814034445004,0.0014270933113154434,0.0003309750919646873,0.005477225575051662,14872,0.0025881895103610575,0.014582641837560343,0.005477225575051662,0.09064126192070304,14962,0.029275776610991452,0.17188054319212676,0.09064126192070304,1.5000000000000002,15076,0.07695887851190049,0.665320466512962
39,cotrain,0.10526110547093245,0.023354209231164973,0.04140721224089209,0.04140721224089209,1.286880804749425,1.2540098596841862,0.5439968700082893,0.4409706330197489,0.714186957376635,-0.8193696501672777,0.21451512889729607,0.2142087071815617,0.027236458534995716,0.027236458534995716,0.027542880195009913,0.0,0.12256866766728906,0.38429475779462063,0.05519616384950713,0.0,0.7523044541350796,0.44659099146434317,0.0,1.0,1.0,0.1,1.0,0.0008,0.0,0.0004889703571921831,0.000782339309411933,0.20622063055634499,0.20622063055634499,0.0,0.0,0.0,0.0,1.0,1.0,0.1306832879781723,0.30418068170547485,0.47827020287513733,0.47827020287513733,130.8780517578125,246.4067840576172,0,0.0,0.0,0.0,0,0.0,0.0,0.0,0.0,0.0,0.0,0.0,0.0,0.0,6.54940202093532,6.892486644313636,2.8288629055023193,17.571420669555664,0.3278907193128494,0.902924489867982,1.0,1.0,canonical,unweighted-eps,1.0,2e-05,0.0003309750919646873,14762,0.00023531757228320235,0.0013199668735227373,0.0003309750919646873,0.005477225575051662,14999,0.002510276903044471,0.014143455160865069,0.005477225575051662,0.09064126192070304,15003,0.02903667084178964,0.17048099008725578,0.09064126192070304,1.5000000000000002,15140,0.07627544483388904,0.6633163166172124
40,cotrain,0.10408845599581543,0.023136837208946038,0.040725599074911356,0.040725599074911356,1.2761394930339442,1.2453812477935073,0.5401767918951491,0.4352747384681661,0.7106914572481416,-0.8321910024198711,0.21285425349433199,0.21254200739865628,0.027159173499283373,0.027159173499283373,0.027471419885499865,0.0,0.12489854601713327,0.38783964814029187,0.054515909085161664,0.0,0.7530231869373566,0.44399533732933527,0.0,1.0,1.0,0.1,1.0,0.0008,0.0,0.0004883868159935905,0.0007814049418414411,0.19163094058187088,0.19163094058187088,0.0,0.0,0.0,0.0,1.0,1.0,0.12635917961597443,0.29759183526039124,0.44379231333732605,0.44379231333732605,132.125,248.8504180908203,0,0.0,0.0,0.0,0,0.0,0.0,0.0,0.0,0.0,0.0,0.0,0.0,0.0,6.531516343100458,6.866872023673301,2.8288629055023193,17.571420669555664,0.3245376572691284,0.9047115369405119,1.0,1.0,canonical,unweighted-eps,1.0,2e-05,0.0003309750919646873,15107,0.00024422832012944404,0.0013699543905818835,0.0003309750919646873,0.005477225575051662,14997,0.00257632071524312,0.014515355103189345,0.005477225575051662,0.09064126192070304,14855,0.029818285065281475,0.17503947322515476,0.09064126192070304,1.5000000000000002,14945,0.07639115861763161,0.6619954750186107
41,cotrain,0.10456845278923328,0.02322621986620192,0.041334346279056154,0.041334346279056154,1.2857169046548838,1.2539376384682126,0.5423329731720126,0.43799620179029614,0.7127071392332387,-0.8261449922863234,0.2150021327070446,0.21468985493048134,0.0272699553742368,0.0272699553742368,0.027582233409500785,0.0,0.12491120020739543,0.3880816343694161,0.054504661096466914,0.0,0.7512146165737739,0.44510056859013647,0.0,1.0,1.0,0.1,1.0,0.0008,0.0,0.0004877886008156405,0.000780447078259914,0.19170685287596834,0.19170685287596834,0.0,0.0,0.0,0.0,1.0,1.0,0.12640585005283356,0.29269424080848694,0.42133092880249023,0.42133092880249023,133.35496520996094,251.30580139160156,0,0.0,0.0,0.0,0,0.0,0.0,0.0,0.0,0.0,0.0,0.0,0.0,0.0,6.549387221662407,6.891576540723145,2.8288629055023193,17.571420669555664,0.32745208626332206,0.90315890491641,1.0,1.0,canonical,unweighted-eps,1.0,2e-05,0.0003309750919646873,14865,0.00023875271286245272,0.0013399472254025508,0.0003309750919646873,0.005477225575051662,14974,0.0025460329964106148,0.014345210729731854,0.005477225575051662,0.09064126192070304,14992,0.02942690809268262,0.17280862950337225,0.09064126192070304,1.5000000000000002,15073,0.07634431432572024,0.6657805724046862
42,cotrain,0.10424894599132559,0.02305519149805873,0.041715885042889506,0.041715885042889506,1.2916626408571812,1.25707788599862,0.5420950764519537,0.4378419380921584,0.7125396985783536,-0.826230577678762,0.2145420537990892,0.21423063341241616,0.027250975621147797,0.027250975621147797,0.027562395920260593,0.0,0.124568123004248,0.389851527973118,0.05422572874360614,0.0,0.7475911260415347,0.45316462632632837,0.0,1.0,1.0,0.1,1.0,0.0008,0.0,0.0004871757485590631,0.0007794657777528892,0.18520461024445856,0.18520461024445856,0.0,0.0,0.0,0.0,1.0,1.0,0.12596487998962402,0.3325912058353424,0.41626909375190735,0.41626909375190735,134.59954833984375,253.7678985595703,0,0.0,0.0,0.0,0,0.0,0.0,0.0,0.0,0.0,0.0,0.0,0.0,0.0,6.540337251801776,6.876435563455067,2.8288629055023193,17.571420669555664,0.3246811347655534,0.9046353012160441,1.0,1.0,canonical,unweighted-eps,1.0,2e-05,0.0003309750919646873,14949,0.00024469679462487255,0.0013715809637765252,0.0003309750919646873,0.005477225575051662,15023,0.00254706263563005,0.01435043048657884,0.005477225575051662,0.09064126192070304,14837,0.029115015303276294,0.1709377568968626,0.09064126192070304,1.5000000000000002,15095,0.07674994851706557,0.6665106379460641
43,cotrain,0.10363995347522263,0.02292085871593947,0.0412509096149578,0.0412509096149578,1.2843319484044684,1.2524912380255186,0.5352013852351751,0.42764750390480727,0.7070099317874664,-0.8501583663826315,0.21290113948858702,0.21258249999875697,0.02716939064522839,0.02716939064522839,0.027488030079338286,0.0,0.12745577816525075,0.39351937735182607,0.05402359632281666,0.0,0.7465694383678273,0.4534592910536476,0.0,1.0,1.0,0.1,1.0,0.0008,0.0,0.0004865482970274723,0.0007784611008516046,0.19596014620784002,0.19596014620784002,0.0,0.0,0.0,0.0,1.0,1.0,0.13416031002998352,0.30236485600471497,0.5361006259918213,0.5361006259918213,135.82229614257812,256.1758117675781,0,0.0,0.0,0.0,0,0.0,0.0,0.0,0.0,0.0,0.0,0.0,0.0,0.0,6.523706438194992,6.849976429038095,2.8288629055023193,17.571420669555664,0.32019877473743785,0.9070070559739345,1.0,1.0,canonical,unweighted-eps,1.0,2e-05,0.0003309750919646873,15069,0.0002366585864012617,0.0013284623173950947,0.0003309750919646873,0.005477225575051662,14988,0.002590530803007048,0.014595866807785421,0.005477225575051662,0.09064126192070304,14953,0.029859613997158314,0.17530904927238097,0.09064126192070304,1.5000000000000002,14894,0.07645167797159569,0.6629759953200329
44,cotrain,0.10412713511186278,0.023084508653125193,0.04131817875000147,0.04131817875000147,1.2854302524767691,1.2527471256052327,0.5423862865337958,0.43310825233785516,0.7117863559824789,-0.837390507133598,0.21528807422544202,0.21496960571688464,0.027302836569455955,0.027302836569455955,0.027621305117813442,0.0,0.12738742559957197,0.39546097483899856,0.05408307854245361,0.0,0.7442506519902465,0.4590982601731124,0.0,1.0,1.0,0.1,1.0,0.0008,0.0,0.00048590628492503407,0.0007774331095292636,0.18052139004262593,0.18052139004262593,0.0,0.0,0.0,0.0,1.0,1.0,0.1267906278371811,0.316699743270874,0.4551538825035095,0.4551538825035095,137.0225372314453,258.5835876464844,0,0.0,0.0,0.0,0,0.0,0.0,0.0,0.0,0.0,0.0,0.0,0.0,0.0,6.553824652973403,6.897290869418874,2.8288629055023193,17.571420669555664,0.32796412986745943,0.9028852389132921,1.0,1.0,canonical,unweighted-eps,1.0,2e-05,0.0003309750919646873,14959,0.00024293537697856843,0.0013632968698675375,0.0003309750919646873,0.005477225575051662,14779,0.002543735391426267,0.014331845978380935,0.005477225575051662,0.09064126192070304,15052,0.02925769882754319,0.17167520483472137,0.09064126192070304,1.5000000000000002,15114,0.07634870356410461,0.665692747751367
45,cotrain,0.10377655506261393,0.0230148024419243,0.041467284322039694,0.041467284322039694,1.287727949446196,1.2554469569626017,0.5369371858417479,0.4285084689911614,0.7083956054133228,-0.8480435982983336,0.21456218918419293,0.21424349149068198,0.027247967831312846,0.027247967831312846,0.027566665867104743,0.0,0.12747921090986994,0.3952452569690525,0.053767378577309795,0.0,0.7408555678577504,0.4652297803097301,0.0,1.0,1.0,0.1,1.0,0.0008,0.0,0.00048524975185407904,0.0007763818671972134,0.18023953857457536,0.18023953857457536,0.0,0.0,0.0,0.0,1.0,1.0,0.12855444848537445,0.33252573013305664,0.45682206749916077,0.45682206749916077,138.22044372558594,261.01043701171875,0,0.0,0.0,0.0,0,0.0,0.0,0.0,0.0,0.0,0.0,0.0,0.0,0.0,6.550217610139113,6.891583335660544,2.8288629055023193,17.571420669555664,0.3270265092692531,0.9033861587357694,1.0,1.0,canonical,unweighted-eps,1.0,2e-05,0.0003309750919646873,14882,0.00024400165223437297,0.0013686534040604384,0.0003309750919646873,0.005477225575051662,14977,0.0025411179412220767,0.014316993531536386,0.005477225575051662,0.09064126192070304,14926,0.029352637289612828,0.17227083758472134,0.09064126192070304,1.5000000000000002,15119,0.07622562640479211,0.663266992054885
46,cotrain,0.10304562885982868,0.02283102707364238,0.041545462826442,0.041545462826442,1.2889084149608643,1.257876388537578,0.5322177897915881,0.4227845545889985,0.7051373262945403,-0.8613717927891984,0.21242328360676765,0.21210129409391656,0.027076437239511274,0.027076437239511274,0.02739842705683321,0.0,0.12879592403132692,0.3984446677769351,0.05336359706826699,0.0,0.74149769748378,0.4598298190966543,0.0,1.0,1.0,0.1,1.0,0.0008,0.0,0.0004845787383126596,0.0007753074387010328,0.18084525466602072,0.18084525466602072,0.0,0.0,0.0,0.0,1.0,1.0,0.12663376331329346,0.30154621601104736,0.4240107834339142,0.4240107834339142,139.4141387939453,263.30621337890625,0,0.0,0.0,0.0,0,0.0,0.0,0.0,0.0,0.0,0.0,0.0,0.0,0.0,6.526340617073907,6.858912105629734,2.8288629055023193,17.571420669555664,0.3232853752398558,0.9053760410317127,1.0,1.0,canonical,unweighted-eps,1.0,2e-05,0.0003309750919646873,14971,0.000230712035714298,0.0012946727174712393,0.0003309750919646873,0.005477225575051662,15159,0.0025633563348317306,0.014442905268565953,0.005477225575051662,0.09064126192070304,14965,0.029681341788699467,0.17424747140121588,0.09064126192070304,1.5000000000000002,14809,0.07667592055761031,0.6657964727801131
47,cotrain,0.10283240596325989,0.02276552542168488,0.04135614231579069,0.04135614231579069,1.2859955671793533,1.2544779115253024,0.5380462054004017,0.4287199476717884,0.7090443044136732,-0.8474580539852126,0.2122619754483557,0.21194421041470307,0.027032760135097127,0.027032760135097127,0.027350524965769205,0.0,0.12710593185491031,0.39233355517061347,0.053263307756019965,0.0,0.739289908327608,0.46401045337365643,0.0,1.0,1.0,0.1,1.0,0.0008,0.0,0.0004838932856920517,0.0007742098903165324,0.18251737297918552,0.18251737297918552,0.0,0.0,0.0,0.0,1.0,1.0,0.13086020946502686,0.31498393416404724,0.3794396221637726,0.3794396221637726,140.6005096435547,265.6202087402344,0,0.0,0.0,0.0,0,0.0,0.0,0.0,0.0,0.0,0.0,0.0,0.0,0.0,6.53859914571811,6.877626886742206,2.8288629055023193,17.571420669555664,0.32617305987616124,0.9038413451584785,1.0,1.0,canonical,unweighted-eps,1.0,2e-05,0.0003309750919646873,14891,0.00023537009049022595,0.001320588740743269,0.0003309750919646873,0.005477225575051662,15019,0.0025359151447249505,0.01428801728728386,0.005477225575051662,0.09064126192070304,15118,0.029476523391467772,0.17302399369865706,0.09064126192070304,1.5000000000000002,14876,0.07610598146418597,0.6618897973224982
48,cotrain,0.10303719647419758,0.02279567752733954,0.0413197020912527,0.0413197020912527,1.2854039052654698,1.2529991248733976,0.535588348395804,0.42498007219316614,0.7073186176200198,-0.8560777903876753,0.21430372551847726,0.2139831685548664,0.027278375338253558,0.027278375338253558,0.027598932210324157,0.0,0.12822275282417098,0.3957890056264706,0.05322368751861092,0.0,0.7348620012784616,0.47003951564910784,0.0,1.0,1.0,0.1,1.0,0.0008,0.0,0.00048319343627420175,0.0007730892897456665,0.1829505604174402,0.1829505604174402,0.0,0.0,0.0,0.0,1.0,1.0,0.12449782341718674,0.30992913246154785,0.4006481468677521,0.4006481468677521,141.76739501953125,267.9698486328125,0,0.0,0.0,0.0,0,0.0,0.0,0.0,0.0,0.0,0.0,0.0,0.0,0.0,6.534592041602502,6.867543546095569,2.8288629055023193,17.571420669555664,0.3232652449092035,0.9053867098557887,1.0,1.0,canonical,unweighted-eps,1.0,2e-05,0.0003309750919646873,14893,0.0002463614416593795,0.00138208210265181,0.0003309750919646873,0.005477225575051662,14975,0.0025485076995345707,0.01435871166458512,0.005477225575051662,0.09064126192070304,14917,0.028993891664346325,0.17017629310082133,0.09064126192070304,1.5000000000000002,15119,0.07670804619891625,0.6643510086525842
49,cotrain,0.10285456703068355,0.022810288064149965,0.04144881290789598,0.04144881290789598,1.2874165869369327,1.2556503598506634,0.5351841912055627,0.4236473734052772,0.707042638817404,-0.8591714360010929,0.213213464547681,0.21288983740358272,0.02713214984545723,0.02713214984545723,0.027455777435316745,0.0,0.12945101983272111,0.399294935612597,0.05307456662353033,0.0,0.7355910382973843,0.4699619272330768,0.0,1.0,1.0,0.1,1.0,0.0008,0.0,0.0004824792332291185,0.0007719457061123569,0.1788144278475362,0.1788144278475362,0.0,0.0,0.0,0.0,1.0,1.0,0.12683594226837158,0.3017390966415405,0.41215839982032776,0.41215839982032776,142.93902587890625,270.21392822265625,0,0.0,0.0,0.0,0,0.0,0.0,0.0,0.0,0.0,0.0,0.0,0.0,0.0,6.534746238309094,6.870122264918371,2.8288629055023193,17.571420669555664,0.3244655250556743,0.9047498559907846,1.0,1.0,canonical,unweighted-eps,1.0,2e-05,0.0003309750919646873,14799,0.00023040070767187855,0.0012931031137765263,0.0003309750919646873,0.005477225575051662,15018,0.002523956992767006,0.014220943766969675,0.005477225575051662,0.09064126192070304,15117,0.029086046690204957,0.17074666332692282,0.09064126192070304,1.5000000000000002,14970,0.07644061765116537,0.6639324499116234
50,cotrain,0.1023391023851358,0.022670433960027166,0.04094418073789431,0.04094418073789431,1.2794432182978714,1.247474315838936,0.5286328323885926,0.4140452854016907,0.7018194474980363,-0.8821730348798964,0.2132730646393238,0.21294646847069773,0.02704790703411031,0.02704790703411031,0.027374503473377127,0.0,0.13063856305029148,0.39778087116204774,0.05279237854206919,0.0,0.7338204894565109,0.47383327049160434,0.0,1.0,1.0,0.1,1.0,0.0008,0.0,0.00048175072061220985,0.0007707792099582286,0.18074257019111234,0.18074257019111234,0.0,0.0,0.0,0.0,1.0,1.0,0.1302296668291092,0.3298431634902954,0.4395495057106018,0.4395495057106018,144.08621215820312,272.5354309082031,0,0.0,0.0,0.0,0,0.0,0.0,0.0,0.0,0.0,0.0,0.0,0.0,0.0,6.53635890259702,6.876081478536833,2.8288629055023193,17.571420669555664,0.32657295485756044,0.9036281525519019,1.0,1.0,canonical,unweighted-eps,1.0,2e-05,0.0003309750919646873,14990,0.00024801914519900634,0.0013917873743387204,0.0003309750919646873,0.005477225575051662,15142,0.002584848695143953,0.014563196021465656,0.005477225575051662,0.09064126192070304,15019,0.029464610304446075,0.17290738759357369,0.09064126192070304,1.5000000000000002,14753,0.0769261341211974,0.6722748175981546
51,cotrain,0.10183813292373958,0.022578974131049,0.040870638110507757,0.040870638110507757,1.2782637991434334,1.2483592000272539,0.525949738919735,0.40971888003186285,0.6999051140414344,-0.8927752189656608,0.21100225213628548,0.210673635905115,0.026876347752399426,0.026876347752399426,0.0272049639119297,0.0,0.1314464670757198,0.39587842386502486,0.05260393754220926,0.0,0.7325021419514958,0.4737569357645494,0.0,1.0,1.0,0.1,1.0,0.0008,0.0,0.00048100794336156577,0.0007695898732382595,0.17687741756184489,0.17687741756184489,0.0,0.0,0.0,0.0,1.0,1.0,0.12367238104343414,0.2980409562587738,0.45422986149787903,0.45422986149787903,145.23379516601562,274.8116760253906,0,0.0,0.0,0.0,0,0.0,0.0,0.0,0.0,0.0,0.0,0.0,0.0,0.0,6.527079277568394,6.862449716056509,2.8288629055023193,17.571420669555664,0.32465803198124626,0.9046475781205773,1.0,1.0,canonical,unweighted-eps,1.0,2e-05,0.0003309750919646873,15267,0.00023305294840645602,0.0013079282363386607,0.0003309750919646873,0.005477225575051662,15041,0.0025962687606277653,0.014628490972658411,0.005477225575051662,0.09064126192070304,14819,0.029987439646943875,0.17597882534796527,0.09064126192070304,1.5000000000000002,14777,0.07599704781251096,0.6613228682325489
52,cotrain,0.10168834259876838,0.02250281875777958,0.04144353718043138,0.04144353718043138,1.287263449407356,1.2558597858644958,0.5301027733546037,0.41381510697368884,0.7027390566137102,-0.8827224271929163,0.21161917307310635,0.2112903039997969,0.027023268692418296,0.027023268692418296,0.02735213826322912,0.0,0.13154781700517887,0.40200719052655065,0.05225578853144096,0.0,0.732126874037278,0.4692490533189291,0.0,1.0,1.0,0.1,1.0,0.0008,0.0,0.00048025094729518586,0.0007683777693163406,0.176570031998886,0.176570031998886,0.0,0.0,0.0,0.0,1.0,1.0,0.12367077171802521,0.33341485261917114,0.3821733891963959,0.3821733891963959,146.3779296875,276.95892333984375,0,0.0,0.0,0.0,0,0.0,0.0,0.0,0.0,0.0,0.0,0.0,0.0,0.0,6.5229984399599905,6.854645111293664,2.8288629055023193,17.571420669555664,0.3229091539131254,0.9055753653487916,1.0,1.0,canonical,unweighted-eps,1.0,2e-05,0.0003309750919646873,14936,0.00023026447931175377,0.0012925156103082932,0.0003309750919646873,0.005477225575051662,15130,0.002526543325617151,0.014235275994644052,0.005477225575051662,0.09064126192070304,14956,0.02945872091551967,0.17289238355159123,0.09064126192070304,1.5000000000000002,14882,0.0763708797534168,0.6609777687794578
53,cotrain,0.10169966206846075,0.022546105234063845,0.04090099231714112,0.04090099231714112,1.2787323535530861,1.246913220637884,0.5251701812968295,0.4089256919856764,0.6993676760257819,-0.8946526235240138,0.21183408774499202,0.21150288714939713,0.026996275163295433,0.026996275163295433,0.027327475655410025,0.0,0.1324801999502457,0.39864696740594685,0.05238051242871672,0.0,0.7330290596199851,0.47056476695514804,0.0,1.0,1.0,0.1,1.0,0.0008,0.0,0.00047947977910815304,0.0007671429729607509,0.17944587641355828,0.17944587641355828,0.0,0.0,0.0,0.0,1.0,1.0,0.12645642459392548,0.32026737928390503,0.43189987540245056,0.43189987540245056,147.50376892089844,279.17535400390625,0,0.0,0.0,0.0,0,0.0,0.0,0.0,0.0,0.0,0.0,0.0,0.0,0.0,6.5359263644259205,6.87587425050024,2.8288629055023193,17.571420669555664,0.3266950588662493,0.9035630242852981,1.0,1.0,canonical,unweighted-eps,1.0,2e-05,0.0003309750919646873,15111,0.00023383874989502183,0.0013124960840209883,0.0003309750919646873,0.005477225575051662,14967,0.002553838638141637,0.014388578377100081,0.005477225575051662,0.09064126192070304,14944,0.029679226681063594,0.17416501627552944,0.09064126192070304,1.5000000000000002,14882,0.07605843717990071,0.6606611990829322
54,cotrain,0.10200642304033296,0.022595346797830783,0.04115673824826367,0.04115673824826367,1.282821319971349,1.2486392022707524,0.5365751928243881,0.4193212383577966,0.7070868608788548,-0.8696027226172961,0.21306764458616576,0.21273919236328867,0.02707669821878274,0.02707669821878274,0.027405150370019622,0.0,0.13138086622596806,0.398137009742423,0.052444937193177193,0.0,0.7310205329941888,0.47163648726856416,0.0,1.0,1.0,0.1,1.0,0.0008,0.0,0.0004786944863697539,0.0007658855603395466,0.1754017289664246,0.1754017289664246,0.0,0.0,0.0,0.0,1.0,1.0,0.12399016320705414,0.2947137951850891,0.4460873305797577,0.4460873305797577,148.6174774169922,281.25836181640625,0,0.0,0.0,0.0,0,0.0,0.0,0.0,0.0,0.0,0.0,0.0,0.0,0.0,6.539374299538442,6.87461214371998,2.8288629055023193,17.571420669555664,0.32427932099723483,0.9048487494517833,1.0,1.0,canonical,unweighted-eps,1.0,2e-05,0.0003309750919646873,14947,0.00022708129514969057,0.0012741963735924857,0.0003309750919646873,0.005477225575051662,14751,0.0024952165040979706,0.014058680833295178,0.005477225575051662,0.09064126192070304,15125,0.029005257257745286,0.17021162230121203,0.09064126192070304,1.5000000000000002,15081,0.07579715480681765,0.6593099107445729
55,cotrain,0.10151249826209158,0.022451300591899034,0.04107447506652938,0.04107447506652938,1.28151397369465,1.2495551679888341,0.5337900975321093,0.41668330171169377,0.7051377305362978,-0.8758071124808401,0.21262893166679603,0.21229898197273922,0.02706363046955731,0.02706363046955731,0.027393580183514163,0.0,0.13197988375193542,0.40025324208868873,0.05208416400142969,0.0,0.7282277786324167,0.481768107332133,0.0,1.0,1.0,0.1,1.0,0.0008,0.0,0.0004778951175205433,0.0007646056090158608,0.16672123989297283,0.16672123989297283,0.0,0.0,0.0,0.0,1.0,1.0,0.12493347376585007,0.29588162899017334,0.4111050069332123,0.4111050069332123,149.70877075195312,283.34619140625,0,0.0,0.0,0.0,0,0.0,0.0,0.0,0.0,0.0,0.0,0.0,0.0,0.0,6.53768863535335,6.8735120003330055,2.8288629055023193,17.571420669555664,0.32461235947395467,0.9046718470686506,1.0,1.0,canonical,unweighted-eps,1.0,2e-05,0.0003309750919646873,14905,0.00021890957075296452,0.001228756512927953,0.0003309750919646873,0.005477225575051662,14930,0.00251734997710364,0.014184162020683289,0.005477225575051662,0.09064126192070304,15118,0.029318331840224705,0.17210520266351095,0.09064126192070304,1.5000000000000002,14951,0.07605767429461009,0.6611990931520302
56,cotrain,0.10168937071521059,0.022399199151426043,0.04190319288585685,0.04190319288585685,1.2944303454721744,1.2615892586545048,0.5299588337413266,0.4150098560966997,0.7031595526087997,-0.8798881837954888,0.21288699968757793,0.21255699433704728,0.027073961646797564,0.027073961646797564,0.027403966961508125,0.0,0.13200213799937668,0.4020536010209312,0.05203315725502295,0.0,0.7286738908698416,0.4809309183437085,0.0,1.0,1.0,0.1,1.0,0.0008,0.0,0.0004770817218693575,0.0007633031979431203,0.1714090827343046,0.1714090827343046,0.0,0.0,0.0,0.0,1.0,1.0,0.12312136590480804,0.32046812772750854,0.3480706810951233,0.3480706810951233,150.82557678222656,285.4906921386719,0,0.0,0.0,0.0,0,0.0,0.0,0.0,0.0,0.0,0.0,0.0,0.0,0.0,6.544186265040667,6.882747556468331,2.8288629055023193,17.571420669555664,0.32580025769127313,0.9040399492069736,1.0,1.0,canonical,unweighted-eps,1.0,2e-05,0.0003309750919646873,14779,0.00023092841220662575,0.0012964798412676132,0.0003309750919646873,0.005477225575051662,15062,0.0024903659420534366,0.014031352472564896,0.005477225575051662,0.09064126192070304,14979,0.029027537379884633,0.17043122542350916,0.09064126192070304,1.5000000000000002,15084,0.0759819901549067,0.6596144225040376
57,cotrain,0.10159122918406104,0.022536515827394195,0.040897290660147995,0.040897290660147995,1.2787027528120127,1.2474742806874788,0.5268851959934602,0.4126595257439165,0.7009631792704264,-0.8856881599650424,0.2137734871198479,0.21344258524795884,0.027161940546212796,0.027161940546212796,0.02749284240218182,0.0,0.13236073167341897,0.39863244195779163,0.051989395290804215,0.0,0.7269109188236742,0.486875485517403,0.0,1.0,1.0,0.1,1.0,0.0008,0.0,0.00047625434959027156,0.0007619784074601752,0.17573903184224907,0.17573903184224907,0.0,0.0,0.0,0.0,1.0,1.0,0.1282580941915512,0.29932519793510437,0.4018195867538452,0.4018195867538452,151.89620971679688,287.5673522949219,0,0.0,0.0,0.0,0,0.0,0.0,0.0,0.0,0.0,0.0,0.0,0.0,0.0,6.533766815805028,6.866420288855661,2.8288629055023193,17.571420669555664,0.3231378502240179,0.9054542178723957,1.0,1.0,canonical,unweighted-eps,1.0,2e-05,0.0003309750919646873,15024,0.00022705487950759045,0.001274359894765658,0.0003309750919646873,0.005477225575051662,14942,0.0025336833289530108,0.014275742602737661,0.005477225575051662,0.09064126192070304,14926,0.029240928850863362,0.1716364275334141,0.09064126192070304,1.5000000000000002,15012,0.0765646959412044,0.6655852097750917
58,cotrain,0.10101409191186102,0.022301112747408897,0.04181367303762171,0.04181367303762171,1.2930507963370619,1.2620517664994948,0.5312812807213547,0.41862480571636784,0.7040593476376982,-0.8711231780103129,0.21138850720519695,0.2110592603492431,0.02692037840716095,0.02692037840716095,0.027249625637235805,0.0,0.13169889061305767,0.4020740587232459,0.05155600250786186,0.0,0.724769776320865,0.48296875284704116,0.0,1.0,1.0,0.1,1.0,0.0008,0.0,0.000475413051719505,0.0007606313192863425,0.168890182995516,0.168890182995516,0.0,0.0,0.0,0.0,1.0,1.0,0.1294691413640976,0.30019640922546387,0.349441796541214,0.349441796541214,152.9729461669922,289.6535949707031,0,0.0,0.0,0.0,0,0.0,0.0,0.0,0.0,0.0,0.0,0.0,0.0,0.0,6.530573035916712,6.864643097108951,2.8288629055023193,17.571420669555664,0.323923420807588,0.9050376711018926,1.0,1.0,canonical,unweighted-eps,1.0,2e-05,0.0003309750919646873,14910,0.00022344081614186485,0.001253351664244329,0.0003309750919646873,0.005477225575051662,15044,0.0024799564964742425,0.013972954382306241,0.005477225575051662,0.09064126192070304,14961,0.029129999956499168,0.1710755757314701,0.09064126192070304,1.5000000000000002,14989,0.07580121770472306,0.6574778608678061
59,cotrain,0.10042577950108765,0.02222764043089671,0.04105426866210934,0.04105426866210934,1.2811278928551042,1.2491436422380626,0.5237985248876433,0.40699418627808237,0.6984803256316062,-0.8992435029174528,0.21013679667415783,0.2098050106348645,0.02679089191329912,0.02679089191329912,0.027122677731701832,0.0,0.13271433140477565,0.39905665974077,0.051364557021576114,0.0,0.7237888198887181,0.48332102355496503,0.0,1.0,1.0,0.1,1.0,0.0008,0.0,0.0004745578801522733,0.0007592620165163663,0.17013891082670954,0.17013891082670954,0.0,0.0,0.0,0.0,1.0,1.0,0.12528657913208008,0.29871028661727905,0.39769092202186584,0.39769092202186584,154.04522705078125,291.6471862792969,0,0.0,0.0,0.0,0,0.0,0.0,0.0,0.0,0.0,0.0,0.0,0.0,0.0,6.525445700710655,6.858214085884597,2.8288629055023193,17.571420669555664,0.323406164323323,0.9053120156542882,1.0,1.0,canonical,unweighted-eps,1.0,2e-05,0.0003309750919646873,15040,0.00021919715130005646,0.0012306168152792182,0.0003309750919646873,0.005477225575051662,15094,0.002522541031614588,0.01421274247944426,0.005477225575051662,0.09064126192070304,14980,0.0293342667006364,0.17216290017473046,0.09064126192070304,1.5000000000000002,14790,0.076002860706025,0.6596432357643649
60,cotrain,0.10045532022531216,0.02221462865256601,0.041378752431935735,0.041378752431935735,1.2862651015138638,1.251418192926635,0.5336284504996406,0.41335936540212387,0.7050417674402906,-0.8838047634842049,0.21082666844256923,0.21049796961821043,0.02688178942244277,0.02688178942244277,0.027210488485602233,0.0,0.13147962206385583,0.3983022898562953,0.051212549504115544,0.0,0.7219607816037968,0.4854917418406719,0.0,1.0,1.0,0.1,1.0,0.0008,0.0,0.00047368888763958694,0.0007578705836152914,0.16213597370009136,0.16213597370009136,0.0,0.0,0.0,0.0,1.0,1.0,0.12286925315856934,0.2942410409450531,0.3377948999404907,0.3377948999404907,155.1157989501953,293.7071228027344,0,0.0,0.0,0.0,0,0.0,0.0,0.0,0.0,0.0,0.0,0.0,0.0,0.0,6.522020724084642,6.848078866603088,2.8288629055023193,17.571420669555664,0.3201346417880527,0.9070408410489462,1.0,1.0,canonical,unweighted-eps,1.0,2e-05,0.0003309750919646873,15088,0.0002304414992553033,0.0012936093848176925,0.0003309750919646873,0.005477225575051662,14771,0.002526471703673626,0.014235421173840966,0.005477225575051662,0.09064126192070304,15061,0.02895585978207665,0.1700092392070353,0.09064126192070304,1.5000000000000002,14984,0.07564249204335464,0.6553238024383194
61,cotrain,0.10073118215888484,0.022331917527107857,0.04088664659036276,0.04088664659036276,1.2784860598692644,1.243638599020803,0.5241590906412174,0.40392857172295576,0.6984493571978349,-0.9070381853315566,0.2116735821796788,0.2113384858537943,0.026870493207954697,0.026870493207954697,0.02720558962139946,0.0,0.13403855254634833,0.3978937013536437,0.05144870364003711,0.0,0.7201520102655786,0.4938047368471952,0.0,1.0,1.0,0.1,1.0,0.0008,0.0,0.00047280612778499747,0.0007564571064132533,0.1710330005416758,0.1710330005416758,0.0,0.0,0.0,0.0,1.0,1.0,0.12204530835151672,0.3012045621871948,0.39001837372779846,0.39001837372779846,156.1707000732422,295.776123046875,0,0.0,0.0,0.0,0,0.0,0.0,0.0,0.0,0.0,0.0,0.0,0.0,0.0,6.544425137022621,6.886707242520957,2.8288629055023193,17.571420669555664,0.3276249050757758,0.903066569716005,1.0,1.0,canonical,unweighted-eps,1.0,2e-05,0.0003309750919646873,15045,0.0002292977978718978,0.0012866873625912276,0.0003309750919646873,0.005477225575051662,14961,0.00250837932252468,0.01413307329839615,0.005477225575051662,0.09064126192070304,14887,0.02933949341004936,0.1722572073235316,0.09064126192070304,1.5000000000000002,15011,0.07540439314960075,0.6571730398399572
62,cotrain,0.1002171285227578,0.022069716081819218,0.04143472555547188,0.04143472555547188,1.2870642187562313,1.2516538508427448,0.5231571247180303,0.4043743304717235,0.6978486656633198,-0.9057948333330643,0.21113082553204307,0.21079582310257813,0.026876498196815323,0.026876498196815323,0.02721150028399932,0.0,0.13400084397986403,0.4033256431675365,0.051025147549808025,0.0,0.7181066268274927,0.49301365045751006,0.0,1.0,1.0,0.1,1.0,0.0008,0.0,0.0004719096550412909,0.0007550216721001841,0.1619796463662488,0.1619796463662488,0.0,0.0,0.0,0.0,1.0,1.0,0.11633320152759552,0.3126057982444763,0.3525484800338745,0.3525484800338745,157.21014404296875,297.7928161621094,0,0.0,0.0,0.0,0,0.0,0.0,0.0,0.0,0.0,0.0,0.0,0.0,0.0,6.526854304166941,6.859335271123409,2.8288629055023193,17.571420669555664,0.3232272459272101,0.9054068477166887,1.0,1.0,canonical,unweighted-eps,1.0,2e-05,0.0003309750919646873,15050,0.0002203374467109426,0.0012367680816109791,0.0003309750919646873,0.005477225575051662,14920,0.0024967730040324917,0.014067401465318157,0.005477225575051662,0.09064126192070304,15089,0.029180142086126893,0.17124315394946932,0.09064126192070304,1.5000000000000002,14845,0.07606215233672706,0.6611738664929656
63,cotrain,0.10058597765035099,0.022244204162086688,0.04113176238173858,0.04113176238173858,1.2823054073337845,1.2488433721228542,0.5195593221320046,0.4017063056429227,0.6954270636933482,-0.9124337079433295,0.21248751012688008,0.21215091712581804,0.026974229663451258,0.026974229663451258,0.02731082288739391,0.0,0.13463726988396582,0.40489641131244153,0.05120410595853359,0.0,0.7178008394618319,0.4920004174694355,0.0,1.0,1.0,0.1,1.0,0.0008,0.0,0.00047099952470712876,0.0007535643692204336,0.1685865817543788,0.1685865817543788,0.0,0.0,0.0,0.0,1.0,1.0,0.12338649481534958,0.30252331495285034,0.35334083437919617,0.35334083437919617,158.25833129882812,299.806884765625,0,0.0,0.0,0.0,0,0.0,0.0,0.0,0.0,0.0,0.0,0.0,0.0,0.0,6.547006977929009,6.887590730178302,2.8288629055023193,17.571420669555664,0.32672434218486707,0.9035474028220885,1.0,1.0,canonical,unweighted-eps,1.0,2e-05,0.0003309750919646873,15144,0.000222558023081994,0.0012488268956353094,0.0003309750919646873,0.005477225575051662,14878,0.0025074051632738062,0.014127439906286574,0.005477225575051662,0.09064126192070304,14794,0.0293229972694119,0.17213536904311685,0.09064126192070304,1.5000000000000002,15088,0.07564847796270475,0.6583389172119148
64,cotrain,0.09968713491072512,0.02202290255560452,0.04099022033504951,0.04099022033504951,1.2801121781133145,1.2466341076243637,0.5246393143111824,0.4056021126671734,0.6986344033836299,-0.9026617414166784,0.21051597754415283,0.21018038066024455,0.026872669864032004,0.026872669864032004,0.027208266568839803,0.0,0.1342386876543363,0.4059185266622111,0.05068043519894027,0.0,0.7194541460937924,0.4948783016526817,0.0,1.0,1.0,0.1,1.0,0.0008,0.0,0.00047007579292363715,0.0007520852876673077,0.16356714219491705,0.16356714219491705,0.0,0.0,0.0,0.0,1.0,1.0,0.12072139978408813,0.28832539916038513,0.37602224946022034,0.37602224946022034,159.28941345214844,301.7431640625,0,0.0,0.0,0.0,0,0.0,0.0,0.0,0.0,0.0,0.0,0.0,0.0,0.0,6.52557573461125,6.8595389663738535,2.8288629055023193,17.571420669555664,0.3239974123945486,0.904998404912511,1.0,1.0,canonical,unweighted-eps,1.0,2e-05,0.0003309750919646873,15078,0.00022446920740462484,0.001259921347401964,0.0003309750919646873,0.005477225575051662,14949,0.0025454865472876067,0.01434264194447824,0.005477225575051662,0.09064126192070304,15011,0.029488827742104623,0.1731325598006388,0.09064126192070304,1.5000000000000002,14866,0.07572222513769543,0.656420517557966
65,cotrain,0.0999399976979973,0.02210628825964199,0.04125158978291811,0.04125158978291811,1.284184744297666,1.2490501115974197,0.5211735304094788,0.40232254297305375,0.6963958648534921,-0.9107576538609643,0.21084060488093612,0.2105057097844079,0.02677849704463385,0.02677849704463385,0.027113392180962186,0.0,0.1339580793506824,0.40587828187351555,0.050746205382240124,0.0,0.7163406904691305,0.49595802281356344,0.0,1.0,1.0,0.1,1.0,0.0008,0.0,0.0004691385166709436,0.0007505845186775239,0.15931601128262332,0.15931601128262332,0.0,0.0,0.0,0.0,1.0,1.0,0.12352454662322998,0.296832799911499,0.39053308963775635,0.39053308963775635,160.30641174316406,303.6874084472656,0,0.0,0.0,0.0,0,0.0,0.0,0.0,0.0,0.0,0.0,0.0,0.0,0.0,6.535927967128591,6.874681533871197,2.8288629055023193,17.571420669555664,0.32610611264510286,0.9038770204622628,1.0,1.0,canonical,unweighted-eps,1.0,2e-05,0.0003309750919646873,15064,0.0002229260091700275,0.0012514475011922107,0.0003309750919646873,0.005477225575051662,14889,0.0025367507932108303,0.014293347094231771,0.005477225575051662,0.09064126192070304,15074,0.028881779372794916,0.16942841819731805,0.09064126192070304,1.5000000000000002,14877,0.07579803105410912,0.6603821097838908
66,cotrain,0.09966012599885973,0.022114511738475572,0.04036623934427133,0.04036623934427133,1.2702324012883235,1.2361219792793958,0.517147118719215,0.3985740199812457,0.6935653706901094,-0.9202237461621945,0.21088755328176367,0.2105505337508825,0.02686608777755601,0.02686608777755601,0.02720310714923673,0.0,0.1348077510125362,0.40270803817826456,0.05071594791375419,0.0,0.7160990038233944,0.49537151045337346,0.0,1.0,1.0,0.1,1.0,0.0008,0.0,0.0004681877537646626,0.0007490621548255829,0.15589298573760396,0.15589298573760396,0.0,0.0,0.0,0.0,1.0,1.0,0.12178022414445877,0.29935288429260254,0.39264509081840515,0.39264509081840515,161.31930541992188,305.623046875,0,0.0,0.0,0.0,0,0.0,0.0,0.0,0.0,0.0,0.0,0.0,0.0,0.0,6.535027087244213,6.870084573643764,2.8288629055023193,17.571420669555664,0.32430040343995453,0.9048375542763227,1.0,1.0,canonical,unweighted-eps,1.0,2e-05,0.0003309750919646873,15029,0.00021915969817043818,0.001230169104627724,0.0003309750919646873,0.005477225575051662,14947,0.0025451346868482763,0.014340410012141943,0.005477225575051662,0.09064126192070304,14937,0.02936476571992306,0.17237827215535004,0.09064126192070304,1.5000000000000002,14991,0.0753404533447175,0.6540704835575295
67,cotrain,0.09988044652864973,0.022060572412501797,0.041073723982733026,0.041073723982733026,1.281395484926066,1.247121828998256,0.5229177971680959,0.4015908979325213,0.6971272379159927,-0.9127586327302151,0.211772641660566,0.2114371274653663,0.02685963961845025,0.02685963961845025,0.027195153885290153,0.0,0.13420570391811368,0.4043414346300639,0.05067140910710789,0.0,0.7146552067536575,0.4999171078563807,0.0,1.0,1.0,0.1,1.0,0.0008,0.0,0.0004672235628523285,0.0007475182900180579,0.16676899410274804,0.16676899410274804,0.0,0.0,0.0,0.0,1.0,1.0,0.1211370974779129,0.3025871515274048,0.37223803997039795,0.37223803997039795,162.31536865234375,307.5420837402344,0,0.0,0.0,0.0,0,0.0,0.0,0.0,0.0,0.0,0.0,0.0,0.0,0.0,6.545578573504065,6.886922450796827,2.8288629055023193,17.571420669555664,0.3271345840167524,0.9033284650788054,1.0,1.0,canonical,unweighted-eps,1.0,2e-05,0.0003309750919646873,15057,0.00021925967225594996,0.0012306360618302315,0.0003309750919646873,0.005477225575051662,14938,0.002487137040238309,0.014013315726673609,0.005477225575051662,0.09064126192070304,14903,0.029040697056407425,0.17042642576233905,0.09064126192070304,1.5000000000000002,15006,0.07568653210089966,0.6596164245788501
68,cotrain,0.09966171891070329,0.0220638669661095,0.04133231978481396,0.04133231978481396,1.2854417176590367,1.2541195783350203,0.5211668746848391,0.4009721198907265,0.6962840996491604,-0.9142018915751041,0.2108183766468468,0.21048436740524748,0.026746696390561823,0.026746696390561823,0.027080705679921258,0.0,0.13360371983522534,0.4041494999049056,0.05043309184316641,0.0,0.7126866916560719,0.49927513231224835,0.0,1.0,1.0,0.1,1.0,0.0008,0.0,0.00046624600340977845,0.0007459530194878025,0.15484243749171242,0.15484243749171242,0.0,0.0,0.0,0.0,1.0,1.0,0.12033539265394211,0.30764108896255493,0.3159469664096832,0.3159469664096832,163.30987548828125,309.4886169433594,0,0.0,0.0,0.0,0,0.0,0.0,0.0,0.0,0.0,0.0,0.0,0.0,0.0,6.5399091009400845,6.8777191730555645,2.8288629055023193,17.571420669555664,0.3255385787186727,0.9041792706513729,1.0,1.0,canonical,unweighted-eps,1.0,2e-05,0.0003309750919646873,14868,0.00022987213054594712,0.0012902444703837685,0.0003309750919646873,0.005477225575051662,15151,0.0025104470312512753,0.014144509558661622,0.005477225575051662,0.09064126192070304,14937,0.029170664269625522,0.1712511263993751,0.09064126192070304,1.5000000000000002,14948,0.07526480911535345,0.6567695142114612
69,cotrain,0.09908912447082181,0.021877796683683354,0.041346235065442376,0.041346235065442376,1.285694598119463,1.2525033777595584,0.5265628751526531,0.4052172986488057,0.6998552355246667,-0.9037292802181,0.209358651127316,0.2090246201070965,0.026687923659626234,0.026687923659626234,0.027021954492785227,0.0,0.13361234601555216,0.4051656058838225,0.050121301100549534,0.0,0.7109011944033142,0.5073934632028974,0.0,1.0,1.0,0.1,1.0,0.0008,0.0,0.00046525513573748373,0.0007443664397880761,0.15957316523815832,0.15957316523815832,0.0,0.0,0.0,0.0,1.0,1.0,0.11792970448732376,0.2897578477859497,0.3768347501754761,0.3768347501754761,164.3070068359375,311.3707580566406,0,0.0,0.0,0.0,0,0.0,0.0,0.0,0.0,0.0,0.0,0.0,0.0,0.0,6.523630017908211,6.857756033919024,2.8288629055023193,17.571420669555664,0.3241278689623037,0.9049291600898648,1.0,1.0,canonical,unweighted-eps,1.0,2e-05,0.0003309750919646873,14798,0.00021878850065672184,0.0012277771568006118,0.0003309750919646873,0.005477225575051662,15075,0.0024545181242387687,0.013829357178254705,0.005477225575051662,0.09064126192070304,15228,0.028922942928169416,0.16975180138932897,0.09064126192070304,1.5000000000000002,14803,0.07552761684629809,0.6559335419610329
70,cotrain,0.09910936808038472,0.021923264544297997,0.0409812583691544,0.0409812583691544,1.2798985747055138,1.2437509333985484,0.5175522479236635,0.3962887907639528,0.6932363007058445,-0.9261101085660804,0.20989407181867167,0.20955456949324688,0.026678104065040238,0.026678104065040238,0.027017606772546075,0.0,0.13580107333886826,0.4063106203435833,0.05017442296012344,0.0,0.7112440051686051,0.501622602084361,0.0,1.0,1.0,0.1,1.0,0.0008,0.0,0.0004642510209568297,0.000742758648786588,0.15999764458745971,0.15999764458745971,0.0,0.0,0.0,0.0,1.0,1.0,0.12441615015268326,0.2963208854198456,0.3723270297050476,0.3723270297050476,165.275634765625,313.27862548828125,0,0.0,0.0,0.0,0,0.0,0.0,0.0,0.0,0.0,0.0,0.0,0.0,0.0,6.539573507431226,6.877658093613369,2.8288629055023193,17.571420669555664,0.3256827210906898,0.9041025358285263,1.0,1.0,canonical,unweighted-eps,1.0,2e-05,0.0003309750919646873,14988,0.00022765577648730797,0.0012780018866634826,0.0003309750919646873,0.005477225575051662,15148,0.002536012810525335,0.014288747487902043,0.005477225575051662,0.09064126192070304,14891,0.029475474368012077,0.17304013071783234,0.09064126192070304,1.5000000000000002,14877,0.0751077656368659,0.6547567205114326
71,cotrain,0.09901314340213425,0.021854447841676127,0.04148986967455628,0.04148986967455628,1.2878953470835803,1.2523838184837601,0.5236642616681564,0.39990857103441513,0.6974045305680006,-0.9168609250814487,0.20965075698227453,0.2093152607130444,0.026680506594701964,0.026680506594701964,0.027016002939552322,0.0,0.1341985537009871,0.40554465550897467,0.04997953994629475,0.0,0.7055140280316019,0.5056190230288149,0.0,1.0,1.0,0.1,1.0,0.0008,0.0,0.00046323372100634573,0.0007411297456594604,0.1649462737970882,0.1649462737970882,0.0,0.0,0.0,0.0,1.0,1.0,0.11788035929203033,0.30409669876098633,0.499896764755249,0.499896764755249,166.24673461914062,315.07659912109375,0,0.0,0.0,0.0,0,0.0,0.0,0.0,0.0,0.0,0.0,0.0,0.0,0.0,6.532659529620766,6.870468869491406,2.8288629055023193,17.571420669555664,0.3257233489337228,0.9040809036354581,1.0,1.0,canonical,unweighted-eps,1.0,2e-05,0.0003309750919646873,14736,0.00021562726484246586,0.001210157324668186,0.0003309750919646873,0.005477225575051662,15282,0.0024948549154497944,0.014057189940883608,0.005477225575051662,0.09064126192070304,15010,0.02895757537695029,0.16998096189047796,0.09064126192070304,1.5000000000000002,14876,0.0754444743074631,0.6557375835327411
72,cotrain,0.09897478015568012,0.021880495238603435,0.041145101508014224,0.041145101508014224,1.2824854636724252,1.2466995970815675,0.5209283420545423,0.398224976264004,0.6953939010954311,-0.9210393561257256,0.2104575662340364,0.21011909291657627,0.026777475419589598,0.026777475419589598,0.02711594856590924,0.0,0.13538927408174062,0.4064424684287136,0.0499320287639514,0.0,0.709546626250968,0.5051082660764721,0.0,1.0,1.0,0.1,1.0,0.0008,0.0,0.00046220329863788494,0.0007394798308851113,0.16140958421632776,0.16140958421632776,0.0,0.0,0.0,0.0,1.0,1.0,0.12091702222824097,0.2911013066768646,0.38844233751296997,0.38844233751296997,167.20364379882812,316.9030456542969,0,0.0,0.0,0.0,0,0.0,0.0,0.0,0.0,0.0,0.0,0.0,0.0,0.0,6.526225218406091,6.858896390342417,2.8288629055023193,17.571420669555664,0.32333795527347503,0.905348172322354,1.0,1.0,canonical,unweighted-eps,1.0,2e-05,0.0003309750919646873,15141,0.00022108973661219517,0.0012408604718817092,0.0003309750919646873,0.005477225575051662,15048,0.0025611663415952765,0.014430813256657104,0.005477225575051662,0.09064126192070304,14770,0.029321249185499502,0.1721821492801426,0.09064126192070304,1.5000000000000002,14945,0.07555136093530179,0.6562663799067651
73,cotrain,0.09940985655491678,0.02194674134763897,0.041383054760149404,0.041383054760149404,1.2862076519552492,1.2534414970467234,0.5211275252394187,0.3965839551300065,0.6956526977129471,-0.9252285275958542,0.21189281758334902,0.21155289127531215,0.026863981838314198,0.026863981838314198,0.027203908544352166,0.0,0.13597068852848476,0.40583446379910165,0.0501172458116188,0.0,0.7093170825232807,0.5037023918996102,0.0,1.0,1.0,0.1,1.0,0.0008,0.0,0.0004611598174127525,0.0007378090062380555,0.1664123009953998,0.1664123009953998,0.0,0.0,0.0,0.0,1.0,1.0,0.12033048272132874,0.2958504259586334,0.37545111775398254,0.37545111775398254,168.16934204101562,318.635986328125,0,0.0,0.0,0.0,0,0.0,0.0,0.0,0.0,0.0,0.0,0.0,0.0,0.0,6.548188399045896,6.890019659906999,2.8288629055023193,17.571420669555664,0.32730708236601813,0.9032363558829498,1.0,1.0,canonical,unweighted-eps,1.0,2e-05,0.0003309750919646873,14966,0.0002145632268618491,0.001204352773607502,0.0003309750919646873,0.005477225575051662,14882,0.0024571272992263507,0.01384434028769065,0.005477225575051662,0.09064126192070304,14945,0.028762652677371374,0.16878711672362057,0.09064126192070304,1.5000000000000002,15111,0.07541684871331773,0.6568913450626699
74,cotrain,0.0989362721482658,0.021879197357015476,0.04149848116068249,0.04149848116068249,1.2880152816824473,1.2528490783312383,0.5205140105552144,0.3971239390790972,0.6954951649292921,-0.9238865528351221,0.21025623247409478,0.20991710802683464,0.026650063001001492,0.026650063001001492,0.02698918714180079,0.0,0.13564965872364676,0.4072254244078938,0.04978325409798795,0.0,0.7071850178842871,0.5064555386334566,0.0,1.0,1.0,0.1,1.0,0.0008,0.0,0.0004601033416977857,0.0007361173747826277,0.15541500657096377,0.15541500657096377,0.0,0.0,0.0,0.0,1.0,1.0,0.12176662683486938,0.3144986629486084,0.40441223978996277,0.40441223978996277,169.09378051757812,320.3631286621094,0,0.0,0.0,0.0,0,0.0,0.0,0.0,0.0,0.0,0.0,0.0,0.0,0.0,6.549383618892768,6.895053536043702,2.8288629055023193,17.571420669555664,0.3291559243901115,0.9022472630728425,1.0,1.0,canonical,unweighted-eps,1.0,2e-05,0.0003309750919646873,14913,0.00021382966100363227,0.001199870027163567,0.0003309750919646873,0.005477225575051662,14895,0.0024708189702986392,0.01392192458218078,0.005477225575051662,0.09064126192070304,15118,0.02885538070924794,0.16940932419584265,0.09064126192070304,1.5000000000000002,14978,0.07479089565375154,0.6535240705762373
75,cotrain,0.09865427698589797,0.021801450930567633,0.04145424530451369,0.04145424530451369,1.287294161239858,1.2505616479449801,0.5160209786815521,0.3937104120850563,0.6924431721369425,-0.9324377777739468,0.21031571701805815,0.20997453856671977,0.026690744659584813,0.026690744659584813,0.02703192261740183,0.0,0.13647118965402627,0.40804013909182996,0.04953681416491158,0.0,0.7073284504760025,0.5114744463627043,0.0,1.0,1.0,0.1,1.0,0.0008,0.0,0.00045903393666138313,0.0007344050408666245,0.15047076693139014,0.15047076693139014,0.0,0.0,0.0,0.0,1.0,1.0,0.12254896759986877,0.3324664831161499,0.3140150010585785,0.3140150010585785,170.03504943847656,322.0813903808594,0,0.0,0.0,0.0,0,0.0,0.0,0.0,0.0,0.0,0.0,0.0,0.0,0.0,6.532028451944009,6.864645882150071,2.8288629055023193,17.571420669555664,0.32316396963023253,0.9054403782247684,1.0,1.0,canonical,unweighted-eps,1.0,2e-05,0.0003309750919646873,14949,0.00021529717687538587,0.0012084120200857589,0.0003309750919646873,0.005477225575051662,14963,0.0024896908215598324,0.014028358037623303,0.005477225575051662,0.09064126192070304,15058,0.02879426999940136,0.1689684314704983,0.09064126192070304,1.5000000000000002,14934,0.07531984262362978,0.6566236269143558
76,cotrain,0.0985534922657614,0.021770846393182237,0.04078723479890161,0.04078723479890161,1.2768468399530564,1.2420999998720283,0.5163123888465074,0.39272555619732946,0.692647929629709,-0.9349729935837607,0.21065535708370373,0.21031375280302814,0.026776276512915254,0.026776276512915254,0.027117880781650797,0.0,0.13664171149014917,0.40359625092938417,0.049644780448741384,0.0,0.7038323720041503,0.5131494884327468,0.0,1.0,1.0,0.1,1.0,0.0008,0.0,0.00045795166826948473,0.0007326721101148673,0.15307624329231742,0.15307624329231742,0.0,0.0,0.0,0.0,1.0,1.0,0.12931986153125763,0.32281693816185,0.3263942003250122,0.3263942003250122,170.95501708984375,323.9070739746094,0,0.0,0.0,0.0,0,0.0,0.0,0.0,0.0,0.0,0.0,0.0,0.0,0.0,6.534717810459626,6.867326858127419,2.8288629055023193,17.571420669555664,0.32309164075484925,0.9054787007515036,1.0,1.0,canonical,unweighted-eps,1.0,2e-05,0.0003309750919646873,15174,0.0002368998863273124,0.001329513002764932,0.0003309750919646873,0.005477225575051662,14764,0.0025347371948254652,0.014281540613523573,0.005477225575051662,0.09064126192070304,14933,0.028948805035298182,0.1699126572073452,0.09064126192070304,1.5000000000000002,15033,0.0752142607424301,0.6539148999840122
77,cotrain,0.09763748158947524,0.021493784800713133,0.041114387253665514,0.041114387253665514,1.2819921452687182,1.2479379615213118,0.5188534578197023,0.39507772143070513,0.6941021385355892,-0.9289739598066379,0.20833533371870333,0.20799406627431893,0.026646149094001606,0.026646149094001606,0.026987416566246085,0.0,0.13650697904328504,0.4117124423894108,0.049052963534799904,0.0,0.7060340616183404,0.5123303659428429,0.0,1.0,1.0,0.1,1.0,0.0008,0.0,0.00045685660328150283,0.0007309186894226878,0.1559179123236328,0.1559179123236328,0.0,0.0,0.0,0.0,1.0,1.0,0.12029238790273666,0.2856447994709015,0.4235248565673828,0.4235248565673828,171.87974548339844,325.6259765625,0,0.0,0.0,0.0,0,0.0,0.0,0.0,0.0,0.0,0.0,0.0,0.0,0.0,6.51614806183383,6.8471387947126665,2.8288629055023193,17.571420669555664,0.3227554756020231,0.9056567434963794,1.0,1.0,canonical,unweighted-eps,1.0,2e-05,0.0003309750919646873,15049,0.00021034974049851304,0.0011803717296443054,0.0003309750919646873,0.005477225575051662,15048,0.0024736751210596066,0.01393762707476569,0.005477225575051662,0.09064126192070304,15000,0.029330736162265142,0.17229878218968708,0.09064126192070304,1.5000000000000002,14807,0.07536033329880278,0.6515633102657101
78,cotrain,0.09869253724558741,0.02174306620692468,0.041620764013730056,0.041620764013730056,1.2898779158631113,1.2532471380172632,0.5160836927019633,0.39137291341510594,0.6921640496987563,-0.9384451560739778,0.2110517842328956,0.2107091838350663,0.02677594568644069,0.02677594568644069,0.02711854624347045,0.0,0.1370402063983373,0.4115454461584743,0.0494938916964536,0.0,0.7034403261465904,0.515301130253336,0.0,1.0,1.0,0.1,1.0,0.0008,0.0,0.00045574880924620424,0.0007291448869493339,0.15962525576544115,0.15962525576544115,0.0,0.0,0.0,0.0,1.0,1.0,0.12479663640260696,0.3307558298110962,0.3687647879123688,0.3687647879123688,172.81373596191406,327.331787109375,0,0.0,0.0,0.0,0,0.0,0.0,0.0,0.0,0.0,0.0,0.0,0.0,0.0,6.542308722805773,6.880420147619289,2.8288629055023193,17.571420669555664,0.32562616752567225,0.9041326448630701,1.0,1.0,canonical,unweighted-eps,1.0,2e-05,0.0003309750919646873,14997,0.00021747182139012367,0.0012206810137117005,0.0003309750919646873,0.005477225575051662,14947,0.0024860140870584407,0.01400729310909721,0.005477225575051662,0.09064126192070304,14955,0.028931034918574336,0.1698406217250486,0.09064126192070304,1.5000000000000002,15005,0.07536839339304907,0.656759939031655
79,cotrain,0.09832841360097767,0.021713562815203372,0.0412394832023698,0.0412394832023698,1.2839261309264656,1.2484319627794445,0.5160868462079611,0.390676274513587,0.6921582784917619,-0.9402643035874407,0.20964276946635327,0.20930043563374087,0.026663976235904246,0.026663976235904246,0.027006309523255143,0.0,0.136933320432774,0.4081252166985447,0.04939941298534982,0.0,0.7018231585239753,0.5156902334972236,0.0,1.0,1.0,0.1,1.0,0.0008,0.0,0.000454628354497543,0.0007273508121112972,0.14571053541114187,0.14571053541114187,0.0,0.0,0.0,0.0,1.0,1.0,0.12116412818431854,0.29619359970092773,0.38221102952957153,0.38221102952957153,173.71023559570312,329.0725402832031,0,0.0,0.0,0.0,0,0.0,0.0,0.0,0.0,0.0,0.0,0.0,0.0,0.0,6.536905002390218,6.87363405863316,2.8288629055023193,17.571420669555664,0.3250807407353176,0.904422863679298,1.0,1.0,canonical,unweighted-eps,1.0,2e-05,0.0003309750919646873,14879,0.00021422675014757983,0.001202511693850401,0.0003309750919646873,0.005477225575051662,15053,0.0024717134589797465,0.013926589625789139,0.005477225575051662,0.09064126192070304,15002,0.02897589291481793,0.17010782067258587,0.09064126192070304,1.5000000000000002,14970,0.07496247854564057,0.6518668401535941
80,cotrain,0.0980048285335557,0.02163780863898305,0.04113429146381015,0.04113429146381015,1.282280163263524,1.2458188612746377,0.5167828043683981,0.39182616687483257,0.6924457464717392,-0.9371894971173034,0.2092951147729515,0.20895201493150148,0.02662317058405815,0.02662317058405815,0.026966270381728046,0.0,0.1372399197047592,0.4070546628318281,0.04918402597371839,0.0,0.7024023544329864,0.5163185938946011,0.0,1.0,1.0,0.1,1.0,0.0008,0.0,0.00045349530815044607,0.0007255365755755649,0.15497299562343675,0.15497299562343675,0.0,0.0,0.0,0.0,1.0,1.0,0.11907687783241272,0.303182452917099,0.3612405061721802,0.3612405061721802,174.6160888671875,330.70452880859375,0,0.0,0.0,0.0,0,0.0,0.0,0.0,0.0,0.0,0.0,0.0,0.0,0.0,6.5383933578800955,6.874467308908378,2.8288629055023193,17.571420669555664,0.32471854156304286,0.9046154219605816,1.0,1.0,canonical,unweighted-eps,1.0,2e-05,0.0003309750919646873,14882,0.0002141199152285358,0.0012017191339400832,0.0003309750919646873,0.005477225575051662,15049,0.002481335484313762,0.013980855445060487,0.005477225575051662,0.09064126192070304,14935,0.02880691591616574,0.16911179415150793,0.09064126192070304,1.5000000000000002,15038,0.07474896713272818,0.649228289178401
81,cotrain,0.09785291870944521,0.021651649047644474,0.04101292840722534,0.04101292840722534,1.280338371184194,1.2459527949492137,0.5117899598474176,0.38563233270094943,0.6889811496958773,-0.953139709483864,0.20874796377924773,0.20840630954147404,0.026507700049183052,0.026507700049183052,0.026849354565557506,0.0,0.13666180729802346,0.4054906821658469,0.049096471725557096,0.0,0.6997464854493101,0.5162366455516372,0.0,1.0,1.0,0.1,1.0,0.0008,0.0,0.00045234974009654904,0.000723702289252792,0.14933628518866676,0.14933628518866676,0.0,0.0,0.0,0.0,1.0,1.0,0.12049061059951782,0.3015139698982239,0.3550322353839874,0.3550322353839874,175.5093994140625,332.3257141113281,0,0.0,0.0,0.0,0,0.0,0.0,0.0,0.0,0.0,0.0,0.0,0.0,0.0,6.531541447354178,6.868637155543809,2.8288629055023193,17.571420669555664,0.3253990029879117,0.9042535544368491,1.0,1.0,canonical,unweighted-eps,1.0,2e-05,0.0003309750919646873,15111,0.0002126529279756823,0.0011936276872530722,0.0003309750919646873,0.005477225575051662,15055,0.0024750625342873,0.013945565558042054,0.005477225575051662,0.09064126192070304,14912,0.029106190052411076,0.1708804197417564,0.09064126192070304,1.5000000000000002,14826,0.07509849538819825,0.6548101537610039
82,cotrain,0.09786034007676137,0.021608708275115896,0.04082161371206117,0.04082161371206117,1.2773623787561408,1.2437122869185913,0.5138309764174315,0.3889901441259262,0.6908120172910202,-0.944626250073441,0.20948148356416288,0.2091381669553936,0.026696552598100696,0.026696552598100696,0.027039869266570125,0.0,0.13732664882499948,0.4079599583632926,0.049126713839160584,0.0,0.7009441157182058,0.5197159960521703,0.0,1.0,1.0,0.1,1.0,0.0008,0.0,0.0004511917209998857,0.0007218480662903991,0.15243325868032426,0.15243325868032426,0.0,0.0,0.0,0.0,1.0,1.0,0.11688291281461716,0.2725701332092285,0.36035552620887756,0.36035552620887756,176.38482666015625,333.99151611328125,0,0.0,0.0,0.0,0,0.0,0.0,0.0,0.0,0.0,0.0,0.0,0.0,0.0,6.530875276296567,6.862797810925991,2.8288629055023193,17.571420669555664,0.322847053002186,0.9056082528995503,1.0,1.0,canonical,unweighted-eps,1.0,2e-05,0.0003309750919646873,14724,0.00021184923216668674,0.0011893620663184618,0.0003309750919646873,0.005477225575051662,15058,0.0024567944905501088,0.01384260347005396,0.005477225575051662,0.09064126192070304,15022,0.02878230894680046,0.16895191221258768,0.09064126192070304,1.5000000000000002,15100,0.07461912316991794,0.6466399361439888
83,cotrain,0.09776449300603479,0.021568582230048556,0.041482130638681926,0.041482130638681926,1.2877430386159565,1.2536606643444452,0.5182880798720906,0.3936244289462383,0.6940275960498385,-0.9326490139604634,0.20799664583089006,0.2076589246877493,0.026453689236241657,0.026453689236241657,0.02679141056445292,0.0,0.13508853028154272,0.40691566900310355,0.048991969587583825,0.0,0.6980407365366944,0.5233721634339239,0.0,1.0,1.0,0.1,1.0,0.0008,0.0,0.00045002132229252876,0.0007199740210655931,0.15161909126382098,0.15161909126382098,0.0,0.0,0.0,0.0,1.0,1.0,0.12003430724143982,0.2925305962562561,0.3908173441886902,0.3908173441886902,177.26040649414062,335.6388244628906,0,0.0,0.0,0.0,0,0.0,0.0,0.0,0.0,0.0,0.0,0.0,0.0,0.0,6.529318276633564,6.866073203301151,2.8288629055023193,17.571420669555664,0.3252871033022022,0.9043130945210386,1.0,1.0,canonical,unweighted-eps,1.0,2e-05,0.0003309750919646873,14845,0.0002130173712293782,0.0011958004078025085,0.0003309750919646873,0.005477225575051662,15020,0.002421103911189122,0.013641602668003457,0.005477225575051662,0.09064126192070304,15206,0.028817048911497684,0.16922748814785651,0.09064126192070304,1.5000000000000002,14833,0.07462836460342927,0.6501502391501688
84,cotrain,0.09760952487778969,0.021576837075348847,0.04083068562974023,0.04083068562974023,1.2774709097183212,1.2439037202260432,0.509196009964515,0.3851830426316995,0.6875838222157242,-0.9542781747559197,0.20949813032634237,0.20915548087885746,0.02662048563679569,0.02662048563679569,0.026963135175820854,0.0,0.13705983635388377,0.4055956304073334,0.04885671444587473,0.0,0.6979160828468127,0.5221837439997054,0.0,1.0,1.0,0.1,1.0,0.0008,0.0,0.00044883861617018336,0.0007180802691783107,0.15024999401762953,0.15024999401762953,0.0,0.0,0.0,0.0,1.0,1.0,0.12419495731592178,0.2823590040206909,0.37529003620147705,0.37529003620147705,178.1270294189453,337.2015686035156,0,0.0,0.0,0.0,0,0.0,0.0,0.0,0.0,0.0,0.0,0.0,0.0,0.0,6.535173749312376,6.871016501774685,2.8288629055023193,17.571420669555664,0.3246859835613148,0.9046327244795398,1.0,1.0,canonical,unweighted-eps,1.0,2e-05,0.0003309750919646873,14820,0.0002103130013886814,0.0011806663599584187,0.0003309750919646873,0.005477225575051662,15101,0.002464159775240896,0.013884350383141982,0.005477225575051662,0.09064126192070304,15066,0.028863737165540176,0.1694427220830559,0.09064126192070304,1.5000000000000002,14917,0.07504755623372412,0.6535671233107947
85,cotrain,0.09674925113526675,0.02134680872162183,0.04075945891503595,0.04075945891503595,1.2763540017442847,1.2407302965975215,0.5083863266512879,0.38583083960235626,0.6872201875234262,-0.9526611129697572,0.20678334348858932,0.20644119607969227,0.026368774784108002,0.026368774784108002,0.02671092197808445,0.0,0.1368588841973971,0.4045234078016037,0.048463162870552294,0.0,0.6991206015277113,0.5210317924974932,0.0,1.0,1.0,0.1,1.0,0.0008,0.0,0.0004476436755877343,0.0007161669274440886,0.145773339841483,0.145773339841483,0.0,0.0,0.0,0.0,1.0,1.0,0.11684881895780563,0.29690417647361755,0.33244064450263977,0.33244064450263977,178.98463439941406,338.7669982910156,0,0.0,0.0,0.0,0,0.0,0.0,0.0,0.0,0.0,0.0,0.0,0.0,0.0,6.516340289360437,6.845104285856845,2.8288629055023193,17.571420669555664,0.3216363146993885,0.9062486505654929,1.0,1.0,canonical,unweighted-eps,1.0,2e-05,0.0003309750919646873,14942,0.00021302677975079212,0.0011958342421764495,0.0003309750919646873,0.005477225575051662,15150,0.0024656239744558586,0.013892070334343233,0.005477225575051662,0.09064126192070304,15103,0.029179645943845305,0.17125620016678827,0.09064126192070304,1.5000000000000002,14709,0.07467248902718632,0.6493873150767342
86,cotrain,0.0974150727956723,0.02157788878131626,0.04109557742714627,0.04109557742714627,1.2816106517501804,1.2425711801928332,0.5068698766776639,0.38205161174902547,0.6859442911341659,-0.9625416743194956,0.20876100726234606,0.20841713736836726,0.026554192913871292,0.026554192913871292,0.026898062696409784,0.0,0.13754790745930284,0.4088204541267493,0.04862037278775476,0.0,0.6984331735178956,0.5220363729478668,0.0,1.0,1.0,0.1,1.0,0.0008,0.0,0.00044643657425474546,0.000714234113886858,0.14852776668137974,0.14852776668137974,0.0,0.0,0.0,0.0,1.0,1.0,0.11532633751630783,0.2920427918434143,0.3682294189929962,0.3682294189929962,179.84490966796875,340.3332824707031,0,0.0,0.0,0.0,0,0.0,0.0,0.0,0.0,0.0,0.0,0.0,0.0,0.0,6.527275207715157,6.861682248989405,2.8288629055023193,17.571420669555664,0.32417473415013043,0.9049042803776322,1.0,1.0,canonical,unweighted-eps,1.0,2e-05,0.0003309750919646873,14976,0.00021421168600922971,0.001201866149208827,0.0003309750919646873,0.005477225575051662,15057,0.002486584919756007,0.014010565337482706,0.005477225575051662,0.09064126192070304,14982,0.028949152813020147,0.1699390029926323,0.09064126192070304,1.5000000000000002,14889,0.07497734067198075,0.6521618562721807
87,cotrain,0.0976111233775687,0.021532092621534042,0.041480758904009804,0.041480758904009804,1.2876611710763162,1.2528424344511113,0.5119201267759005,0.3847447774476475,0.6892331087181711,-0.9554852454835533,0.2098665664720739,0.20952361567407593,0.026641224288087115,0.026641224288087115,0.02698417459654375,0.0,0.1371801462279171,0.4110847651703745,0.04863574013559737,0.0,0.6981379487830349,0.5231058894406355,0.0,1.0,1.0,0.1,1.0,0.0008,0.0,0.0004452173866309129,0.0007122819477316632,0.14748356502471316,0.14748356502471316,0.0,0.0,0.0,0.0,1.0,1.0,0.11996784806251526,0.3029038608074188,0.354205846786499,0.354205846786499,180.6866455078125,341.8836364746094,0,0.0,0.0,0.0,0,0.0,0.0,0.0,0.0,0.0,0.0,0.0,0.0,0.0,6.543414279945895,6.881365795155189,2.8288629055023193,17.571420669555664,0.3255190215514312,0.904189680381125,1.0,1.0,canonical,unweighted-eps,1.0,2e-05,0.0003309750919646873,15030,0.00021155496002116047,0.0011873405825790371,0.0003309750919646873,0.005477225575051662,14820,0.002461058884738428,0.01386650378203746,0.005477225575051662,0.09064126192070304,14960,0.028860719270884672,0.16938655102316708,0.09064126192070304,1.5000000000000002,15094,0.07450026349546231,0.648862631443843
88,cotrain,0.09705250735721017,0.021471292031212494,0.04134036229652727,0.04134036229652727,1.2854269534077787,1.2473257476957436,0.5077749288871757,0.38010085087556106,0.6860885472379179,-0.9676171206256263,0.20724444158184221,0.20690350470125166,0.02637927919928717,0.02637927919928717,0.02672021621519811,0.0,0.13637482003969514,0.4097048873320604,0.04840722397511077,0.0,0.6957246738876033,0.5234077893041819,0.0,1.0,1.0,0.1,1.0,0.0008,0.0,0.0004439861879214722,0.0007103105493973083,0.14679300180103025,0.14679300180103025,0.0,0.0,0.0,0.0,1.0,1.0,0.11979243159294128,0.29273858666419983,0.3493322730064392,0.3493322730064392,181.5275421142578,343.4812316894531,0,0.0,0.0,0.0,0,0.0,0.0,0.0,0.0,0.0,0.0,0.0,0.0,0.0,6.527280339827905,6.860364036777296,2.8288629055023193,17.571420669555664,0.32351655275244,0.9052534902466178,1.0,1.0,canonical,unweighted-eps,1.0,2e-05,0.0003309750919646873,14931,0.00020908763174719346,0.0011736022365354908,0.0003309750919646873,0.005477225575051662,15127,0.002480911165219727,0.013978708647977118,0.005477225575051662,0.09064126192070304,14998,0.02889593272451433,0.16959725446519192,0.09064126192070304,1.5000000000000002,14848,0.07450111179837379,0.6480164978781651
89,cotrain,0.09693077763813174,0.02130957089491889,0.041171455540909216,0.041171455540909216,1.282788383823268,1.2448001068371992,0.5098211823238267,0.3824480255572205,0.6871652899899034,-0.9615635748347665,0.20875057473014563,0.20840866978351885,0.026576061530086476,0.026576061530086476,0.026917966206072487,0.0,0.13676187158840844,0.40859238434041667,0.04831648205653725,0.0,0.6919539982182348,0.5302801282521568,0.0,1.0,1.0,0.1,1.0,0.0008,0.0,0.00044274305407255904,0.0007083200404889283,0.1380424001851143,0.1380424001851143,0.0,0.0,0.0,0.0,1.0,1.0,0.11763796955347061,0.3012806177139282,0.32253751158714294,0.32253751158714294,182.35784912109375,345.03155517578125,0,0.0,0.0,0.0,0,0.0,0.0,0.0,0.0,0.0,0.0,0.0,0.0,0.0,6.532651845206562,6.862181924045989,2.8288629055023193,17.571420669555664,0.3216078805874127,0.9062636722103311,1.0,1.0,canonical,unweighted-eps,1.0,2e-05,0.0003309750919646873,15053,0.0002088487259309848,0.0011723654915486539,0.0003309750919646873,0.005477225575051662,15019,0.0024486680839606867,0.01379649724871589,0.005477225575051662,0.09064126192070304,14761,0.029021201430277387,0.17040654199813554,0.09064126192070304,1.5000000000000002,15071,0.07456108361184023,0.6465586128282955
90,cotrain,0.09718594238416761,0.021369793961763892,0.041941889697033115,0.041941889697033115,1.2948348147913789,1.260747579173145,0.5130536297702382,0.3864179468180379,0.6898663254120411,-0.95116877492167,0.2083863908918495,0.20804822381235596,0.02643622821356114,0.02643622821356114,0.026774395428375047,0.0,0.13526688223211175,0.4086544996398127,0.048317346395526685,0.0,0.694182265135977,0.5300783066605874,0.0,1.0,1.0,0.1,1.0,0.0008,0.0,0.00044148806176652513,0.0007063105437904892,0.15100408542869437,0.15100408542869437,0.0,0.0,0.0,0.0,1.0,1.0,0.12976330518722534,0.31848061084747314,0.31287819147109985,0.31287819147109985,183.19508361816406,346.53936767578125,0,0.0,0.0,0.0,0,0.0,0.0,0.0,0.0,0.0,0.0,0.0,0.0,0.0,6.540991058716407,6.879169775867291,2.8288629055023193,17.571420669555664,0.325693012386255,0.9040970564113207,1.0,1.0,canonical,unweighted-eps,1.0,2e-05,0.0003309750919646873,15026,0.0002049420714245966,0.0011503883759218059,0.0003309750919646873,0.005477225575051662,15010,0.002423630685338888,0.013655827456041625,0.005477225575051662,0.09064126192070304,14817,0.02868099763195967,0.1683550940887756,0.09064126192070304,1.5000000000000002,15051,0.07436125940297911,0.6475412703203558
91,cotrain,0.09705996085117516,0.021450532739584006,0.04102599018245426,0.04102599018245426,1.2805106130176833,1.2447525155849946,0.506009103396,0.3814602854032802,0.6853597896476077,-0.9639868329987566,0.20923364471293923,0.20889333836161172,0.026562426163631882,0.026562426163631882,0.026902732658239767,0.0,0.13612259157065654,0.40510544320966446,0.04830566757860092,0.0,0.6930723136816269,0.5273785202069463,0.0,1.0,1.0,0.1,1.0,0.0008,0.0,0.00044022128841720735,0.0007042821832572129,0.14250498190203792,0.14250498190203792,0.0,0.0,0.0,0.0,1.0,1.0,0.11694600433111191,0.29989755153656006,0.33241987228393555,0.33241987228393555,184.0080108642578,348.0272216796875,0,0.0,0.0,0.0,0,0.0,0.0,0.0,0.0,0.0,0.0,0.0,0.0,0.0,6.5399352179633246,6.879805337738165,2.8288629055023193,17.571420669555664,0.3265540735944119,0.9036382221710964,1.0,1.0,canonical,unweighted-eps,1.0,2e-05,0.0003309750919646873,15099,0.00020997418661621148,0.0011789624691078604,0.0003309750919646873,0.005477225575051662,14955,0.0024503829760401594,0.013806600179691372,0.005477225575051662,0.09064126192070304,14792,0.029073643170220584,0.17065585283345955,0.09064126192070304,1.5000000000000002,15058,0.07446688575911829,0.6484876055216501
92,cotrain,0.09712545826840095,0.021433810110434763,0.04132204402524691,0.04132204402524691,1.2851205676709572,1.247312788779919,0.505817583292468,0.37877262154450786,0.6845497134913746,-0.9710326907981155,0.209303493396594,0.2089601818822388,0.02648254694082798,0.02648254694082798,0.02682585857060348,0.0,0.13732463396830946,0.4095601843208329,0.04827983748231433,0.0,0.6906072949497108,0.53072847370317,0.0,1.0,1.0,0.1,1.0,0.0008,0.0,0.00043894281216515295,0.0007022350840079313,0.14240499931331882,0.14240499931331882,0.0,0.0,0.0,0.0,1.0,1.0,0.12482607364654541,0.2922435998916626,0.32950103282928467,0.32950103282928467,184.83908081054688,349.52264404296875,0,0.0,0.0,0.0,0,0.0,0.0,0.0,0.0,0.0,0.0,0.0,0.0,0.0,6.554612923891116,6.900461564396165,2.8288629055023193,17.571420669555664,0.32910845494938296,0.9022727007739818,1.0,1.0,canonical,unweighted-eps,1.0,2e-05,0.0003309750919646873,14834,0.0002048852764262401,0.0011499500394598788,0.0003309750919646873,0.005477225575051662,15221,0.002472734337706978,0.013932546911160679,0.005477225575051662,0.09064126192070304,14876,0.02919654127858473,0.17140483316089172,0.09064126192070304,1.5000000000000002,14973,0.07422734136485244,0.650411189983788
93,cotrain,0.09690155612670967,0.02141922602079745,0.04077424965480454,0.04077424965480454,1.2765309891238035,1.2396570719205415,0.5062299056185616,0.3772774737996933,0.6848107338206381,-0.9750733790744064,0.2086360792701061,0.20829323252551576,0.026508007672193468,0.026508007672193468,0.026850854150123067,0.0,0.1371385921111219,0.4088398532098175,0.04829323842612087,0.0,0.6876025737350823,0.5348769035966446,0.0,1.0,1.0,0.1,1.0,0.0008,0.0,0.0004376527118727993,0.000700169372317369,0.1406311613276728,0.1406311613276728,0.0,0.0,0.0,0.0,1.0,1.0,0.11599606275558472,0.2793252170085907,0.3197754919528961,0.3197754919528961,185.63475036621094,351.03973388671875,0,0.0,0.0,0.0,0,0.0,0.0,0.0,0.0,0.0,0.0,0.0,0.0,0.0,6.545429439626188,6.885694383575321,2.8288629055023193,17.571420669555664,0.3266078621522455,0.9036095351029413,1.0,1.0,canonical,unweighted-eps,1.0,2e-05,0.0003309750919646873,14997,0.00021177817347129183,0.0011887245459970557,0.0003309750919646873,0.005477225575051662,14910,0.0024813383517850573,0.013980973483451176,0.005477225575051662,0.09064126192070304,14918,0.028956195191477848,0.16999328981888712,0.09064126192070304,1.5000000000000002,15079,0.07399657662947777,0.6442969889703737
94,cotrain,0.09688558762208518,0.021418906453774016,0.04095880928425453,0.04095880928425453,1.2794188075913435,1.2410905205795908,0.5049573098365058,0.3763332391778628,0.6838062878093149,-0.977517560761199,0.20943524971859068,0.2090904375172069,0.026619779479363535,0.026619779479363535,0.02696459203098829,0.0,0.13792502174838486,0.40982481779960483,0.048126274942714944,0.0,0.687812676287105,0.5312709127693103,0.0,1.0,1.0,0.1,1.0,0.0008,0.0,0.00043635106711960927,0.0006980851756083534,0.13412752957680288,0.13412752957680288,0.0,0.0,0.0,0.0,1.0,1.0,0.1169734001159668,0.2841443121433258,0.32631465792655945,0.32631465792655945,186.43113708496094,352.4970703125,0,0.0,0.0,0.0,0,0.0,0.0,0.0,0.0,0.0,0.0,0.0,0.0,0.0,6.544446532542889,6.885334356671239,2.8288629055023193,17.571420669555664,0.3269394173289231,0.9034326426079049,1.0,1.0,canonical,unweighted-eps,1.0,2e-05,0.0003309750919646873,14851,0.00020798186896492152,0.001167579910659395,0.0003309750919646873,0.005477225575051662,14959,0.002462175618766248,0.013872930221844822,0.005477225575051662,0.09064126192070304,14998,0.028883030349722796,0.169503159913433,0.09064126192070304,1.5000000000000002,15096,0.07429273745561316,0.6464149609531874
95,cotrain,0.09648273893210113,0.021338074575536527,0.041065362075136766,0.041065362075136766,1.2810701345778106,1.2450485637045314,0.5024253107034243,0.3742507726081416,0.6820176916244702,-0.9830451452324533,0.2085357864952495,0.20819351580153164,0.02645056324604994,0.02645056324604994,0.02679283417458845,0.0,0.13690836439466375,0.40830525214600766,0.04781636087876609,0.0,0.6897850200915948,0.5310271316582066,0.0,1.0,1.0,0.1,1.0,0.0008,0.0,0.00043503795819716266,0.0006959826224439549,0.1381116010980983,0.1381116010980983,0.0,0.0,0.0,0.0,1.0,1.0,0.11357778310775757,0.2870243489742279,0.30939972400665283,0.30939972400665283,187.21470642089844,353.9339599609375,0,0.0,0.0,0.0,0,0.0,0.0,0.0,0.0,0.0,0.0,0.0,0.0,0.0,6.547543437052996,6.889794303054563,2.8288629055023193,17.571420669555664,0.32752956327465776,0.9031175134869789,1.0,1.0,canonical,unweighted-eps,1.0,2e-05,0.0003309750919646873,14956,0.00020985430053341363,0.0011777010869347387,0.0003309750919646873,0.005477225575051662,14991,0.002488958312803746,0.014023948988883636,0.005477225575051662,0.09064126192070304,14951,0.02908141282232906,0.17065379882877818,0.09064126192070304,1.5000000000000002,15006,0.07392028427340103,0.6458971571258175
96,cotrain,0.09650723496053973,0.02134324388546694,0.0409436520969129,0.0409436520969129,1.2791939447668257,1.2453397497152672,0.5048188716173172,0.3772279849419227,0.6841402708465217,-0.9751285855841433,0.20837697759270668,0.20803707780746314,0.02645207326620435,0.02645207326620435,0.026791973039507866,0.0,0.13595989669681105,0.40606813489371896,0.0479021873882311,0.0,0.6894020368146081,0.5305344094397922,0.0,1.0,1.0,0.1,1.0,0.0008,0.0,0.00043371346610420315,0.0006938618425195568,0.13282303072703192,0.13282303072703192,0.0,0.0,0.0,0.0,1.0,1.0,0.12872381508350372,0.37458011507987976,0.3311299979686737,0.3311299979686737,187.9917449951172,355.34234619140625,0,0.0,0.0,0.0,0,0.0,0.0,0.0,0.0,0.0,0.0,0.0,0.0,0.0,6.547622070353255,6.8897368840228665,2.8288629055023193,17.571420669555664,0.3274607824842293,0.9031542593337669,1.0,1.0,canonical,unweighted-eps,1.0,2e-05,0.0003309750919646873,14664,0.00020107100738999493,0.0011290171605611572,0.0003309750919646873,0.005477225575051662,15170,0.002435507770718598,0.013722707565945076,0.005477225575051662,0.09064126192070304,15111,0.028743429158636567,0.16864919228585643,0.09064126192070304,1.5000000000000002,14959,0.07422607667354174,0.6477081212889695
97,cotrain,0.09647166829269666,0.021273021928520285,0.041374808201232016,0.041374808201232016,1.2859444002015743,1.2515762873694427,0.505439884069129,0.3763978176264681,0.6844649522477745,-0.9774170528110276,0.20822301347795716,0.2078831064968537,0.02638683894362587,0.02638683894362587,0.02672674619935007,0.0,0.13596289127300948,0.40710564486236656,0.04780500187960445,0.0,0.6883066197236379,0.5318592907711625,0.0,1.0,1.0,0.1,1.0,0.0008,0.0,0.0004323776725416418,0.0006917229666548543,0.14450614353339386,0.14450614353339386,0.0,0.0,0.0,0.0,1.0,1.0,0.11814095079898834,0.30258795619010925,0.331160306930542,0.331160306930542,188.77232360839844,356.74542236328125,0,0.0,0.0,0.0,0,0.0,0.0,0.0,0.0,0.0,0.0,0.0,0.0,0.0,6.545580721309042,6.885108039657567,2.8288629055023193,17.571420669555664,0.3262408358582293,0.9038052236338833,1.0,1.0,canonical,unweighted-eps,1.0,2e-05,0.0003309750919646873,14959,0.00020381784387748684,0.0011439469915441958,0.0003309750919646873,0.005477225575051662,14807,0.002435024790483443,0.013720142052957287,0.005477225575051662,0.09064126192070304,15147,0.02874852050418719,0.1687438653752128,0.09064126192070304,1.5000000000000002,14991,0.07378554085735387,0.6455072958071311
98,cotrain,0.0961828910960601,0.021235009444415823,0.0409190164735684,0.0409190164735684,1.2787754979786456,1.2425545515158238,0.5010171891150311,0.37439989139381635,0.6814401813297191,-0.9828043788926214,0.20828398234314388,0.20794423344807747,0.026472016599857144,0.026472016599857144,0.02681176572974421,0.0,0.13589964440872526,0.4053416918867674,0.04766419169325859,0.0,0.6899834103309191,0.531685254297271,0.0,1.0,1.0,0.1,1.0,0.0008,0.0,0.0004310306599075177,0.0006895661267857858,0.135390746829092,0.135390746829092,0.0,0.0,0.0,0.0,1.0,1.0,0.11733181029558182,0.2912277281284332,0.2981647253036499,0.2981647253036499,189.54122924804688,358.1011657714844,0,0.0,0.0,0.0,0,0.0,0.0,0.0,0.0,0.0,0.0,0.0,0.0,0.0,6.538527659880809,6.876439954625644,2.8288629055023193,17.571420669555664,0.32562432908188005,0.904133623593733,1.0,1.0,canonical,unweighted-eps,1.0,2e-05,0.0003309750919646873,14860,0.00020823097575648936,0.0011688679704896373,0.0003309750919646873,0.005477225575051662,15059,0.002426231350348729,0.013670322884600732,0.005477225575051662,0.09064126192070304,14986,0.02894714169416029,0.16991848061372072,0.09064126192070304,1.5000000000000002,14999,0.07416140317869183,0.6458472092872191
99,cotrain,0.0962158168037223,0.02125858886836049,0.041178681847886145,0.041178681847886145,1.2828410167620685,1.2462989833110418,0.5020945333262794,0.3733252265259751,0.6817646742376506,-0.9855456773796653,0.20881102617798197,0.20847135818857923,0.026457554541337185,0.026457554541337185,0.026797222678000346,0.0,0.13586725038277286,0.4056413665923298,0.04750764059523741,0.0,0.6885361993669444,0.5364095975986173,0.0,1.0,1.0,0.1,1.0,0.0008,0.0,0.0004296725112919152,0.0006873914559563943,0.13857205173908135,0.13857205173908135,0.0,0.0,0.0,0.0,1.0,1.0,0.11764250695705414,0.29610562324523926,0.3537802994251251,0.3537802994251251,190.30348205566406,359.4580383300781,0,0.0,0.0,0.0,0,0.0,0.0,0.0,0.0,0.0,0.0,0.0,0.0,0.0,6.543922797227517,6.883645706729119,2.8288629055023193,17.571420669555664,0.32637954958449367,0.9037312811158876,1.0,1.0,canonical,unweighted-eps,1.0,2e-05,0.0003309750919646873,15132,0.00020260692389690305,0.0011372013847675236,0.0003309750919646873,0.005477225575051662,14945,0.0024702725845381903,0.013918795694113176,0.005477225575051662,0.09064126192070304,14806,0.02880508294544171,0.169016631265017,0.09064126192070304,1.5000000000000002,15021,0.07445850591987786,0.6497958495465966
100,cotrain,0.09587115975908744,0.021048459359723277,0.041439649648964405,0.041439649648964405,1.2869323845864826,1.2517745637486124,0.5048763081431389,0.3748253972357155,0.6834843757315578,-0.9815472201404408,0.20739015185425425,0.20705290775523227,0.02635158884187794,0.02635158884187794,0.026688832960799973,0.0,0.1348976311711674,0.4063270106020137,0.04741649113149724,0.0,0.6859451002544827,0.5391081959811018,0.0,1.0,1.0,0.1,1.0,0.0008,0.0,0.00042830331047183834,0.0006851990883106199,0.14398065674254018,0.14398065674254018,0.0,0.0,0.0,0.0,1.0,1.0,0.11903887987136841,0.3035089373588562,0.3359231650829315,0.3359231650829315,191.05276489257812,360.8786315917969,0,0.0,0.0,0.0,0,0.0,0.0,0.0,0.0,0.0,0.0,0.0,0.0,0.0,6.536586584188999,6.876582143705939,2.8288629055023193,17.571420669555664,0.32670162761238986,0.9035595202003791,1.0,1.0,canonical,unweighted-eps,1.0,2e-05,0.0003309750919646873,14993,0.00021304160859732718,0.0011956653380870246,0.0003309750919646873,0.005477225575051662,15129,0.0025047467719504723,0.014112978058707905,0.005477225575051662,0.09064126192070304,14921,0.028715402658867233,0.16851540647557461,0.09064126192070304,1.5000000000000002,14861,0.0746258395524022,0.6498510975366357
101,cotrain,0.09606363815374863,0.02109949355228589,0.041579867601713054,0.041579867601713054,1.2891485756069796,1.2538169520532982,0.505909696730793,0.3780447373278121,0.6848058101967869,-0.9731434797629331,0.20859583562765366,0.208260619519358,0.026429788913959876,0.026429788913959876,0.026765004926735263,0.0,0.13408642451668906,0.40553827380013263,0.04739093785293591,0.0,0.6839487133627264,0.5393204326874728,0.0,1.0,1.0,0.1,1.0,0.0008,0.0,0.0004269231419060432,0.0006829891590840262,0.13287867274549273,0.13287867274549273,0.0,0.0,0.0,0.0,1.0,1.0,0.1250898838043213,0.2872595191001892,0.36299872398376465,0.36299872398376465,191.82171630859375,362.2190856933594,0,0.0,0.0,0.0,0,0.0,0.0,0.0,0.0,0.0,0.0,0.0,0.0,0.0,6.541464654808371,6.878015160823004,2.8288629055023193,17.571420669555664,0.32487625150313615,0.9045315939171117,1.0,1.0,canonical,unweighted-eps,1.0,2e-05,0.0003309750919646873,15028,0.00020179202737552425,0.001132697224322511,0.0003309750919646873,0.005477225575051662,14875,0.0024287915595439303,0.013684849037843592,0.005477225575051662,0.09064126192070304,14878,0.028307232361260336,0.16606170042401794,0.09064126192070304,1.5000000000000002,15123,0.07425340667001423,0.646987630822297
102,cotrain,0.09597802233810608,0.021090351737653598,0.041596452832922466,0.041596452832922466,1.2893970367618404,1.2519315063443959,0.5057253903812833,0.37794404171216184,0.6844608681833643,-0.9733916429372934,0.208179052409708,0.2078430589256633,0.026409316525404524,0.026409316525404524,0.026745310184569694,0.0,0.1343974595427768,0.40955316682911325,0.04734312422955648,0.0,0.6863578191170325,0.539668462297911,0.0,1.0,1.0,0.1,1.0,0.0008,0.0,0.0004255320907298281,0.0006807618045954573,0.14246759493636268,0.14246759493636268,0.0,0.0,0.0,0.0,1.0,1.0,0.11873845756053925,0.294697642326355,0.36781319975852966,0.36781319975852966,192.56602478027344,363.61260986328125,0,0.0,0.0,0.0,0,0.0,0.0,0.0,0.0,0.0,0.0,0.0,0.0,0.0,6.536202979902936,6.8736549780877185,2.8288629055023193,17.571420669555664,0.3254562081855364,0.9042231115590408,1.0,1.0,canonical,unweighted-eps,1.0,2e-05,0.0003309750919646873,15052,0.0002083204547549669,0.0011689124149751734,0.0003309750919646873,0.005477225575051662,14932,0.0024372345832531523,0.013732694286005829,0.005477225575051662,0.09064126192070304,15029,0.02887873051448753,0.1695632720249,0.09064126192070304,1.5000000000000002,14891,0.07443938192227043,0.6500311020150562
103,cotrain,0.09585581544754851,0.021084131020256597,0.041056070922531634,0.041056070922531634,1.2809063846494673,1.2472419812638535,0.500855178405077,0.3719222986927399,0.6807917832818806,-0.9893484679806945,0.20793690137628817,0.20759867418270844,0.026412358953275233,0.026412358953275233,0.0267505862742153,0.0,0.13529092436417556,0.4085147890270266,0.04741425624387896,0.0,0.683394594834401,0.5436211289682736,0.0,1.0,1.0,0.1,1.0,0.0008,0.0,0.00042413024274978197,0.00067851716223863,0.14819064897158715,0.14819064897158715,0.0,0.0,0.0,0.0,1.0,1.0,0.1245555579662323,0.3208196759223938,0.35253462195396423,0.35253462195396423,193.30657958984375,364.9501953125,0,0.0,0.0,0.0,0,0.0,0.0,0.0,0.0,0.0,0.0,0.0,0.0,0.0,6.542634251790169,6.8833912299015,2.8288629055023193,17.571420669555664,0.3269214900817,0.9034422100344438,1.0,1.0,canonical,unweighted-eps,1.0,2e-05,0.0003309750919646873,14933,0.0002064725689962681,0.0011589700404896625,0.0003309750919646873,0.005477225575051662,14974,0.002477762446701089,0.0139610892204269,0.005477225575051662,0.09064126192070304,15050,0.029050176814941077,0.17051795040650225,0.09064126192070304,1.5000000000000002,14947,0.07391553669380346,0.6451686323945193
104,cotrain,0.09561411940898651,0.021123024782277327,0.040921180843351744,0.040921180843351744,1.278773274804793,1.2440127198003297,0.4978516224103096,0.36987451425729656,0.6788388800162536,-0.9948988006665156,0.20717531577962586,0.20683678325552207,0.026373184719879147,0.026373184719879147,0.02671171687782193,0.0,0.13541287193313623,0.4086153310460922,0.047228699486352436,0.0,0.6824259798750918,0.5411248244225788,0.0,1.0,1.0,0.1,1.0,0.0008,0.0,0.00042271768443849164,0.0006762553704736581,0.13694491921963856,0.13694491921963856,0.0,0.0,0.0,0.0,1.0,1.0,0.11493127793073654,0.2771896421909332,0.3912467658519745,0.3912467658519745,194.03501892089844,366.2855224609375,0,0.0,0.0,0.0,0,0.0,0.0,0.0,0.0,0.0,0.0,0.0,0.0,0.0,6.537457701487419,6.875548459267728,2.8288629055023193,17.571420669555664,0.3257397956042713,0.9040721461741075,1.0,1.0,canonical,unweighted-eps,1.0,2e-05,0.0003309750919646873,15109,0.00021122737983186816,0.0011855131315369571,0.0003309750919646873,0.005477225575051662,14801,0.002455724626386917,0.01383630308087843,0.005477225575051662,0.09064126192070304,14981,0.028935649244435663,0.16983993520851917,0.09064126192070304,1.5000000000000002,15013,0.07372514998929486,0.6409961754688295
105,cotrain,0.09594985568880016,0.02119890908097737,0.04110305973639091,0.04110305973639091,1.2816336480649977,1.245038137731389,0.5003162674032725,0.3715126377522436,0.6802138800804431,-0.9903916670725896,0.20869735096637002,0.208360253713834,0.026496542116197255,0.026496542116197255,0.0268336395199737,0.0,0.1348389586290488,0.406655851401325,0.047286523020484,0.0,0.6829963548061175,0.542698546910746,0.0,1.0,1.0,0.1,1.0,0.0008,0.0,0.0004212945029292074,0.0006739765688185116,0.12931888724048424,0.12931888724048424,0.0,0.0,0.0,0.0,1.0,1.0,0.11755207180976868,0.3061686158180237,0.27210211753845215,0.27210211753845215,194.75689697265625,367.6029968261719,0,0.0,0.0,0.0,0,0.0,0.0,0.0,0.0,0.0,0.0,0.0,0.0,0.0,6.543116917976966,6.882137269792615,2.8288629055023193,17.571420669555664,0.32605394784857217,0.9039048152755716,1.0,1.0,canonical,unweighted-eps,1.0,2e-05,0.0003309750919646873,14926,0.00020625445219354547,0.0011578326056242531,0.0003309750919646873,0.005477225575051662,15040,0.0025043170953645034,0.014110737381146309,0.005477225575051662,0.09064126192070304,14851,0.028668405030216965,0.16820479654622042,0.09064126192070304,1.5000000000000002,15087,0.07428586858320942,0.6465232246334702
106,cotrain,0.09576907072566514,0.021128318332231198,0.041281250735314995,0.041281250735314995,1.2844518271425973,1.2496344202604048,0.503447329514047,0.3736991998858941,0.6826780402762258,-0.9846291379031972,0.2072224041654004,0.20689060889248156,0.026294241555862956,0.026294241555862956,0.02662603711932261,0.0,0.13271821672335649,0.4016937002794355,0.04725947949844293,0.0,0.6819095979643683,0.5454306877377387,0.0,1.0,1.0,0.1,1.0,0.0008,0.0,0.0004198607860104686,0.0006716808978404108,0.1316163763563093,0.1316163763563093,0.0,0.0,0.0,0.0,1.0,1.0,0.11643795669078827,0.2910376787185669,0.2969072759151459,0.2969072759151459,195.47459411621094,368.88653564453125,0,0.0,0.0,0.0,0,0.0,0.0,0.0,0.0,0.0,0.0,0.0,0.0,0.0,6.547063634945796,6.8872209331611955,2.8288629055023193,17.571420669555664,0.32651309700012504,0.9036600742821703,1.0,1.0,canonical,unweighted-eps,1.0,2e-05,0.0003309750919646873,15041,0.00020162834343839442,0.0011317994093615184,0.0003309750919646873,0.005477225575051662,14942,0.0024241892821122452,0.013658720863829207,0.005477225575051662,0.09064126192070304,14810,0.02875106737953356,0.16879619421949263,0.09064126192070304,1.5000000000000002,15111,0.07346118768971346,0.6401026669410684
107,cotrain,0.0957689243567805,0.021094460621412493,0.04137015882401894,0.04137015882401894,1.2858375692842154,1.2511650351887076,0.5030194871828088,0.37294093493977165,0.6823639166660798,-0.9866652733240372,0.20844964533407465,0.20811820858054692,0.026388547510609157,0.026388547510609157,0.026719984526817616,0.0,0.13257479736119762,0.4023305056696264,0.0471244381629249,0.0,0.6810932224377607,0.5450706411666499,0.0,1.0,1.0,0.1,1.0,0.0008,0.0,0.00041841662212068804,0.0006693684991471549,0.14273579843724385,0.14273579843724385,0.0,0.0,0.0,0.0,1.0,1.0,0.1174858883023262,0.2871858477592468,0.3564985990524292,0.3564985990524292,196.1961212158203,370.18792724609375,0,0.0,0.0,0.0,0,0.0,0.0,0.0,0.0,0.0,0.0,0.0,0.0,0.0,6.5578116983429995,6.9024031673459065,2.8288629055023193,17.571420669555664,0.328412224798721,0.9026455363100255,1.0,1.0,canonical,unweighted-eps,1.0,2e-05,0.0003309750919646873,14908,0.00020257128502045108,0.0011368654302249157,0.0003309750919646873,0.005477225575051662,14894,0.002445801283163209,0.013780918057867388,0.005477225575051662,0.09064126192070304,14890,0.02854831432479592,0.16757044640061358,0.09064126192070304,1.5000000000000002,15212,0.07337940142808573,0.6409274131851136
108,cotrain,0.09543169937773138,0.020947367935958836,0.04183364758252078,0.04183364758252078,1.2930760159960484,1.258287764257855,0.5070166657877784,0.37548474801911247,0.6848296002190337,-0.9797347880836226,0.20686045223767432,0.20652851220379528,0.026270275617129784,0.026270275617129784,0.02660221542016818,0.0,0.13277591744230854,0.40741914440678734,0.04692678833300741,0.0,0.6816327324789814,0.5441677510940109,0.0,1.0,1.0,0.1,1.0,0.0008,0.0,0.0004169621003426972,0.000667039515378388,0.13430278974338475,0.13430278974338475,0.0,0.0,0.0,0.0,1.0,1.0,0.11675212532281876,0.280867338180542,0.33401694893836975,0.33401694893836975,196.90235900878906,371.4494934082031,0,0.0,0.0,0.0,0,0.0,0.0,0.0,0.0,0.0,0.0,0.0,0.0,0.0,6.54074463681278,6.877529825907973,2.8288629055023193,17.571420669555664,0.32501068104793457,0.9044601203107563,1.0,1.0,canonical,unweighted-eps,1.0,2e-05,0.0003309750919646873,14836,0.000200268139566269,0.0011242691096773154,0.0003309750919646873,0.005477225575051662,15087,0.0024219913319392275,0.013646766033744357,0.005477225575051662,0.09064126192070304,14967,0.02853230000928113,0.16750665106690224,0.09064126192070304,1.5000000000000002,15014,0.07374050188623542,0.642216833926905
109,cotrain,0.09533170258833303,0.020954789243574835,0.04128642155764959,0.04128642155764959,1.284470111766486,1.2487421919647446,0.4972430754166383,0.36750704113744265,0.6778346626167624,-1.001317798327177,0.20752868361962148,0.2071939444440043,0.026325557886376087,0.026325557886376087,0.02666029681523259,0.0,0.1338955951679466,0.4054494161381681,0.04691108683140105,0.0,0.6804627506141989,0.5454769964488104,0.0,1.0,1.0,0.1,1.0,0.0008,0.0,0.0004154973103982507,0.0006646940901967993,0.12863213419277444,0.12863213419277444,0.0,0.0,0.0,0.0,1.0,1.0,0.11677878350019455,0.2806391417980194,0.27488648891448975,0.27488648891448975,197.59353637695312,372.7135009765625,0,0.0,0.0,0.0,0,0.0,0.0,0.0,0.0,0.0,0.0,0.0,0.0,0.0,6.551172423566508,6.894183269449374,2.8288629055023193,17.571420669555664,0.3278091292381575,0.9029681079192086,1.0,1.0,canonical,unweighted-eps,1.0,2e-05,0.0003309750919646873,14993,0.00020069343989910897,0.0011266462250431853,0.0003309750919646873,0.005477225575051662,14997,0.0024572731874251737,0.013845428651536696,0.005477225575051662,0.09064126192070304,14750,0.028882109195499096,0.16956067418243925,0.09064126192070304,1.5000000000000002,15164,0.07327449105560103,0.6387624894053853
110,cotrain,0.09560069161602575,0.02108567166261566,0.04121566571804703,0.04121566571804703,1.2833680017925653,1.2463574103820019,0.4986276333021302,0.3665199304620425,0.6787585877200477,-1.0040576957229874,0.20855797101289797,0.20822588328877065,0.026419657927293044,0.026419657927293044,0.026751745973801255,0.0,0.132835201250437,0.4002683263940689,0.04696909499824302,0.0,0.680893004577384,0.5483159910196947,0.0,1.0,1.0,0.1,1.0,0.0008,0.0,0.0004140223426424922,0.0006623323682792621,0.12977005390084198,0.12977005390084198,0.0,0.0,0.0,0.0,1.0,1.0,0.11885935068130493,0.3090047240257263,0.26707005500793457,0.26707005500793457,198.29139709472656,373.9757995605469,0,0.0,0.0,0.0,0,0.0,0.0,0.0,0.0,0.0,0.0,0.0,0.0,0.0,6.553383318786947,6.896239591796414,2.8288629055023193,17.571420669555664,0.3276766784286287,0.9030389019729663,1.0,1.0,canonical,unweighted-eps,1.0,2e-05,0.0003309750919646873,14920,0.00020279951912323489,0.0011386794234743347,0.0003309750919646873,0.005477225575051662,14869,0.002434796661266811,0.013718838277898292,0.005477225575051662,0.09064126192070304,14939,0.02850708909059945,0.16727173804789952,0.09064126192070304,1.5000000000000002,15176,0.07363910306172429,0.6427066618980203
111,cotrain,0.09481597760230558,0.020900732718217067,0.041538344712084174,0.041538344712084174,1.288407213183777,1.2521764231033814,0.4979349010520511,0.3664270372599618,0.6783244085108113,-1.0041707433187044,0.20493193432433993,0.2046031108778766,0.026042112690579686,0.026042112690579686,0.026370935898242343,0.0,0.1315292907703636,0.40278105374075407,0.046579053776704855,0.0,0.6803596650178616,0.5473400075645305,0.0,1.0,1.0,0.1,1.0,0.0008,0.0,0.00041253728805838036,0.0006599544953079088,0.13877508154091162,0.13877508154091162,0.0,0.0,0.0,0.0,1.0,1.0,0.1150994598865509,0.26902294158935547,0.2792588174343109,0.2792588174343109,198.9787139892578,375.1680603027344,0,0.0,0.0,0.0,0,0.0,0.0,0.0,0.0,0.0,0.0,0.0,0.0,0.0,6.536655168248038,6.877914578591492,2.8288629055023193,17.571420669555664,0.32732194031832196,0.9032284207680447,1.0,1.0,canonical,unweighted-eps,1.0,2e-05,0.0003309750919646873,15109,0.0001996437998266517,0.0011206351107682815,0.0003309750919646873,0.005477225575051662,14864,0.002441421457675593,0.013756149543691887,0.005477225575051662,0.09064126192070304,15101,0.02872695927430159,0.1685895536776513,0.09064126192070304,1.5000000000000002,14830,0.07329165213669142,0.6398699150805689
112,cotrain,0.09488661853103046,0.0209047839554966,0.041203963331496105,0.041203963331496105,1.28320692485348,1.2483821730328422,0.5011974508818399,0.36948670994522226,0.6805682824208186,-0.9959501192355767,0.2064006064628434,0.20607289474489343,0.026245870508062534,0.026245870508062534,0.026573582492673244,0.0,0.13108477929336393,0.3991285599449761,0.04659781417148745,0.0,0.677861371738279,0.5489762236138942,0.0,1.0,1.0,0.1,1.0,0.0008,0.0,0.00041104223825107737,0.0006575606179611451,0.13217698289957056,0.13217698289957056,0.0,0.0,0.0,0.0,1.0,1.0,0.11704398691654205,0.3112914562225342,0.3747345507144928,0.3747345507144928,199.66241455078125,376.4362487792969,0,0.0,0.0,0.0,0,0.0,0.0,0.0,0.0,0.0,0.0,0.0,0.0,0.0,6.541384489108355,6.877772878666149,2.8288629055023193,17.571420669555664,0.3247980737958945,0.9045731510969268,1.0,1.0,canonical,unweighted-eps,1.0,2e-05,0.0003309750919646873,14794,0.00020300857405162762,0.0011398787235664132,0.0003309750919646873,0.005477225575051662,15181,0.0024702015825685372,0.013918377890447706,0.005477225575051662,0.09064126192070304,14889,0.02851588385445731,0.16733306787662378,0.09064126192070304,1.5000000000000002,15040,0.0736141082454235,0.6399607943093523
113,cotrain,0.09493543774398983,0.020958324070446767,0.04102781337773443,0.04102781337773443,1.2804147462208892,1.2452420212774196,0.49928828035919076,0.36503896079002285,0.6787471124249645,-1.0081722465081093,0.20672763747155157,0.20639863207490525,0.026247724669818312,0.026247724669818312,0.026576730370935466,0.0,0.13160226205921072,0.39991620539600015,0.04661578537784835,0.0,0.6799928766285253,0.549034525779858,0.0,1.0,1.0,0.1,1.0,0.0008,0.0,0.0004095372854422976,0.0006551508839046019,0.13158621524388975,0.13158621524388975,0.0,0.0,0.0,0.0,1.0,1.0,0.12681996822357178,0.319397509098053,0.31566640734672546,0.31566640734672546,200.32655334472656,377.6278991699219,0,0.0,0.0,0.0,0,0.0,0.0,0.0,0.0,0.0,0.0,0.0,0.0,0.0,6.546292525071364,6.887823728760987,2.8288629055023193,17.571420669555664,0.32720831948330786,0.903289096087041,1.0,1.0,canonical,unweighted-eps,1.0,2e-05,0.0003309750919646873,15016,0.00020091119918540085,0.0011280514636028858,0.0003309750919646873,0.005477225575051662,15075,0.0024994123177247657,0.014083280695809258,0.005477225575051662,0.09064126192070304,14827,0.02893555270666345,0.16983103787512294,0.09064126192070304,1.5000000000000002,14986,0.07357672059327566,0.6417172385617568
114,cotrain,0.09471345299647914,0.020871054315461945,0.040968686485519774,0.040968686485519774,1.2794792127483128,1.2472374487636435,0.49912003688832635,0.36518796864483094,0.6784279585903527,-1.0077261394924588,0.2070312706960572,0.20669908528653985,0.02642757687956477,0.02642757687956477,0.026759762424402513,0.0,0.13287422901544815,0.40560453620731324,0.04642516267127716,0.0,0.6764551660953424,0.5549100290463529,0.0,1.0,1.0,0.1,1.0,0.0008,0.0,0.0004080225224646192,0.0006527254417820267,0.12901644273382476,0.12901644273382476,0.0,0.0,0.0,0.0,1.0,1.0,0.11309889703989029,0.27831387519836426,0.2959068715572357,0.2959068715572357,200.99778747558594,378.8025207519531,0,0.0,0.0,0.0,0,0.0,0.0,0.0,0.0,0.0,0.0,0.0,0.0,0.0,6.522752336966685,6.8504613351279176,2.8288629055023193,17.571420669555664,0.3209454224981782,0.9066134113833746,1.0,1.0,canonical,unweighted-eps,1.0,2e-05,0.0003309750919646873,14853,0.00020442153850107198,0.0011477383243136115,0.0003309750919646873,0.005477225575051662,15124,0.0024862406286170827,0.014008747981760244,0.005477225575051662,0.09064126192070304,14938,0.028987893237935474,0.170186250512101,0.09064126192070304,1.5000000000000002,14989,0.07401816249569752,0.6411998241561226
115,cotrain,0.0948512493354133,0.02092905073132143,0.04138350982664742,0.04138350982664742,1.2860014849858858,1.2499694164492126,0.5004049437040956,0.36733774987296164,0.6798789963508264,-1.0017578990286231,0.20679318201210764,0.20646710025194365,0.026266886446720514,0.026266886446720514,0.02659296829842477,0.0,0.13043275270133448,0.39922260161903167,0.046406826657107755,0.0,0.6765655755487263,0.552808920255543,0.0,1.0,1.0,0.1,1.0,0.0008,0.0,0.000406498042755758,0.0006502844412061147,0.1264849674497914,0.1264849674497914,0.0,0.0,0.0,0.0,1.0,1.0,0.11420194059610367,0.2853688895702362,0.29995986819267273,0.29995986819267273,201.67218017578125,379.97674560546875,0,0.0,0.0,0.0,0,0.0,0.0,0.0,0.0,0.0,0.0,0.0,0.0,0.0,6.542463187478546,6.881759755043275,2.8288629055023193,17.571420669555664,0.32620681014892694,0.9038233583709818,1.0,1.0,canonical,unweighted-eps,1.0,2e-05,0.0003309750919646873,15004,0.0001986606422214866,0.0011152011969642452,0.0003309750919646873,0.005477225575051662,14946,0.002452757261757286,0.01382032533985184,0.005477225575051662,0.09064126192070304,14840,0.028551964385490212,0.1675395887977672,0.09064126192070304,1.5000000000000002,15114,0.07345115768541904,0.639051648001515
116,cotrain,0.09466941618066058,0.0209196502995542,0.04085712237522388,0.04085712237522388,1.2777089825417351,1.2420143502899723,0.49530842397202796,0.3630351650281849,0.6761009662579267,-1.0134803931682537,0.20604798990564469,0.20572116701967186,0.026202361839704025,0.026202361839704025,0.026529184673936702,0.0,0.1307291307160233,0.40032124417459863,0.0464752699351973,0.0,0.6765156106816398,0.5535392266544952,0.0,1.0,1.0,0.1,1.0,0.0008,0.0,0.00040496394035280305,0.000647828032749279,0.12736339970595306,0.12736339970595306,0.0,0.0,0.0,0.0,1.0,1.0,0.1209620013833046,0.30624300241470337,0.28356966376304626,0.28356966376304626,202.31039428710938,381.1166687011719,0,0.0,0.0,0.0,0,0.0,0.0,0.0,0.0,0.0,0.0,0.0,0.0,0.0,6.5369652733843555,6.875754511644436,2.8288629055023193,17.571420669555664,0.32609718596231707,0.9038817770341996,1.0,1.0,canonical,unweighted-eps,1.0,2e-05,0.0003309750919646873,14987,0.00019811771431858395,0.001112286023690709,0.0003309750919646873,0.005477225575051662,14933,0.0024831152151176665,0.013991108377859707,0.005477225575051662,0.09064126192070304,15032,0.02862114718599228,0.16797898071379405,0.09064126192070304,1.5000000000000002,14952,0.07352485588650579,0.6402395487852184
117,cotrain,0.09459043604632218,0.020818312612608966,0.041458029618375324,0.041458029618375324,1.2871403877495224,1.2474920153617859,0.49771846964573246,0.364640223292204,0.6778935111231275,-1.0091644258071215,0.2063407729833554,0.20601550597920376,0.026240124203997035,0.026240124203997035,0.026565391037008192,0.0,0.13010673248806062,0.4024464880936166,0.04625621813739467,0.0,0.6748014356081302,0.553139653466801,0.0,1.0,1.0,0.1,1.0,0.0008,0.0,0.00040342030988641713,0.0006453563679343644,0.12584032830742434,0.12584032830742434,0.0,0.0,0.0,0.0,1.0,1.0,0.1180066168308258,0.30163371562957764,0.26511478424072266,0.26511478424072266,202.97463989257812,382.26300048828125,0,0.0,0.0,0.0,0,0.0,0.0,0.0,0.0,0.0,0.0,0.0,0.0,0.0,6.544970917905498,6.885280056561591,2.8288629055023193,17.571420669555664,0.3266413403503735,0.9035916786994332,1.0,1.0,canonical,unweighted-eps,1.0,2e-05,0.0003309750919646873,14868,0.00020070609053807824,0.001126713161540907,0.0003309750919646873,0.005477225575051662,14947,0.0024484890297722193,0.013795999258172435,0.005477225575051662,0.09064126192070304,15011,0.028691042746958176,0.1684399885543936,0.09064126192070304,1.5000000000000002,15078,0.07306177836069142,0.6360087175871463
118,cotrain,0.09481479781560409,0.020867352270417742,0.04132324354484295,0.04132324354484295,1.2850383467312454,1.24654221534729,0.5010762790966238,0.36607854030071163,0.6796326679296982,-1.0051249283501225,0.20678030473426876,0.2064566876197982,0.026284063171245094,0.026284063171245094,0.026607680261835583,0.0,0.1294468441643776,0.39982418289296645,0.04644981532906874,0.0,0.6731597834672683,0.55603860459578,0.0,1.0,1.0,0.1,1.0,0.0008,0.0,0.00040186724657499835,0.0006428695992252992,0.13613478261499834,0.13613478261499834,0.0,0.0,0.0,0.0,1.0,1.0,0.11382000148296356,0.28855687379837036,0.2919400930404663,0.2919400930404663,203.63487243652344,383.4264221191406,0,0.0,0.0,0.0,0,0.0,0.0,0.0,0.0,0.0,0.0,0.0,0.0,0.0,6.540619518002893,6.878810747655885,2.8288629055023193,17.571420669555664,0.3257086731196627,0.9040887179277076,1.0,1.0,canonical,unweighted-eps,1.0,2e-05,0.0003309750919646873,14954,0.0002017248722497796,0.001132139729696376,0.0003309750919646873,0.005477225575051662,15007,0.0024349858969829304,0.013719496577173846,0.005477225575051662,0.09064126192070304,14822,0.028769490702273536,0.16890426163666322,0.09064126192070304,1.5000000000000002,15121,0.07331133558907668,0.6376075634257234
119,cotrain,0.09419960753084758,0.02075456562412218,0.04129112047803962,0.04129112047803962,1.2844958388985925,1.2477560427963224,0.49519493207972276,0.360911324301846,0.6756172094844345,-1.0193418354814887,0.20494432871540388,0.20462209148666796,0.02600844022539309,0.02600844022539309,0.026330677430248924,0.0,0.1288949001707837,0.39636891360721016,0.04608622250648645,0.0,0.6742988994233629,0.5559924519859637,0.0,1.0,1.0,0.1,1.0,0.0008,0.0,0.0004003048462188075,0.0006403678800176911,0.12898322643759924,0.12898322643759924,0.0,0.0,0.0,0.0,1.0,1.0,0.11613510549068451,0.29223859310150146,0.2746700644493103,0.2746700644493103,204.26429748535156,384.5872497558594,0,0.0,0.0,0.0,0,0.0,0.0,0.0,0.0,0.0,0.0,0.0,0.0,0.0,6.540180107467195,6.881531300924959,2.8288629055023193,17.571420669555664,0.3272765984474246,0.9032526355910814,1.0,1.0,canonical,unweighted-eps,1.0,2e-05,0.0003309750919646873,15058,0.00020776369654954365,0.0011664366951739983,0.0003309750919646873,0.005477225575051662,15029,0.00245970387825535,0.013859186700991238,0.005477225575051662,0.09064126192070304,14973,0.02886054930917519,0.1693940284630662,0.09064126192070304,1.5000000000000002,14844,0.07314640250658289,0.639685465235236
120,cotrain,0.09423050416522047,0.02066423377006227,0.0415069158308399,0.0415069158308399,1.2878943469067383,1.2531077275928268,0.4982402307482866,0.3640801483112523,0.6778973041691332,-1.010742002700129,0.2055432607507349,0.2052203475410103,0.026182134989967458,0.026182134989967458,0.026505048386752605,0.0,0.1291653466785056,0.4002507752460292,0.04607235928440196,0.0,0.6737577673206981,0.559344652459089,0.0,1.0,1.0,0.1,1.0,0.0008,0.0,0.00039873320519405805,0.0006378513646293647,0.13069627495307443,0.13069627495307443,0.0,0.0,0.0,0.0,1.0,1.0,0.11191949993371964,0.29753684997558594,0.36497822403907776,0.36497822403907776,204.9175567626953,385.6745910644531,0,0.0,0.0,0.0,0,0.0,0.0,0.0,0.0,0.0,0.0,0.0,0.0,0.0,6.537564783014803,6.875490733359621,2.8288629055023193,17.571420669555664,0.32565565756461956,0.9041169448120415,1.0,1.0,canonical,unweighted-eps,1.0,2e-05,0.0003309750919646873,15123,0.0002026697225847271,0.0011378385541415093,0.0003309750919646873,0.005477225575051662,14888,0.0024469164905750354,0.01378715156904316,0.005477225575051662,0.09064126192070304,14864,0.028819857947167463,0.16923038459375933,0.09064126192070304,1.5000000000000002,15029,0.07322786466527567,0.6358113396436649
121,cotrain,0.09424114501119679,0.020791705283853743,0.04071144723038898,0.04071144723038898,1.275419497459267,1.241101832471342,0.4960980910776008,0.36306704001294243,0.6765603801378837,-1.0133234350345073,0.20599580170889187,0.2056732403799,0.026224352781557374,0.026224352781557374,0.026546913899608657,0.0,0.12902445177364552,0.3959538163537653,0.0461802875989268,0.0,0.673053242584579,0.5532715022713185,0.0,1.0,1.0,0.1,1.0,0.0008,0.0,0.00039715242044697157,0.0006353202082908434,0.12375793274109945,0.12375793274109945,0.0,0.0,0.0,0.0,1.0,1.0,0.11659099906682968,0.317337304353714,0.26945823431015015,0.26945823431015015,205.52316284179688,386.7781677246094,0,0.0,0.0,0.0,0,0.0,0.0,0.0,0.0,0.0,0.0,0.0,0.0,0.0,6.536036796040005,6.872451630629354,2.8288629055023193,17.571420669555664,0.32494734386817736,0.9044937977489288,1.0,1.0,canonical,unweighted-eps,1.0,2e-05,0.0003309750919646873,14916,0.00019877541373646424,0.001115731089084953,0.0003309750919646873,0.005477225575051662,14886,0.0024266221724329466,0.01367252939281229,0.005477225575051662,0.09064126192070304,15055,0.028441068907189473,0.16694439866146113,0.09064126192070304,1.5000000000000002,15047,0.0733485542564065,0.6371456334984975
122,cotrain,0.09423858073786792,0.020746618724213198,0.04170293881534002,0.04170293881534002,1.2909411691487622,1.2552730889401884,0.4975466795074634,0.36341662195503205,0.6773788604216698,-1.0123797387648852,0.20495126087568763,0.20463324223573393,0.026009877865067404,0.026009877865067404,0.026327896899042223,0.0,0.12720762046738568,0.39913633179206115,0.04598693920570052,0.0,0.6724359687322226,0.5588214201355178,0.0,1.0,1.0,0.1,1.0,0.0008,0.0,0.0003955625894877972,0.0006327745671357726,0.12240413698948856,0.12240413698948856,0.0,0.0,0.0,0.0,1.0,1.0,0.12250392138957977,0.288070946931839,0.29415303468704224,0.29415303468704224,206.1629638671875,387.8883056640625,0,0.0,0.0,0.0,0,0.0,0.0,0.0,0.0,0.0,0.0,0.0,0.0,0.0,6.548963318523179,6.893544725621902,2.8288629055023193,17.571420669555664,0.3286347731783983,0.902526412649211,1.0,1.0,canonical,unweighted-eps,1.0,2e-05,0.0003309750919646873,15056,0.00020970151957689105,0.0011770581406185861,0.0003309750919646873,0.005477225575051662,14901,0.002428575189949546,0.01368358103363044,0.005477225575051662,0.09064126192070304,14971,0.028685511675429452,0.16837256789709107,0.09064126192070304,1.5000000000000002,14976,0.07273634236592513,0.6354182151775075
123,cotrain,0.09455645251541565,0.020842573310956996,0.04086613301665355,0.04086613301665355,1.2778349374976072,1.2411243113187642,0.49536240502045703,0.3610477124651273,0.6757325913406845,-1.0189035082729454,0.20832277563774687,0.20800070171682244,0.02641499064003046,0.02641499064003046,0.02673706450125473,0.0,0.12882955122388837,0.3965913555306247,0.046141403631713145,0.0,0.6710503698668928,0.5606265172653864,0.0,1.0,1.0,0.1,1.0,0.0008,0.0,0.0003939638103847975,0.0006302145981912902,0.11817967051114792,0.11817967051114792,0.0,0.0,0.0,0.0,1.0,1.0,0.11738532781600952,0.2832597494125366,0.3023514449596405,0.3023514449596405,206.76666259765625,388.9637756347656,0,0.0,0.0,0.0,0,0.0,0.0,0.0,0.0,0.0,0.0,0.0,0.0,0.0,6.549493180380927,6.887697623134574,2.8288629055023193,17.571420669555664,0.32548891446587586,0.9042057047815336,1.0,1.0,canonical,unweighted-eps,1.0,2e-05,0.0003309750919646873,15016,0.00020686900147649207,0.0011610680839794078,0.0003309750919646873,0.005477225575051662,14779,0.002431185329129404,0.013698062738672759,0.005477225575051662,0.09064126192070304,14821,0.028567879750623883,0.1676655113113915,0.09064126192070304,1.5000000000000002,15288,0.07325498530497918,0.6380968889848279
124,cotrain,0.09406644537344448,0.02073313954931039,0.041109015408935204,0.041109015408935204,1.281641827665981,1.2443604262975545,0.4971638566408402,0.3607436466293457,0.6764657505047627,-1.0197670869847648,0.20638136950950337,0.2060631317460639,0.026197638326826003,0.026197638326826003,0.026515876440506462,0.0,0.1272952410304903,0.3957397810414306,0.04584296796725601,0.0,0.6735289551508732,0.5583755711251999,0.0,1.0,1.0,0.1,1.0,0.0008,0.0,0.00039235618175819834,0.0006276404593683388,0.12651904193190938,0.12651904193190938,0.0,0.0,0.0,0.0,1.0,1.0,0.11532820016145706,0.29274600744247437,0.3126758933067322,0.3126758933067322,207.369873046875,390.0182189941406,0,0.0,0.0,0.0,0,0.0,0.0,0.0,0.0,0.0,0.0,0.0,0.0,0.0,6.54289429819482,6.883900368930041,2.8288629055023193,17.571420669555664,0.3270373271968978,0.9033803843167096,1.0,1.0,canonical,unweighted-eps,1.0,2e-05,0.0003309750919646873,14932,0.00019977855033752903,0.0011214974889930407,0.0003309750919646873,0.005477225575051662,14931,0.0024882711180207653,0.014020386200310132,0.005477225575051662,0.09064126192070304,15041,0.028624666836039675,0.16804549626059437,0.09064126192070304,1.5000000000000002,15000,0.07324428249994913,0.6393565988540649
125,cotrain,0.0938745872873781,0.02059087035859115,0.04159362466098406,0.04159362466098406,1.2892544187334114,1.2532500874282968,0.49803409750899696,0.36405786731813705,0.6780999083804269,-1.0108462491860757,0.20544729178023136,0.2051330090333254,0.026162589725075115,0.026162589725075115,0.026476872543621268,0.0,0.12571311398194387,0.3948969418803851,0.04572503734380007,0.0,0.6723034935883987,0.5578464256200549,0.0,1.0,1.0,0.1,1.0,0.0008,0.0,0.0003907398027741061,0.0006250523094519266,0.1373106162262778,0.1373106162262778,0.0,0.0,0.0,0.0,1.0,1.0,0.11605699360370636,0.2838622033596039,0.3129649758338928,0.3129649758338928,207.98403930664062,391.0966796875,0,0.0,0.0,0.0,0,0.0,0.0,0.0,0.0,0.0,0.0,0.0,0.0,0.0,6.536858441483261,6.870965516936387,2.8288629055023193,17.571420669555664,0.3237821523907788,0.9051126246146325,1.0,1.0,canonical,unweighted-eps,1.0,2e-05,0.0003309750919646873,14885,0.00019819889165058127,0.0011126482045246044,0.0003309750919646873,0.005477225575051662,14837,0.002429767061157224,0.013690859087395557,0.005477225575051662,0.09064126192070304,15155,0.028473818227427505,0.1671874371191646,0.09064126192070304,1.5000000000000002,15027,0.07298345778241815,0.6345158125926311
126,cotrain,0.09419888640061402,0.020695088865060326,0.04117895635720502,0.04117895635720502,1.2827486454848096,1.2481597593197455,0.49698143401461786,0.3619638633651611,0.6766817081942518,-1.0165234572357602,0.20676375744052422,0.20644640390816918,0.02623461013357354,0.02623461013357354,0.026551963697768684,0.0,0.1269414194055602,0.39597048081903374,0.04595862165825744,0.0,0.6692312722786878,0.5635615899439853,0.0,1.0,1.0,0.1,1.0,0.0008,0.0,0.0003891147731383903,0.0006224503080913315,0.12021211235441713,0.12021211235441713,0.0,0.0,0.0,0.0,1.0,1.0,0.11425821483135223,0.28110384941101074,0.26841628551483154,0.26841628551483154,208.57589721679688,392.1106872558594,0,0.0,0.0,0.0,0,0.0,0.0,0.0,0.0,0.0,0.0,0.0,0.0,0.0,6.5427283558071165,6.8818132484948125,2.8288629055023193,17.571420669555664,0.3260956936641702,0.9038825721956117,1.0,1.0,canonical,unweighted-eps,1.0,2e-05,0.0003309750919646873,14904,0.00019645139060602576,0.0011025777217090705,0.0003309750919646873,0.005477225575051662,14880,0.00243385633508805,0.013713351420817836,0.005477225575051662,0.09064126192070304,15054,0.02847170893123176,0.16713305629549297,0.09064126192070304,1.5000000000000002,15066,0.07326438888110251,0.6392178978559807
127,cotrain,0.0933348807768944,0.02055049254001779,0.04079282602183839,0.04079282602183839,1.2766389491941552,1.2411997325909443,0.4906840761247863,0.35645837986316437,0.672198675127111,-1.0317315437600143,0.2039127857543719,0.203597687678332,0.0260014799503116,0.0260014799503116,0.026316577771630805,0.0,0.12603913287385407,0.3944536385118452,0.045586202540395096,0.0,0.668746630478109,0.5627950426518448,0.0,1.0,1.0,0.1,1.0,0.0008,0.0,0.00038748119309053343,0.0006198346157902541,0.12849476350805697,0.12849476350805697,0.0,0.0,0.0,0.0,1.0,1.0,0.11693201214075089,0.2718237042427063,0.3243502676486969,0.3243502676486969,209.16490173339844,393.1549987792969,0,0.0,0.0,0.0,0,0.0,0.0,0.0,0.0,0.0,0.0,0.0,0.0,0.0,6.528111553599691,6.862691627005215,2.8288629055023193,17.571420669555664,0.3242393964550413,0.904869948902866,1.0,1.0,canonical,unweighted-eps,1.0,2e-05,0.0003309750919646873,14983,0.0002020568346518553,0.0011344310952927205,0.0003309750919646873,0.005477225575051662,14960,0.0024835261625840385,0.013993514803322879,0.005477225575051662,0.09064126192070304,15094,0.02860325190647242,0.16782512062351262,0.09064126192070304,1.5000000000000002,14867,0.0730257752428076,0.6347496690607074
128,cotrain,0.09343299724989468,0.020602344025849786,0.040804784999698654,0.040804784999698654,1.2768221733294465,1.2413742157638583,0.49048143402378785,0.3549307003362566,0.6719983637842357,-1.036019320289294,0.20377525563041368,0.20346208682490718,0.025977230941255886,0.025977230941255886,0.026290399834322624,0.0,0.12526755065171638,0.3904486695288593,0.045632994765590906,0.0,0.6669456972780391,0.5694577227616244,0.0,1.0,1.0,0.1,1.0,0.0008,0.0,0.0003858391633974477,0.0006172053938969164,0.126477875165705,0.126477875165705,0.0,0.0,0.0,0.0,1.0,1.0,0.12064050137996674,0.2843012511730194,0.2697048485279083,0.2697048485279083,209.74749755859375,394.2024230957031,0,0.0,0.0,0.0,0,0.0,0.0,0.0,0.0,0.0,0.0,0.0,0.0,0.0,6.530308711223113,6.86766323524363,2.8288629055023193,17.571420669555664,0.32555853754210173,0.9041686467336839,1.0,1.0,canonical,unweighted-eps,1.0,2e-05,0.0003309750919646873,14932,0.00020593809020777123,0.0011557161298069276,0.0003309750919646873,0.005477225575051662,15113,0.0024754312674498988,0.013947835328766207,0.005477225575051662,0.09064126192070304,15011,0.028759591977781003,0.1688039439419078,0.09064126192070304,1.5000000000000002,14848,0.0730026639146923,0.6348481996562975
129,cotrain,0.09362900817496145,0.020552793567458916,0.04099560934158727,0.04099560934158727,1.279815711876912,1.2442531728336954,0.49115373003177154,0.3545279439825278,0.6721985140162655,-1.0371667998723495,0.20630688408119047,0.20599595425475356,0.026198445787478205,0.026198445787478205,0.026509375446754642,0.0,0.12437186936219023,0.3897711226445997,0.04556408262628521,0.0,0.6665475419443897,0.5669483727689446,0.0,1.0,1.0,0.1,1.0,0.0008,0.0,0.0003841887853472592,0.0006145628045941096,0.12415072761285,0.12415072761285,0.0,0.0,0.0,0.0,1.0,1.0,0.11648363620042801,0.29498663544654846,0.25835639238357544,0.25835639238357544,210.3291015625,395.2083740234375,0,0.0,0.0,0.0,0,0.0,0.0,0.0,0.0,0.0,0.0,0.0,0.0,0.0,6.536317063193036,6.87160289986597,2.8288629055023193,17.571420669555664,0.32438084269798245,0.9047948353697045,1.0,1.0,canonical,unweighted-eps,1.0,2e-05,0.0003309750919646873,14916,0.00020351374318803737,0.0011423624100173068,0.0003309750919646873,0.005477225575051662,15105,0.0024887269711166924,0.01402285328687954,0.005477225575051662,0.09064126192070304,14969,0.02875900274925683,0.16875993803305764,0.09064126192070304,1.5000000000000002,14914,0.07364022778141062,0.6426820056726518
130,cotrain,0.09414488954358122,0.020674198993250854,0.04147295923664784,0.04147295923664784,1.2873427480279085,1.2522882969460936,0.49563546325915897,0.36006340785668445,0.6760918461104743,-1.0217579852821481,0.2068251384756504,0.20651869714642182,0.02622603375910439,0.02622603375910439,0.02653247482963225,0.0,0.12257643445180012,0.3907095927458543,0.04579157616274479,0.0,0.6656391767100391,0.5693785734982111,0.0,1.0,1.0,0.1,1.0,0.0008,0.0,0.0003825301607430601,0.0006119070108891896,0.12264070718780033,0.12264070718780033,0.0,0.0,0.0,0.0,1.0,1.0,0.11701695621013641,0.29277750849723816,0.25206488370895386,0.25206488370895386,210.89369201660156,396.1848449707031,0,0.0,0.0,0.0,0,0.0,0.0,0.0,0.0,0.0,0.0,0.0,0.0,0.0,6.554317060698811,6.897659834092814,2.8288629055023193,17.571420669555664,0.3278910523047979,0.9029243118368913,1.0,1.0,canonical,unweighted-eps,1.0,2e-05,0.0003309750919646873,14813,0.00020274398601013196,0.0011381520569366743,0.0003309750919646873,0.005477225575051662,14872,0.002436977542882696,0.013731357903530868,0.005477225575051662,0.09064126192070304,14986,0.028150619084584,0.1651698729232397,0.09064126192070304,1.5000000000000002,15233,0.07286372835384307,0.6351334674449303
131,cotrain,0.09345844440544263,0.02058038283059867,0.04082810897061713,0.04082810897061713,1.277182366714318,1.2406625943815606,0.4883447005453273,0.35282311155500573,0.6708102617253605,-1.0419978507054157,0.20556400417007953,0.20525619492698938,0.026159403774027642,0.026159403774027642,0.026467212694736883,0.0,0.12312357613227816,0.38878002597226036,0.04547214111647545,0.0,0.6666190850938487,0.5687623996661705,0.0,1.0,1.0,0.1,1.0,0.0008,0.0,0.00038086339189662876,0.000609238176604022,0.12438054819010262,0.12438054819010262,0.0,0.0,0.0,0.0,1.0,1.0,0.11480870097875595,0.3156668543815613,0.2533828020095825,0.2533828020095825,211.452392578125,397.1979064941406,0,0.0,0.0,0.0,0,0.0,0.0,0.0,0.0,0.0,0.0,0.0,0.0,0.0,6.541964697022723,6.880269691642247,2.8288629055023193,17.571420669555664,0.32573049396468395,0.9040770991096916,1.0,1.0,canonical,unweighted-eps,1.0,2e-05,0.0003309750919646873,15054,0.00021192107882728805,0.0011894827382199805,0.0003309750919646873,0.005477225575051662,14711,0.002489245911546968,0.014026038745235484,0.005477225575051662,0.09064126192070304,15006,0.02841702022187697,0.1667371983688926,0.09064126192070304,1.5000000000000002,15133,0.07274285065775656,0.6323508361133778
132,cotrain,0.09297573805237427,0.020473224902923547,0.04082692755211113,0.04082692755211113,1.2771260569009646,1.2422870170866323,0.4845002163679172,0.3487826720771626,0.6677923694125607,-1.0535398836319263,0.20377305872802043,0.20346499635623053,0.025978125150227904,0.025978125150227904,0.02628618763345811,0.0,0.12322499609401083,0.3904330633644365,0.04524046766102059,0.0,0.6651162059388609,0.5690916856466275,0.0,1.0,1.0,0.1,1.0,0.0008,0.0,0.0003791885816221188,0.0006065564663648769,0.12433438232311836,0.12433438232311836,0.0,0.0,0.0,0.0,1.0,1.0,0.11562752723693848,0.2754388749599457,0.31215399503707886,0.31215399503707886,212.01219177246094,398.1697998046875,0,0.0,0.0,0.0,0,0.0,0.0,0.0,0.0,0.0,0.0,0.0,0.0,0.0,6.531191805489043,6.867817897053449,2.8288629055023193,17.571420669555664,0.3251754875009997,0.9043724709615675,1.0,1.0,canonical,unweighted-eps,1.0,2e-05,0.0003309750919646873,15127,0.00020163501482628078,0.001131652699788493,0.0003309750919646873,0.005477225575051662,14810,0.0024771738080540517,0.01395739284843951,0.005477225575051662,0.09064126192070304,15040,0.028720310811904518,0.16847188418849984,0.09064126192070304,1.5000000000000002,14927,0.07265378543678448,0.6317895440268821
133,cotrain,0.09340436393633866,0.020488122983588878,0.041647179760675654,0.041647179760675654,1.289981485317962,1.2548876982978268,0.4874409320644843,0.3504089656421262,0.6699243866735034,-1.0489117103254693,0.20483401529172546,0.20453259461901635,0.025988076276217516,0.025988076276217516,0.026289497279267535,0.0,0.12056839878424111,0.38804079840580624,0.0453116874027456,0.0,0.6659025743476346,0.5694994967981564,0.0,1.0,1.0,0.1,1.0,0.0008,0.0,0.00037750583322971714,0.0006038620455922738,0.12494647393050866,0.12494647393050866,0.0,0.0,0.0,0.0,1.0,1.0,0.11431510746479034,0.2893693447113037,0.33052802085876465,0.33052802085876465,212.5756072998047,399.11767578125,0,0.0,0.0,0.0,0,0.0,0.0,0.0,0.0,0.0,0.0,0.0,0.0,0.0,6.551636365743784,6.894510325317891,2.8288629055023193,17.571420669555664,0.32773014413110957,0.9030103270273857,1.0,1.0,canonical,unweighted-eps,1.0,2e-05,0.0003309750919646873,14914,0.0002008004172294093,0.0011272303160818026,0.0003309750919646873,0.005477225575051662,15026,0.0024454279939221204,0.013778587228311262,0.005477225575051662,0.09064126192070304,14924,0.028760704225619656,0.16879313525997644,0.09064126192070304,1.5000000000000002,15040,0.07232880512292081,0.6322741519263451
134,cotrain,0.09386639687049593,0.02066081577641332,0.04167373358216296,0.04167373358216296,1.2904522757518222,1.257320870191623,0.4942687847930142,0.3579209266055344,0.6749374860117578,-1.0276855013818822,0.20636870017927936,0.20607055061393315,0.02613625882400407,0.02613625882400407,0.02643440815452964,0.0,0.11925976710696505,0.38515815094240713,0.045457325923519254,0.0,0.665378813050751,0.5711446173288103,0.0,1.0,1.0,0.1,1.0,0.0008,0.0,0.0003758152505192709,0.0006011550804907778,0.12117829642648625,0.12117829642648625,0.0,0.0,0.0,0.0,1.0,1.0,0.11758120357990265,0.2869250774383545,0.2479245513677597,0.2479245513677597,213.12625122070312,400.068359375,0,0.0,0.0,0.0,0,0.0,0.0,0.0,0.0,0.0,0.0,0.0,0.0,0.0,6.553880122991709,6.898410653837134,2.8288629055023193,17.571420669555664,0.328483444663886,0.902607419751327,1.0,1.0,canonical,unweighted-eps,1.0,2e-05,0.0003309750919646873,14770,0.00019665673468451122,0.0011036752103326607,0.0003309750919646873,0.005477225575051662,14897,0.002415612499518003,0.013610644446184645,0.005477225575051662,0.09064126192070304,15017,0.02823784591958424,0.16571865426626395,0.09064126192070304,1.5000000000000002,15220,0.07245260943094471,0.6331665024024271
135,cotrain,0.09305739565155445,0.02052503750205804,0.04103399200253507,0.04103399200253507,1.2803737229524397,1.2449540740404375,0.48820612948929143,0.3489209524331949,0.6695729671125739,-1.0533055412208931,0.20389713114525518,0.20359834560599083,0.025924320607326735,0.025924320607326735,0.026223106174451165,0.0,0.11951423565355632,0.384479405469874,0.04517756516320838,0.0,0.6645088586797062,0.5726059501302632,0.0,1.0,1.0,0.1,1.0,0.0008,0.0,0.00037411693777388515,0.0005984357380387473,0.12859966714158017,0.12859966714158017,0.0,0.0,0.0,0.0,1.0,1.0,0.12126804888248444,0.30578720569610596,0.2821331322193146,0.2821331322193146,213.6674346923828,401.03741455078125,0,0.0,0.0,0.0,0,0.0,0.0,0.0,0.0,0.0,0.0,0.0,0.0,0.0,6.535260620280209,6.8722077183446215,2.8288629055023193,17.571420669555664,0.32523055382872335,0.9043431788093129,1.0,1.0,canonical,unweighted-eps,1.0,2e-05,0.0003309750919646873,15126,0.00019701037210950823,0.0011058883648156395,0.0003309750919646873,0.005477225575051662,14936,0.0024999762577492092,0.014086121136555075,0.005477225575051662,0.09064126192070304,14972,0.028603903786036663,0.1678485946479469,0.09064126192070304,1.5000000000000002,14870,0.07292489768196932,0.635925230886925
136,cotrain,0.09261300774593638,0.020373967587629445,0.04052442583677351,0.04052442583677351,1.2723494773288864,1.2361989782916174,0.48691124551826054,0.34891855124479687,0.6687637706342925,-1.0531791789918883,0.20331458947979486,0.20301462595279401,0.02593541109106607,0.02593541109106607,0.02623537450662663,0.0,0.11998536370885678,0.38067222329286426,0.04508399058324404,0.0,0.6646843646836077,0.571543659724327,0.0,1.0,1.0,0.1,1.0,0.0008,0.0,0.0003724109997534898,0.000595704185978034,0.12519971510538688,0.12519971510538688,0.0,0.0,0.0,0.0,1.0,1.0,0.11433522403240204,0.29398977756500244,0.3022109866142273,0.3022109866142273,214.21585083007812,401.9411926269531,0,0.0,0.0,0.0,0,0.0,0.0,0.0,0.0,0.0,0.0,0.0,0.0,0.0,6.529205724724338,6.861700416270446,2.8288629055023193,17.571420669555664,0.3231744275837098,0.9054348367709211,1.0,1.0,canonical,unweighted-eps,1.0,2e-05,0.0003309750919646873,15008,0.00020494566445843554,0.0011508388074684833,0.0003309750919646873,0.005477225575051662,15037,0.002473108475147001,0.013934719136018596,0.005477225575051662,0.09064126192070304,14852,0.0284140907085523,0.1666365093758509,0.09064126192070304,1.5000000000000002,15007,0.07272371759164926,0.63035213878187
137,cotrain,0.09333567299012445,0.020534729979072627,0.04092966828845505,0.04092966828845505,1.2787485980325708,1.2423187904378288,0.4881874734901974,0.34909251504219496,0.6699683817788067,-1.0525707312119312,0.20631158476074538,0.2060152251814675,0.02615411094445576,0.02615411094445576,0.026450470372493196,0.0,0.11854378375996891,0.38171837536188274,0.04524174759275893,0.0,0.6627838088151736,0.5741584593657519,0.0,1.0,1.0,0.1,1.0,0.0008,0.0,0.00037069754168837744,0.0005929605928036357,0.12742653247128186,0.12742653247128186,0.0,0.0,0.0,0.0,1.0,1.0,0.1130276471376419,0.27956515550613403,0.29231539368629456,0.29231539368629456,214.7599334716797,402.88934326171875,0,0.0,0.0,0.0,0,0.0,0.0,0.0,0.0,0.0,0.0,0.0,0.0,0.0,6.549364666653495,6.89223033085588,2.8288629055023193,17.571420669555664,0.32778436033877245,0.9029813480578396,1.0,1.0,canonical,unweighted-eps,1.0,2e-05,0.0003309750919646873,14960,0.0002037704645383376,0.0011437398763771921,0.0003309750919646873,0.005477225575051662,14955,0.002480338128742587,0.013975749016605225,0.005477225575051662,0.09064126192070304,14945,0.02860104053385005,0.16789615738946245,0.09064126192070304,1.5000000000000002,15044,0.07306244700742953,0.6385143781335897
138,cotrain,0.0929984145789829,0.020464502330710236,0.04091251550767666,0.04091251550767666,1.2784730096323305,1.2432390069350219,0.48752839863300323,0.3483903166065868,0.6694505851492922,-1.054826772111094,0.20464485156166756,0.20435089531999368,0.02595976146702201,0.02595976146702201,0.026253717394275032,0.0,0.1175823772373872,0.38022350806456345,0.0451304154852644,0.0,0.6629033416000187,0.5739267724128361,0.0,1.0,1.0,0.1,1.0,0.0008,0.0,0.0003689766692727128,0.000590205127753303,0.12268024715634747,0.12268024715634747,0.0,0.0,0.0,0.0,1.0,1.0,0.11279896646738052,0.300302654504776,0.286774218082428,0.286774218082428,215.28610229492188,403.78875732421875,0,0.0,0.0,0.0,0,0.0,0.0,0.0,0.0,0.0,0.0,0.0,0.0,0.0,6.552960535399934,6.898292048802069,2.8288629055023193,17.571420669555664,0.3288985186330513,0.9023851736595848,1.0,1.0,canonical,unweighted-eps,1.0,2e-05,0.0003309750919646873,15036,0.00020227222595622514,0.0011355953294031637,0.0003309750919646873,0.005477225575051662,14944,0.002469228942802762,0.01391281197206526,0.005477225575051662,0.09064126192070304,14874,0.02855893417930385,0.16759606155958712,0.09064126192070304,1.5000000000000002,15050,0.07244959773415346,0.6327989570009352
139,cotrain,0.09234912007346623,0.020288610755282845,0.041008181161541715,0.041008181161541715,1.2799841784142645,1.2437772384056678,0.4885377327346394,0.3499920531852633,0.6701688893839844,-1.0500528711793768,0.20245674908415884,0.20216427431402043,0.025876560666335698,0.025876560666335698,0.026169035340953842,0.0,0.11698986534188446,0.38142322901731884,0.04479122867123184,0.0,0.662282607366896,0.5759333319918245,0.0,1.0,1.0,0.1,1.0,0.0008,0.0,0.0003672484886580125,0.0005874379607970995,0.12273719042348556,0.12273719042348556,0.0,0.0,0.0,0.0,1.0,1.0,0.11694133281707764,0.3098108172416687,0.27717363834381104,0.27717363834381104,215.81529235839844,404.70263671875,0,0.0,0.0,0.0,0,0.0,0.0,0.0,0.0,0.0,0.0,0.0,0.0,0.0,6.525095459742424,6.857019336963521,2.8288629055023193,17.571420669555664,0.32299422199440564,0.9055303083995837,1.0,1.0,canonical,unweighted-eps,1.0,2e-05,0.0003309750919646873,15003,0.00020551802881314305,0.001153510547084331,0.0003309750919646873,0.005477225575051662,15098,0.002482304291557612,0.013986736823232114,0.005477225575051662,0.09064126192070304,14891,0.028631165024256115,0.1680689332275616,0.09064126192070304,1.5000000000000002,14912,0.07263959184001188,0.6289737340974194
140,cotrain,0.0928177177810516,0.020462847497855496,0.04083590687881423,0.04083590687881423,1.27728987966332,1.2404830030396454,0.48946551978588104,0.35167630780965853,0.6709231657859607,-1.0453850216845162,0.2043689553681602,0.20407656456033388,0.026049220222088262,0.026049220222088262,0.02634161073141373,0.0,0.11695620885644203,0.3822562927619005,0.04497350675937457,0.0,0.662643551826477,0.575887779827363,0.0,1.0,1.0,0.1,1.0,0.0008,0.0,0.00036551310644659734,0.0005846592626269177,0.12334025410823843,0.12334025410823843,0.0,0.0,0.0,0.0,1.0,1.0,0.11853264272212982,0.28330349922180176,0.27235543727874756,0.27235543727874756,216.3271026611328,405.5858459472656,0,0.0,0.0,0.0,0,0.0,0.0,0.0,0.0,0.0,0.0,0.0,0.0,0.0,6.526249513666854,6.856395669082526,2.8288629055023193,17.571420669555664,0.3220775322794498,0.9060154505169571,1.0,1.0,canonical,unweighted-eps,1.0,2e-05,0.0003309750919646873,15004,0.00019813336256193308,0.0011122775137706522,0.0003309750919646873,0.005477225575051662,14934,0.0024602953122572773,0.013862650099609436,0.005477225575051662,0.09064126192070304,14997,0.028640711433515317,0.16809043654077901,0.09064126192070304,1.5000000000000002,14969,0.07289818244433068,0.6333380214388667
141,cotrain,0.09256848081564292,0.020393646815712124,0.04080163731247696,0.04080163731247696,1.2767355606719786,1.2405521963906085,0.4865177815668603,0.35010623288714987,0.6691132187843323,-1.049762453024204,0.20384065348368424,0.20355194953517017,0.025975639844297342,0.025975639844297342,0.026264343804751452,0.0,0.1154815943704711,0.3775619640946388,0.04483548349613308,0.0,0.6608523409336041,0.5760456552121064,0.0,1.0,1.0,0.1,1.0,0.0008,0.0,0.0003637706296850164,0.0005818692046459493,0.1156204688625458,0.1156204688625458,0.0,0.0,0.0,0.0,1.0,1.0,0.10997217148542404,0.28963935375213623,0.2627307176589966,0.2627307176589966,216.83494567871094,406.47021484375,0,0.0,0.0,0.0,0,0.0,0.0,0.0,0.0,0.0,0.0,0.0,0.0,0.0,6.5368791248044396,6.875683643345025,2.8288629055023193,17.571420669555664,0.3261069286688342,0.9038765856410238,1.0,1.0,canonical,unweighted-eps,1.0,2e-05,0.0003309750919646873,14852,0.0001974249336049071,0.0011082859636491846,0.0003309750919646873,0.005477225575051662,14960,0.0023969314290200644,0.013505112377797219,0.005477225575051662,0.09064126192070304,15090,0.02824359184231009,0.1656982170342609,0.09064126192070304,1.5000000000000002,15002,0.07272754852143372,0.631561999733552
142,cotrain,0.09253771534651263,0.02039033303069126,0.04101776195546755,0.04101776195546755,1.2801041781713054,1.2428552103348267,0.4848050995387583,0.3461999009307633,0.6675236054465302,-1.0608769731643872,0.2036771102784536,0.20338937929934925,0.025917707811085842,0.025917707811085842,0.0262054389812307,0.0,0.11509247630452499,0.37864973631679505,0.04475243675371266,0.0,0.6621891907137684,0.5739076806960676,0.0,1.0,1.0,0.1,1.0,0.0008,0.0,0.00036202116585744423,0.0005790679589581133,0.11841231431716527,0.11841231431716527,0.0,0.0,0.0,0.0,1.0,1.0,0.11185982078313828,0.28293949365615845,0.27445530891418457,0.27445530891418457,217.3387908935547,407.348388671875,0,0.0,0.0,0.0,0,0.0,0.0,0.0,0.0,0.0,0.0,0.0,0.0,0.0,6.5370601741676655,6.876903462500985,2.8288629055023193,17.571420669555664,0.32661447521890935,0.9036060079536442,1.0,1.0,canonical,unweighted-eps,1.0,2e-05,0.0003309750919646873,15077,0.00020753722463079613,0.0011650332135239212,0.0003309750919646873,0.005477225575051662,14863,0.002498212666640827,0.014076174453451296,0.005477225575051662,0.09064126192070304,15050,0.028613606610171424,0.16795519258492808,0.09064126192070304,1.5000000000000002,14914,0.07252780060610184,0.6322470389119706
143,cotrain,0.09254588095996624,0.02032927295559237,0.040653966391124785,0.040653966391124785,1.2744052585725312,1.2350087127624414,0.4867153219942354,0.3490716928982327,0.6690673367080525,-1.0527468349179652,0.2041995914764384,0.203913192017975,0.025993681906794127,0.025993681906794127,0.02628008144883773,0.0,0.11455983627173635,0.3744520061673262,0.04489800549693342,0.0,0.6603445234971169,0.574860787789017,0.0,1.0,1.0,0.1,1.0,0.0008,0.0,0.0003602648228790503,0.0005762556983574384,0.1136598966569982,0.1136598966569982,0.0,0.0,0.0,0.0,1.0,1.0,0.12116747349500656,0.2982723116874695,0.23740164935588837,0.23740164935588837,217.8519744873047,408.22039794921875,0,0.0,0.0,0.0,0,0.0,0.0,0.0,0.0,0.0,0.0,0.0,0.0,0.0,6.53443829727988,6.870638416318894,2.8288629055023193,17.571420669555664,0.32488175450274465,0.904528668436676,1.0,1.0,canonical,unweighted-eps,1.0,2e-05,0.0003309750919646873,14920,0.00020675574468034282,0.0011605207386349225,0.0003309750919646873,0.005477225575051662,14827,0.0024340975522862333,0.013714696487123295,0.005477225575051662,0.09064126192070304,15265,0.028576596732847112,0.16770487172151446,0.09064126192070304,1.5000000000000002,14892,0.07263823643250712,0.6335306359080259
144,cotrain,0.09228112827190477,0.0203238082333253,0.040834436169228494,0.040834436169228494,1.2772050508694726,1.2412394483884175,0.4824324098025632,0.34373334483203727,0.6658111971158248,-1.068072418626557,0.20253299448925716,0.20224760530086663,0.02581815318100982,0.02581815318100982,0.026103542305720158,0.0,0.11415564166939157,0.3741624788341359,0.04470573859209688,0.0,0.6601994139516455,0.5815237319518805,0.0,1.0,1.0,0.1,1.0,0.0008,0.0,0.0003585017090893428,0.0005734325963174057,0.126687775262528,0.126687775262528,0.0,0.0,0.0,0.0,1.0,1.0,0.11042410135269165,0.2915821373462677,0.3165301978588104,0.3165301978588104,218.34742736816406,409.0705871582031,0,0.0,0.0,0.0,0,0.0,0.0,0.0,0.0,0.0,0.0,0.0,0.0,0.0,6.537963694996304,6.8771858611444685,2.8288629055023193,17.571420669555664,0.3262851933955158,0.9037815805784927,1.0,1.0,canonical,unweighted-eps,1.0,2e-05,0.0003309750919646873,15144,0.00020334191367101973,0.0011413539780723988,0.0003309750919646873,0.005477225575051662,14798,0.0024953362968607937,0.014060370237388422,0.005477225575051662,0.09064126192070304,14993,0.028644165815906657,0.1681234882058069,0.09064126192070304,1.5000000000000002,14969,0.07195826536891248,0.6259212390686357
145,cotrain,0.09235415513762552,0.020336368463487707,0.04031765037494847,0.04031765037494847,1.2690348816658865,1.2333511837527282,0.4808229945408992,0.3421534388365909,0.6645086114732628,-1.0726863752063522,0.20419379331680954,0.20390958678072843,0.02600862009005032,0.02600862009005032,0.026292826948512312,0.0,0.11368273122188373,0.37080601736521107,0.04478029042291336,0.0,0.6613780439664156,0.5759452719591621,0.0,1.0,1.0,0.1,1.0,0.0008,0.0,0.0003567319332454851,0.0005705988269802468,0.11624514546372697,0.11624514546372697,0.0,0.0,0.0,0.0,1.0,1.0,0.10973350703716278,0.2891252636909485,0.22220253944396973,0.22220253944396973,218.82945251464844,409.8647766113281,0,0.0,0.0,0.0,0,0.0,0.0,0.0,0.0,0.0,0.0,0.0,0.0,0.0,6.534449056682424,6.869759779784347,2.8288629055023193,17.571420669555664,0.3244407056792338,0.9047630396565443,1.0,1.0,canonical,unweighted-eps,1.0,2e-05,0.0003309750919646873,15018,0.00021227293919507978,0.001191721482105421,0.0003309750919646873,0.005477225575051662,14905,0.0024649561181319555,0.013888721016580249,0.005477225575051662,0.09064126192070304,15079,0.028787838684578886,0.16899926795734319,0.09064126192070304,1.5000000000000002,14902,0.07274194565927754,0.6335895336357448
146,cotrain,0.09223008294327137,0.020275802717695378,0.04133059585896822,0.04133059585896822,1.284972200595041,1.2513931314659934,0.48415113151328176,0.3429381125248395,0.6662752565919844,-1.0703520048887303,0.20239946615492177,0.20211641827964374,0.0258051756148537,0.0258051756148537,0.026088223673212223,0.0,0.11321922862886363,0.37687229556150925,0.044537162201272115,0.0,0.6558845551350178,0.5834259963196375,0.0,1.0,1.0,0.1,1.0,0.0008,0.0,0.0003549556045155878,0.0005677545651462028,0.1229435047851159,0.1229435047851159,0.0,0.0,0.0,0.0,1.0,1.0,0.10930651426315308,0.283554345369339,0.2721494138240814,0.2721494138240814,219.32217407226562,410.6559143066406,0,0.0,0.0,0.0,0,0.0,0.0,0.0,0.0,0.0,0.0,0.0,0.0,0.0,6.5247574005371485,6.858229275037709,2.8288629055023193,17.571420669555664,0.323773842567161,0.9051170329689603,1.0,1.0,canonical,unweighted-eps,1.0,2e-05,0.0003309750919646873,14910,0.00020859885058540034,0.001171137956686263,0.0003309750919646873,0.005477225575051662,15147,0.002471688004484694,0.013926511452230611,0.005477225575051662,0.09064126192070304,15016,0.028555887503689377,0.16751671127963078,0.09064126192070304,1.5000000000000002,14831,0.07258372133688534,0.6313629904662066
147,cotrain,0.09207686495322448,0.020313021348805256,0.04052205056620714,0.04052205056620714,1.272231944978461,1.2381784235819793,0.4818190652717892,0.33805472384660673,0.6640099606707565,-1.0847209337939563,0.2024508194408865,0.20216975330860695,0.025800758960823983,0.025800758960823983,0.026081824969723184,0.0,0.1124264110898615,0.3692299861811165,0.04461813326447438,0.0,0.6598261436845503,0.574692335136983,0.0,1.0,1.0,0.1,1.0,0.0008,0.0,0.0003531728324719742,0.0005648999862627413,0.12150372752649152,0.12150372752649152,0.0,0.0,0.0,0.0,1.0,1.0,0.11050969362258911,0.2797544002532959,0.2503257095813751,0.2503257095813751,219.7897491455078,411.4233093261719,0,0.0,0.0,0.0,0,0.0,0.0,0.0,0.0,0.0,0.0,0.0,0.0,0.0,6.533753884144319,6.87383776831841,2.8288629055023193,17.571420669555664,0.32681775472133523,0.9034975652748285,1.0,1.0,canonical,unweighted-eps,1.0,2e-05,0.0003309750919646873,15151,0.00020864164973006442,0.0011712688295945548,0.0003309750919646873,0.005477225575051662,15136,0.0025016774773404756,0.014095368860072868,0.005477225575051662,0.09064126192070304,14769,0.02905058851496482,0.17049230669773105,0.09064126192070304,1.5000000000000002,14848,0.0724335939318327,0.6305012568060694
148,cotrain,0.09204727240925671,0.020232832206524592,0.04084316266971266,0.04084316266971266,1.2773129833816221,1.24429738547048,0.4843265958703481,0.34078101724640936,0.665886198863005,-1.0767804636405065,0.2029371215428552,0.2026582636639603,0.025843341830863148,0.025843341830863148,0.02612219948687742,0.0,0.11154307085925187,0.36950448034410804,0.044484967509141334,0.0,0.6579661729753526,0.5822219284426453,0.0,1.0,1.0,0.1,1.0,0.0008,0.0,0.00035138372708442135,0.0005620352664137339,0.12052819936767094,0.12052819936767094,0.0,0.0,0.0,0.0,1.0,1.0,0.11859570443630219,0.2702752351760864,0.25640493631362915,0.25640493631362915,220.26956176757812,412.2428283691406,0,0.0,0.0,0.0,0,0.0,0.0,0.0,0.0,0.0,0.0,0.0,0.0,0.0,6.539760895264455,6.882662764851355,2.8288629055023193,17.571420669555664,0.32804885610629364,0.9028399310401451,1.0,1.0,canonical,unweighted-eps,1.0,2e-05,0.0003309750919646873,15033,0.0002115202301718294,0.0011873377022052615,0.0003309750919646873,0.005477225575051662,14991,0.0024795724875088347,0.013970851612913306,0.005477225575051662,0.09064126192070304,15049,0.029022436077329072,0.1703845030034101,0.09064126192070304,1.5000000000000002,14831,0.07221427157357477,0.6303444100313648
149,cotrain,0.09195475568437678,0.020143244347861435,0.04092677300557112,0.04092677300557112,1.2786421627601778,1.242671070445297,0.4853659970128638,0.3420369704054971,0.6668532667761176,-1.0729625935737903,0.20305593619043502,0.20277986156507435,0.025851457077277522,0.025851457077277522,0.02612753154343774,0.0,0.11042977828118536,0.3674283957697897,0.04444320885162068,0.0,0.658018377983672,0.580462453667966,0.0,1.0,1.0,0.1,1.0,0.0008,0.0,0.00034958839871337727,0.0005591605823085951,0.11820609679716265,0.11820609679716265,0.0,0.0,0.0,0.0,1.0,1.0,0.11225466430187225,0.28217071294784546,0.2543698847293854,0.2543698847293854,220.74400329589844,413.0228576660156,0,0.0,0.0,0.0,0,0.0,0.0,0.0,0.0,0.0,0.0,0.0,0.0,0.0,6.531961902593955,6.86811047460743,2.8288629055023193,17.571420669555664,0.3249193414454324,0.9045086858125673,1.0,1.0,canonical,unweighted-eps,1.0,2e-05,0.0003309750919646873,14985,0.0002017981208852173,0.0011327718289784682,0.0003309750919646873,0.005477225575051662,15123,0.002464439003826063,0.013886031832225516,0.005477225575051662,0.09064126192070304,14910,0.028737243562237197,0.1686765965321654,0.09064126192070304,1.5000000000000002,14886,0.07254062396583419,0.6318274691078302
150,cotrain,0.09177065177414662,0.020248312298128873,0.04024390187751279,0.04024390187751279,1.2678380024618363,1.2332607469497583,0.4823899709770822,0.3392560366764028,0.6643715753005102,-1.0811497383138053,0.20313594221240944,0.20285760396375105,0.025909148518823914,0.025909148518823914,0.02618748691872272,0.0,0.11133536893842566,0.3665794231252283,0.044324965765460946,0.0,0.6573992253114016,0.5837406184885982,0.0,1.0,1.0,0.1,1.0,0.0008,0.0,0.0003477869581031525,0.0005562761112713815,0.12211035833590561,0.12211035833590561,0.0,0.0,0.0,0.0,1.0,1.0,0.11300630867481232,0.2847859859466553,0.3134927749633789,0.3134927749633789,221.21044921875,413.7925720214844,0,0.0,0.0,0.0,0,0.0,0.0,0.0,0.0,0.0,0.0,0.0,0.0,0.0,6.529989096853468,6.862799771846695,2.8288629055023193,17.571420669555664,0.32331189201066346,0.9053619868438901,1.0,1.0,canonical,unweighted-eps,1.0,2e-05,0.0003309750919646873,14998,0.00021467683352465423,0.0012052811354106626,0.0003309750919646873,0.005477225575051662,15023,0.002505086715474694,0.01411459906071232,0.005477225575051662,0.09064126192070304,14924,0.028612876193624372,0.16785470113713374,0.09064126192070304,1.5000000000000002,14959,0.07247739998810877,0.6295071827615437
151,cotrain,0.09218048756448631,0.020182682119676065,0.041845030716469146,0.041845030716469146,1.2930614455839768,1.2577114652874124,0.4914760584505195,0.3504112529066893,0.6720900694783937,-1.0487946895962088,0.20334424186720806,0.20307378493185735,0.025873483481028907,0.025873483481028907,0.026143940416379616,0.0,0.10818276347385512,0.36857407775699585,0.0442874022703777,0.0,0.6569750254225527,0.5862309874202578,0.0,1.0,1.0,0.1,1.0,0.0008,0.0,0.0003459795163750895,0.0005533820312298537,0.12113496847450733,0.12113496847450733,0.0,0.0,0.0,0.0,1.0,1.0,0.11766555160284042,0.2937825322151184,0.30507829785346985,0.30507829785346985,221.66372680664062,414.5365905761719,0,0.0,0.0,0.0,0,0.0,0.0,0.0,0.0,0.0,0.0,0.0,0.0,0.0,6.536153488688999,6.875014495241524,2.8288629055023193,17.571420669555664,0.32615336024076647,0.9038518433044812,1.0,1.0,canonical,unweighted-eps,1.0,2e-05,0.0003309750919646873,14886,0.00020158046855396413,0.0011314737621655262,0.0003309750919646873,0.005477225575051662,14992,0.0024401121561613286,0.013749067881318524,0.005477225575051662,0.09064126192070304,15085,0.028578608119807815,0.1677683125673875,0.09064126192070304,1.5000000000000002,14941,0.07223304747322398,0.6298894226674725
152,cotrain,0.09254924704631169,0.02036574443316676,0.04117814042310939,0.04117814042310939,1.2825685688961725,1.246395355106419,0.48104102985981184,0.340398222908505,0.6642174360334364,-1.077921436383174,0.2049559138269506,0.204682804707788,0.025961685475980878,0.025961685475980878,0.02623479476230394,0.0,0.10924371946443859,0.3691827205893321,0.044552755780900136,0.0,0.657172269291348,0.5858497285616433,0.0,1.0,1.0,0.1,1.0,0.0008,0.0,0.00034416618502070776,0.000550478520704501,0.12017050918796633,0.12017050918796633,0.0,0.0,0.0,0.0,1.0,1.0,0.11557111144065857,0.30979838967323303,0.2612357437610626,0.2612357437610626,222.1260223388672,415.2862854003906,0,0.0,0.0,0.0,0,0.0,0.0,0.0,0.0,0.0,0.0,0.0,0.0,0.0,6.549484000246749,6.895138126819584,2.8288629055023193,17.571420669555664,0.3291456256892045,0.9022527820821507,1.0,1.0,canonical,unweighted-eps,1.0,2e-05,0.0003309750919646873,15084,0.0002075553042891931,0.00116521822576599,0.0003309750919646873,0.005477225575051662,14959,0.0024871512013778575,0.01401373293957805,0.005477225575051662,0.09064126192070304,14891,0.02873699530257651,0.16866307496848415,0.09064126192070304,1.5000000000000002,14970,0.07260856036751288,0.6361088393446439
153,cotrain,0.09193063331529117,0.020198784147699673,0.040908607980634414,0.040908607980634414,1.2783381619693963,1.2446776814440377,0.48097561459001315,0.3392997045292814,0.6641681856579251,-1.0809967854084113,0.20270924543977803,0.20244000186650163,0.025805995712040834,0.025805995712040834,0.026075239452477705,0.0,0.10769751163310984,0.3650520906234399,0.04437465870227569,0.0,0.6540678903842584,0.5879518719187055,0.0,1.0,1.0,0.1,1.0,0.0008,0.0,0.00034234707589482683,0.0005475657587975292,0.12217290255312736,0.12217290255312736,0.0,0.0,0.0,0.0,1.0,1.0,0.122518390417099,0.2795063853263855,0.2502259314060211,0.2502259314060211,222.57815551757812,416.0461730957031,0,0.0,0.0,0.0,0,0.0,0.0,0.0,0.0,0.0,0.0,0.0,0.0,0.0,6.541482854093242,6.883498524368549,2.8288629055023193,17.571420669555664,0.32756963815059087,0.9030961014744745,1.0,1.0,canonical,unweighted-eps,1.0,2e-05,0.0003309750919646873,15029,0.00021304220938531452,0.0011961379689740456,0.0003309750919646873,0.005477225575051662,14915,0.0024852801168020883,0.014003317260398506,0.005477225575051662,0.09064126192070304,15098,0.028920835458706478,0.16974566429399437,0.09064126192070304,1.5000000000000002,14862,0.07192610870571031,0.6282673688038187
154,cotrain,0.09177551122430043,0.020177927481121998,0.04044196905934403,0.04044196905934403,1.2709951426023762,1.23592366087131,0.4813544622216469,0.3407987710247692,0.6646427807644901,-1.076652745405833,0.20277878014832482,0.20251115085159102,0.025858424643739168,0.025858424643739168,0.026126054386234183,0.0,0.10705190534010911,0.36007608040275735,0.044374181960637755,0.0,0.6542642583959123,0.58762318153396,0.0,1.0,1.0,0.1,1.0,0.0008,0.0,0.00034052230120866625,0.0005446439251818131,0.1215593615371702,0.1215593615371702,0.0,0.0,0.0,0.0,1.0,1.0,0.1113956943154335,0.2702829837799072,0.2633650004863739,0.2633650004863739,223.0198211669922,416.75482177734375,0,0.0,0.0,0.0,0,0.0,0.0,0.0,0.0,0.0,0.0,0.0,0.0,0.0,6.535624859679459,6.872550696414647,2.8288629055023193,17.571420669555664,0.32521074445546055,0.9043537166211192,1.0,1.0,canonical,unweighted-eps,1.0,2e-05,0.0003309750919646873,14744,0.000209248131998232,0.001174647458568741,0.0003309750919646873,0.005477225575051662,14972,0.002461085059674322,0.013866858034848275,0.005477225575051662,0.09064126192070304,15173,0.028181046477289966,0.16534444198905066,0.09064126192070304,1.5000000000000002,15015,0.0720279408104611,0.6258756684574174
155,cotrain,0.09175877086818218,0.02019609471894482,0.040821211324988775,0.040821211324988775,1.2769808899310031,1.2414445224990192,0.4801410393327729,0.34178337410219717,0.6642298061623533,-1.0738319173837318,0.2026108940346883,0.20234549074218824,0.02581748037208986,0.02581748037208986,0.026082883624789808,0.0,0.10616131074344501,0.3603487410224401,0.044213760580517285,0.0,0.6556316635802261,0.5894098347371333,0.0,1.0,1.0,0.1,1.0,0.0008,0.0,0.0003386919735229243,0.0005417132000898135,0.12590306143984836,0.12590306143984836,0.0,0.0,0.0,0.0,1.0,1.0,0.11779491603374481,0.29536131024360657,0.3454444408416748,0.3454444408416748,223.46343994140625,417.4870910644531,0,0.0,0.0,0.0,0,0.0,0.0,0.0,0.0,0.0,0.0,0.0,0.0,0.0,6.535996312769051,6.872133659027398,2.8288629055023193,17.571420669555664,0.32481097159395866,0.9045662953980865,1.0,1.0,canonical,unweighted-eps,1.0,2e-05,0.0003309750919646873,14912,0.0002141302936794606,0.0012021627155474343,0.0003309750919646873,0.005477225575051662,14996,0.0024480447858754844,0.013793594373062662,0.005477225575051662,0.09064126192070304,15025,0.028539762546536132,0.16747164677066137,0.09064126192070304,1.5000000000000002,14971,0.07199628849512398,0.6265625154539702
156,cotrain,0.09179841719058335,0.020075603766350918,0.04126263490249204,0.04126263490249204,1.2839034607672941,1.2473117079999712,0.47775966686825466,0.3402896573146184,0.6630387383903193,-1.078088792725506,0.20340206413569614,0.20313987826817057,0.025928112861310314,0.025928112861310314,0.026190298310934734,0.0,0.10487417664983843,0.36122336219518614,0.04415199817277682,0.0,0.6566427038011388,0.5898463017760943,0.0,1.0,1.0,0.1,1.0,0.0008,0.0,0.0003368562057408341,0.0005387737643024588,0.13243695248204929,0.13243695248204929,0.0,0.0,0.0,0.0,1.0,1.0,0.11035053431987762,0.27679771184921265,0.2926693260669708,0.2926693260669708,223.91282653808594,418.2064208984375,0,0.0,0.0,0.0,0,0.0,0.0,0.0,0.0,0.0,0.0,0.0,0.0,0.0,6.525042629649496,6.854412539132348,2.8288629055023193,17.571420669555664,0.32171982307351743,0.9062045285769127,1.0,1.0,canonical,unweighted-eps,1.0,2e-05,0.0003309750919646873,14912,0.00020964819171439452,0.0011770272782485125,0.0003309750919646873,0.005477225575051662,14952,0.0024571310506546606,0.01384453552113841,0.005477225575051662,0.09064126192070304,15059,0.028415663758947978,0.1667416192627308,0.09064126192070304,1.5000000000000002,14981,0.07245316693862539,0.6296891999987908
157,cotrain,0.09187322248442051,0.020144930662603207,0.041363860647647806,0.041363860647647806,1.2854888538539198,1.2490168328468616,0.4767426601332477,0.34193525406030506,0.6625782084515971,-1.0734180484572027,0.20353549572392407,0.2032749998009103,0.025844836635435492,0.025844836635435492,0.026105332399248823,0.0,0.10419830560493164,0.36108998097797745,0.04411299146998387,0.0,0.6540138652691474,0.5878155938723785,0.0,1.0,1.0,0.1,1.0,0.0008,0.0,0.0003350151111011999,0.0005358257991379944,0.1201094299968746,0.1201094299968746,0.0,0.0,0.0,0.0,1.0,1.0,0.11028292030096054,0.279629111289978,0.23418645560741425,0.23418645560741425,224.35214233398438,418.9220886230469,0,0.0,0.0,0.0,0,0.0,0.0,0.0,0.0,0.0,0.0,0.0,0.0,0.0,6.540110251842401,6.878514259094159,2.8288629055023193,17.571420669555664,0.3258267069346085,0.9040258634309912,1.0,1.0,canonical,unweighted-eps,1.0,2e-05,0.0003309750919646873,14914,0.0002149569502431813,0.0012066961879696734,0.0003309750919646873,0.005477225575051662,15053,0.0024770208413128695,0.013956785638578023,0.005477225575051662,0.09064126192070304,14920,0.028523951952642793,0.1674032249974821,0.09064126192070304,1.5000000000000002,15017,0.07206094878613889,0.6293694656254203
158,cotrain,0.09211602980573462,0.02015280184877288,0.0413018859222404,0.0413018859222404,1.2845071396007637,1.2465864804565396,0.47158722725943625,0.34035708201237214,0.6597148793884832,-1.0779465065043197,0.20445135372698817,0.20419312653760624,0.025936360248069987,0.025936360248069987,0.026194587469291992,0.0,0.10329090815005648,0.3585859338442485,0.044291630339546084,0.0,0.6533246244120802,0.5918552793789272,0.0,1.0,1.0,0.1,1.0,0.0008,0.0,0.0003331688031714111,0.0005328694864407975,0.1281438320556767,0.1281438320556767,0.0,0.0,0.0,0.0,1.0,1.0,0.11416499316692352,0.2795049250125885,0.2554870545864105,0.2554870545864105,224.7669219970703,419.57720947265625,0,0.0,0.0,0.0,0,0.0,0.0,0.0,0.0,0.0,0.0,0.0,0.0,0.0,6.546087160069718,6.885975526805299,2.8288629055023193,17.571420669555664,0.3264056905248216,0.903717344303164,1.0,1.0,canonical,unweighted-eps,1.0,2e-05,0.0003309750919646873,15034,0.00020734057887172972,0.0011641508466614296,0.0003309750919646873,0.005477225575051662,14831,0.002480394432440377,0.013975821265149652,0.005477225575051662,0.09064126192070304,15006,0.028426609539149935,0.16691498601975224,0.09064126192070304,1.5000000000000002,15033,0.07232210022052081,0.6321081344710054
159,cotrain,0.09124762396145071,0.019974586199650653,0.041593350199425325,0.041593350199425325,1.2890850589796752,1.254117921122119,0.4749372939014027,0.34393787212096727,0.6621463868098382,-1.0675295499654918,0.20123848621534485,0.20098424228465456,0.025668362247096933,0.025668362247096933,0.02592260621360734,0.0,0.10169758189183015,0.36052098679236877,0.043772887645496264,0.0,0.6541377739009694,0.5856908322891254,0.0,1.0,1.0,0.1,1.0,0.0008,0.0,0.00033131739584043793,0.0005299050085701611,0.1266187694019232,0.1266187694019232,0.0,0.0,0.0,0.0,1.0,1.0,0.11125655472278595,0.28832024335861206,0.26391544938087463,0.26391544938087463,225.2000274658203,420.3031005859375,0,0.0,0.0,0.0,0,0.0,0.0,0.0,0.0,0.0,0.0,0.0,0.0,0.0,6.5241820832603,6.858420025592864,2.8288629055023193,17.571420669555664,0.32416944995666125,0.9049070857528799,1.0,1.0,canonical,unweighted-eps,1.0,2e-05,0.0003309750919646873,14890,0.00020974771936828755,0.0011774300993529642,0.0003309750919646873,0.005477225575051662,15124,0.0024444809106134984,0.013773094481401613,0.005477225575051662,0.09064126192070304,15113,0.028435928591395848,0.16684161254495614,0.09064126192070304,1.5000000000000002,14777,0.07226039857174471,0.6288452655058829
160,cotrain,0.09131404397706701,0.020016257376529466,0.040944192685887344,0.040944192685887344,1.278888066175698,1.2434305714236364,0.467560019566972,0.33919002268558895,0.6573433473578885,-1.081389307211607,0.2022741289379505,0.20201883366347378,0.025792889563669253,0.025792889563669253,0.02604818455158518,0.0,0.10211800354031417,0.356798015980639,0.04388642803025551,0.0,0.652074323887499,0.5934599714719841,0.0,1.0,1.0,0.1,1.0,0.0008,0.0,0.0003294610033118054,0.0005269325483890441,0.12498858710352936,0.12498858710352936,0.0,0.0,0.0,0.0,1.0,1.0,0.11323942244052887,0.28297004103660583,0.23910395801067352,0.23910395801067352,225.61248779296875,420.9896545410156,0,0.0,0.0,0.0,0,0.0,0.0,0.0,0.0,0.0,0.0,0.0,0.0,0.0,6.529759780973451,6.866477956878136,2.8288629055023193,17.571420669555664,0.3252576340082204,0.9043287725718441,1.0,1.0,canonical,unweighted-eps,1.0,2e-05,0.0003309750919646873,14869,0.0002120534953413165,0.0011904619587049798,0.0003309750919646873,0.005477225575051662,15149,0.0024664989848488337,0.013897610746269471,0.005477225575051662,0.09064126192070304,15055,0.028705436549524024,0.16849530211163297,0.09064126192070304,1.5000000000000002,14831,0.0723092775352565,0.6295464620306634
161,cotrain,0.09123656545311977,0.019935665138734456,0.04141578862332126,0.04141578862332126,1.286302404815292,1.2508549748832345,0.46996369493058604,0.3431418237523136,0.6593841445496958,-1.0697575728607993,0.2023286752593823,0.20207649463007593,0.025830483159575708,0.025830483159575708,0.02608266371724188,0.0,0.10087221700093175,0.35840480507184297,0.04372985661029816,0.0,0.6550470077329211,0.5891663583839296,0.0,1.0,1.0,0.1,1.0,0.0008,0.0,0.0003275997400965491,0.0005239522892527919,0.12870188808848715,0.12870188808848715,0.0,0.0,0.0,0.0,1.0,1.0,0.11478716135025024,0.3035479187965393,0.3006780445575714,0.3006780445575714,226.03138732910156,421.6612548828125,0,0.0,0.0,0.0,0,0.0,0.0,0.0,0.0,0.0,0.0,0.0,0.0,0.0,6.53088418337015,6.865305774430278,2.8288629055023193,17.571420669555664,0.3240901417751094,0.9049491870160853,1.0,1.0,canonical,unweighted-eps,1.0,2e-05,0.0003309750919646873,14947,0.00021237062378539451,0.0011920947522959789,0.0003309750919646873,0.005477225575051662,15027,0.002469991798421346,0.013917365458789539,0.005477225575051662,0.09064126192070304,14932,0.028791866849278626,0.1691275766698662,0.09064126192070304,1.5000000000000002,14998,0.07181879164680098,0.6236046701928014
162,cotrain,0.09163531590985437,0.020064399983638372,0.04105146589856117,0.04105146589856117,1.2805759925688025,1.2461879243198624,0.4663990563434413,0.3405754167554725,0.6569029393359127,-1.0773585701090658,0.20442614401889664,0.20417448378398886,0.02594885638413521,0.02594885638413521,0.026200516503622644,0.0,0.10066404867057617,0.3559742176379913,0.04392643655753798,0.0,0.6515645201389606,0.5901552747684315,0.0,1.0,1.0,0.1,1.0,0.0008,0.0,0.0003257337210061514,0.0005209644149978265,0.1272995828722532,0.1272995828722532,0.0,0.0,0.0,0.0,1.0,1.0,0.11376876384019852,0.2760441303253174,0.22818218171596527,0.22818218171596527,226.44309997558594,422.33013916015625,0,0.0,0.0,0.0,0,0.0,0.0,0.0,0.0,0.0,0.0,0.0,0.0,0.0,6.54551531922104,6.883041609102129,2.8288629055023193,17.571420669555664,0.32525548680512684,0.9043299148777734,1.0,1.0,canonical,unweighted-eps,1.0,2e-05,0.0003309750919646873,14909,0.00021636114581693279,0.0012144203569463452,0.0003309750919646873,0.005477225575051662,14972,0.0024504879511436962,0.013807097834570027,0.005477225575051662,0.09064126192070304,14850,0.02827660676405486,0.165878398025076,0.09064126192070304,1.5000000000000002,15173,0.07214250641099185,0.6289295732546818
163,cotrain,0.09176532441797929,0.020113944694893356,0.04124349611214338,0.04124349611214338,1.2835704785461932,1.2502834723036513,0.46665335573956496,0.33935151140914005,0.6565892234062537,-1.081093073145956,0.20481937225812522,0.20456920866655487,0.02594368673988387,0.02594368673988387,0.026193850287674073,0.0,0.10006540765364964,0.3581074512539766,0.04390358750541241,0.0,0.6522275009471127,0.59133678267294,0.0,1.0,1.0,0.1,1.0,0.0008,0.0,0.00032386306114545954,0.0005179691099303059,0.12758708984041825,0.12758708984041825,0.0,0.0,0.0,0.0,1.0,1.0,0.11495061218738556,0.299963116645813,0.4086850583553314,0.4086850583553314,226.8401641845703,423.0054931640625,0,0.0,0.0,0.0,0,0.0,0.0,0.0,0.0,0.0,0.0,0.0,0.0,0.0,6.554025932254954,6.898769590110459,2.8288629055023193,17.571420669555664,0.32858388321440196,0.9025536569067824,1.0,1.0,canonical,unweighted-eps,1.0,2e-05,0.0003309750919646873,15062,0.0002138650814862013,0.001200419887376012,0.0003309750919646873,0.005477225575051662,14868,0.0024887070494243172,0.014022887437605621,0.005477225575051662,0.09064126192070304,14929,0.02843268476069768,0.1667826225516609,0.09064126192070304,1.5000000000000002,15045,0.07241181271858253,0.6339676355911513
164,cotrain,0.09116453709255935,0.020057969020170152,0.04083874437989842,0.04083874437989842,1.2772095024733285,1.24292628836428,0.46694291535860455,0.3376202629162715,0.656388630087559,-1.0860532782016656,0.20158733478468707,0.20133715988988551,0.02570260875325045,0.02570260875325045,0.025952783500791617,0.0,0.10006991861404008,0.35590763113055474,0.043781520201800726,0.0,0.6504560008517697,0.5927667227920949,0.0,1.0,1.0,0.1,1.0,0.0008,0.0,0.0003219878759055854,0.0005149665588147559,0.1320418587161435,0.1320418587161435,0.0,0.0,0.0,0.0,1.0,1.0,0.1136615127325058,0.2991374135017395,0.27917540073394775,0.27917540073394775,227.243896484375,423.6878967285156,0,0.0,0.0,0.0,0,0.0,0.0,0.0,0.0,0.0,0.0,0.0,0.0,0.0,6.53149297196641,6.868073485562043,2.8288629055023193,17.571420669555664,0.3251452351620518,0.9043885621805793,1.0,1.0,canonical,unweighted-eps,1.0,2e-05,0.0003309750919646873,14818,0.00021280545075667249,0.0011944857597318895,0.0003309750919646873,0.005477225575051662,15067,0.002459396064042127,0.01385716785477557,0.005477225575051662,0.09064126192070304,15063,0.028524473187838434,0.167409632679698,0.09064126192070304,1.5000000000000002,14956,0.07153088169226707,0.622674787449435
165,cotrain,0.09141423139307234,0.020051278826645296,0.041041390994229376,0.041041390994229376,1.2804033981597078,1.2448358428783906,0.46694653245628387,0.33838095223037606,0.6567693402369817,-1.0839481621216505,0.20293177188270622,0.20268462408875298,0.02580057932700739,0.02580057932700739,0.026047727200560845,0.0,0.09885915298747201,0.35483863889279527,0.04384439706834208,0.0,0.6503590945249949,0.5958474018933395,0.0,1.0,1.0,0.1,1.0,0.0008,0.0,0.0003201082809567874,0.0005119569468626726,0.12434743742784883,0.12434743742784883,0.0,0.0,0.0,0.0,1.0,1.0,0.11551855504512787,0.28136977553367615,0.27594223618507385,0.27594223618507385,227.6459503173828,424.3239440917969,0,0.0,0.0,0.0,0,0.0,0.0,0.0,0.0,0.0,0.0,0.0,0.0,0.0,6.544572234153748,6.884891654692046,2.8288629055023193,17.571420669555664,0.32665660114592393,0.9035835386133615,1.0,1.0,canonical,unweighted-eps,1.0,2e-05,0.0003309750919646873,14909,0.000212283681968056,0.0011910985588319777,0.0003309750919646873,0.005477225575051662,14947,0.0024584631200733013,0.013852249923426785,0.005477225575051662,0.09064126192070304,14987,0.02852606965469902,0.16743358154981572,0.09064126192070304,1.5000000000000002,15061,0.07158396595241966,0.6246255213944737
166,cotrain,0.09101281033303493,0.019972197914448302,0.040802972773328804,0.040802972773328804,1.2766238509887975,1.240039319309414,0.4667422294489339,0.33404656913545394,0.6556582990874592,-1.09665592893576,0.20220520621181554,0.20195808509985605,0.025749405487798728,0.025749405487798728,0.02599652651617797,0.0,0.09884842555237632,0.35517502232239795,0.04363377670096791,0.0,0.6497328829052101,0.5961951691295124,0.0,1.0,1.0,0.1,1.0,0.0008,0.0,0.0003182243922413358,0.0005089404597210978,0.13129838188298237,0.13129838188298237,0.0,0.0,0.0,0.0,1.0,1.0,0.11551301181316376,0.28110218048095703,0.24335049092769623,0.24335049092769623,228.0278778076172,424.9918518066406,0,0.0,0.0,0.0,0,0.0,0.0,0.0,0.0,0.0,0.0,0.0,0.0,0.0,6.5313736954305925,6.866990484119261,2.8288629055023193,17.571420669555664,0.32467077301477404,0.9046408075553406,1.0,1.0,canonical,unweighted-eps,1.0,2e-05,0.0003309750919646873,15067,0.00021925848819589385,0.0012306365565680996,0.0003309750919646873,0.005477225575051662,14918,0.002481344196296662,0.013980990104683923,0.005477225575051662,0.09064126192070304,14997,0.028617583970876666,0.16794895227570497,0.09064126192070304,1.5000000000000002,14922,0.07190686353264984,0.6267428123316645
167,cotrain,0.0911867169297149,0.020019199191712033,0.04067520217763053,0.04067520217763053,1.2746176640505804,1.237685681408287,0.46609779752981967,0.33547563137661696,0.6555112154565306,-1.0924435008285391,0.20295824250604352,0.20271238028748423,0.02582150201002757,0.02582150201002757,0.026067364145006634,0.0,0.09834485773283702,0.35256659440123117,0.043733213845099136,0.0,0.6486528680110589,0.5983596017691665,0.0,1.0,1.0,0.1,1.0,0.0008,0.0,0.0003163363259663602,0.0005059172834611669,0.1268103597446894,0.1268103597446894,0.0,0.0,0.0,0.0,1.0,1.0,0.11534440517425537,0.2834340035915375,0.2620856761932373,0.2620856761932373,228.40924072265625,425.607666015625,0,0.0,0.0,0.0,0,0.0,0.0,0.0,0.0,0.0,0.0,0.0,0.0,0.0,6.543984705566341,6.88496721350757,2.8288629055023193,17.571420669555664,0.3269978025265572,0.9034014813207865,1.0,1.0,canonical,unweighted-eps,1.0,2e-05,0.0003309750919646873,14877,0.00020747052497411576,0.0011647332541320549,0.0003309750919646873,0.005477225575051662,14983,0.002456363859921266,0.013840230899993913,0.005477225575051662,0.09064126192070304,15027,0.028643604098992918,0.1681408494693073,0.09064126192070304,1.5000000000000002,15017,0.07168499567842582,0.6254201207488325
168,cotrain,0.0910882289784077,0.019917058006215554,0.041759569158093035,0.041759569158093035,1.2916246851858049,1.2572944401166377,0.46715180709575993,0.3388881668066367,0.65701590019923,-1.0822606881459553,0.20158067272386998,0.20133836596057966,0.02562765191651435,0.02562765191651435,0.025869958381303865,0.0,0.09692258203131521,0.35569024085998535,0.04351188509892195,0.0,0.6474843505356047,0.6000514108186158,0.0,1.0,1.0,0.1,1.0,0.0008,0.0,0.0003144441985966823,0.0005028876045666326,0.12814306498019615,0.12814306498019615,0.0,0.0,0.0,0.0,1.0,1.0,0.11810584366321564,0.2843669652938843,0.24396593868732452,0.24396593868732452,228.78565979003906,426.24365234375,0,0.0,0.0,0.0,0,0.0,0.0,0.0,0.0,0.0,0.0,0.0,0.0,0.0,6.542324592924525,6.8823829779689705,2.8288629055023193,17.571420669555664,0.32658563153435466,0.903621391717251,1.0,1.0,canonical,unweighted-eps,1.0,2e-05,0.0003309750919646873,14842,0.0002137365659480226,0.0011997605951194444,0.0003309750919646873,0.005477225575051662,15017,0.002445274308693983,0.013777902603482823,0.005477225575051662,0.09064126192070304,15034,0.028086423812449194,0.1648076292966391,0.09064126192070304,1.5000000000000002,15011,0.07148455176583121,0.6234458724231503
169,cotrain,0.09095633604651333,0.01990788940809922,0.04122701266573535,0.04122701266573535,1.2832557142304573,1.2471243464029753,0.46059303393221307,0.332828842358202,0.6519479602575302,-1.100434584240628,0.20269913382382473,0.20245505054282326,0.02577338606501237,0.02577338606501237,0.02601746927238364,0.0,0.09763328993740754,0.35746386468919933,0.04343590407799452,0.0,0.6505105687767012,0.5959634105998298,0.0,1.0,1.0,0.1,1.0,0.0008,0.0,0.0003125481268476309,0.00049985160992236,0.1284658974593776,0.1284658974593776,0.0,0.0,0.0,0.0,1.0,1.0,0.11011512577533722,0.2693967819213867,0.2745417654514313,0.2745417654514313,229.1651611328125,426.8918151855469,0,0.0,0.0,0.0,0,0.0,0.0,0.0,0.0,0.0,0.0,0.0,0.0,0.0,6.535581784370618,6.871092457544419,2.8288629055023193,17.571420669555664,0.324511016635584,0.9047256899522377,1.0,1.0,canonical,unweighted-eps,1.0,2e-05,0.0003309750919646873,14913,0.00022043405131116578,0.0012376752281036286,0.0003309750919646873,0.005477225575051662,15312,0.0025011904629155634,0.014092782866540622,0.005477225575051662,0.09064126192070304,14761,0.02889363962850809,0.1695726886447162,0.09064126192070304,1.5000000000000002,14918,0.07211719714439752,0.6294783992923317
170,cotrain,0.09090121291004695,0.019927886814181495,0.040494063343757235,0.040494063343757235,1.2717143303623912,1.2349785902561285,0.4589032875931161,0.33082603574053854,0.6506602576909921,-1.106347633477969,0.20299878721244824,0.20275701369103202,0.025832849566657573,0.025832849566657573,0.02607462292887334,0.0,0.09670933926653148,0.349927346707664,0.04355423122198663,0.0,0.6472445697101772,0.6016517326785012,0.0,1.0,1.0,0.1,1.0,0.0008,0.0,0.0003106482276778429,0.0004968094868027995,0.1263609116849227,0.1263609116849227,0.0,0.0,0.0,0.0,1.0,1.0,0.10972364246845245,0.2919239401817322,0.23432748019695282,0.23432748019695282,229.52430725097656,427.4885559082031,0,0.0,0.0,0.0,0,0.0,0.0,0.0,0.0,0.0,0.0,0.0,0.0,0.0,6.531791773616758,6.866712468355151,2.8288629055023193,17.571420669555664,0.3243148382976942,0.9048298888341235,1.0,1.0,canonical,unweighted-eps,1.0,2e-05,0.0003309750919646873,15006,0.00021962246044677814,0.0012327283792129187,0.0003309750919646873,0.005477225575051662,15088,0.0025098660833884744,0.01414179415585254,0.005477225575051662,0.09064126192070304,14952,0.02878961909249417,0.16895669507368036,0.09064126192070304,1.5000000000000002,14858,0.07240975394128935,0.6318377933715295
171,cotrain,0.09103323425301629,0.019862855386593912,0.04126252583427052,0.04126252583427052,1.2838131479468342,1.2452776617983468,0.459362946705431,0.3334497359191251,0.6514658729235331,-1.098496884617031,0.20324777827685714,0.20300741060676739,0.02581685044380844,0.02581685044380844,0.026057217930817705,0.0,0.09614698512431903,0.35380425940976185,0.0434813884476948,0.0,0.6471600987208195,0.6030643998711255,0.0,1.0,1.0,0.1,1.0,0.0008,0.0,0.00030874461828204813,0.0004937614228604348,0.1256405429946434,0.1256405429946434,0.0,0.0,0.0,0.0,1.0,1.0,0.10957980155944824,0.2745317816734314,0.25240451097488403,0.25240451097488403,229.899169921875,428.064453125,0,0.0,0.0,0.0,0,0.0,0.0,0.0,0.0,0.0,0.0,0.0,0.0,0.0,6.534780202767788,6.871823325209575,2.8288629055023193,17.571420669555664,0.32529031511890044,0.9043113857394547,1.0,1.0,canonical,unweighted-eps,1.0,2e-05,0.0003309750919646873,15051,0.00021721404319320056,0.0012190672821128861,0.0003309750919646873,0.005477225575051662,15111,0.002466319378480945,0.013896295797476959,0.005477225575051662,0.09064126192070304,14794,0.028726379390228304,0.16859999008560336,0.09064126192070304,1.5000000000000002,14948,0.07231848515671845,0.6314123984738279
172,cotrain,0.09046179084823681,0.019837282307477843,0.040552426925581746,0.040552426925581746,1.272664538781993,1.234156454475517,0.4590801132413057,0.3335085201721925,0.6516690310249981,-1.0982104960160377,0.20099606102284712,0.2007582827956758,0.025615234449346606,0.025615234449346606,0.025853012700397998,0.0,0.09511128941980693,0.3474493958692775,0.043351246585321225,0.0,0.6469813918965495,0.6042451152118306,0.0,1.0,1.0,0.1,1.0,0.0008,0.0,0.0003068374160838411,0.0004907076061142076,0.13595012444843593,0.13595012444843593,0.0,0.0,0.0,0.0,1.0,1.0,0.11075297743082047,0.27408620715141296,0.3409540355205536,0.3409540355205536,230.25682067871094,428.6678161621094,0,0.0,0.0,0.0,0,0.0,0.0,0.0,0.0,0.0,0.0,0.0,0.0,0.0,6.531500402678791,6.864805665981078,2.8288629055023193,17.571420669555664,0.3235196459457796,0.9052518501279434,1.0,1.0,canonical,unweighted-eps,1.0,2e-05,0.0003309750919646873,15023,0.00021648673100268913,0.0012153845314133115,0.0003309750919646873,0.005477225575051662,15001,0.0025184092873470378,0.014190299168371152,0.005477225575051662,0.09064126192070304,14923,0.028492377852895084,0.16720321556602047,0.09064126192070304,1.5000000000000002,14957,0.07142022534823317,0.6217773078780223
173,cotrain,0.0906684548777138,0.01985169360294747,0.0406293246226433,0.0406293246226433,1.2738535286826225,1.2359270624115937,0.4574806337427889,0.33161052431051546,0.6501486645295069,-1.103980747807739,0.2020792826755434,0.20184195251801076,0.02574075599654745,0.02574075599654745,0.025978085943139516,0.0,0.09493198834805407,0.3479221142573744,0.04343212064769533,0.0,0.6467451239243532,0.6010921714323947,0.0,1.0,1.0,0.1,1.0,0.0008,0.0,0.00030492673872843716,0.00048764822493791945,0.1396832144062998,0.1396832144062998,0.0,0.0,0.0,0.0,1.0,1.0,0.115639828145504,0.283607542514801,0.2801421284675598,0.2801421284675598,230.59837341308594,429.259765625,0,0.0,0.0,0.0,0,0.0,0.0,0.0,0.0,0.0,0.0,0.0,0.0,0.0,6.531352369194357,6.866099475485985,2.8288629055023193,17.571420669555664,0.32423986007907785,0.9048697027333652,1.0,1.0,canonical,unweighted-eps,1.0,2e-05,0.0003309750919646873,15063,0.00021362858961382006,0.0011992628142595773,0.0003309750919646873,0.005477225575051662,15016,0.002481756429696534,0.013983312422646825,0.005477225575051662,0.09064126192070304,14990,0.028977460003121843,0.1700802384733438,0.09064126192070304,1.5000000000000002,14835,0.07193246897841127,0.6278125833010569
174,cotrain,0.0905186645527426,0.019742701915052965,0.04130887162959219,0.04130887162959219,1.2845532713207997,1.2463956549126878,0.458508628874253,0.33477131767660123,0.6516100627999021,-1.0944146338181617,0.20203138247896463,0.20179601198332942,0.02574894760743293,0.02574894760743293,0.0259843179040676,0.0,0.09414813000485937,0.35168653089776,0.043147999084849134,0.0,0.6469318308891394,0.6017445107667238,0.0,1.0,1.0,0.1,1.0,0.0008,0.0,0.0003030127040754156,0.00048458346804861236,0.13484438817597863,0.13484438817597863,0.0,0.0,0.0,0.0,1.0,1.0,0.1108839139342308,0.28282827138900757,0.30988210439682007,0.30988210439682007,230.96080017089844,429.81085205078125,0,0.0,0.0,0.0,0,0.0,0.0,0.0,0.0,0.0,0.0,0.0,0.0,0.0,6.5330654800447645,6.867415561866993,2.8288629055023193,17.571420669555664,0.32399917186178895,0.9049974711228069,1.0,1.0,canonical,unweighted-eps,1.0,2e-05,0.0003309750919646873,14807,0.00021573131284906383,0.0012109353072891488,0.0003309750919646873,0.005477225575051662,14954,0.00248384506947235,0.013995427328889441,0.005477225575051662,0.09064126192070304,15176,0.028320693406514514,0.16619839329561184,0.09064126192070304,1.5000000000000002,14967,0.07164644584902989,0.623968966938956
175,cotrain,0.09062337190804319,0.019838764503375333,0.04093397668220548,0.04093397668220548,1.278633014519675,1.2417397083889725,0.4549834649277549,0.3300053234665822,0.648533538238615,-1.1088348894547193,0.20228764765028262,0.20205349271368778,0.025703697063379053,0.025703697063379053,0.02593785210743419,0.0,0.09366200848394989,0.3479507056693745,0.04326474911764137,0.0,0.6470324539730692,0.6002443138665209,0.0,1.0,1.0,0.1,1.0,0.0008,0.0,0.00030109543019144966,0.00048151352449492745,0.13478452276088235,0.13478452276088235,0.0,0.0,0.0,0.0,1.0,1.0,0.11052021384239197,0.2771685719490051,0.25542986392974854,0.25542986392974854,231.310546875,430.3863220214844,0,0.0,0.0,0.0,0,0.0,0.0,0.0,0.0,0.0,0.0,0.0,0.0,0.0,6.544895937300136,6.885351342829128,2.8288629055023193,17.571420669555664,0.326715226980859,0.9035522655060422,1.0,1.0,canonical,unweighted-eps,1.0,2e-05,0.0003309750919646873,14973,0.00021513582004552287,0.001207370695045419,0.0003309750919646873,0.005477225575051662,14957,0.0024661746446685597,0.01389540737884491,0.005477225575051662,0.09064126192070304,14992,0.02833873217998981,0.1662677178833248,0.09064126192070304,1.5000000000000002,14982,0.07173889935088243,0.6264327383060478
176,cotrain,0.08988138638500474,0.019615248100370422,0.04049207688842574,0.04049207688842574,1.2716585018259148,1.2339981147366712,0.4518808008641259,0.32914800750903594,0.6466306053165697,-1.1114806344366481,0.20058284104507193,0.2003492860075755,0.025701340896865495,0.025701340896865495,0.02593489568362124,0.0,0.093421924731925,0.3450872719478913,0.04299825019975249,0.0,0.6453328186120743,0.6046864654404672,0.0,1.0,1.0,0.1,1.0,0.0008,0.0,0.0002991750353430238,0.00047843858364544396,0.13618221468268296,0.13618221468268296,0.0,0.0,0.0,0.0,1.0,1.0,0.11609560251235962,0.29122331738471985,0.28354692459106445,0.28354692459106445,231.64389038085938,430.9246520996094,0,0.0,0.0,0.0,0,0.0,0.0,0.0,0.0,0.0,0.0,0.0,0.0,0.0,6.508825425408844,6.831347454285514,2.8288629055023193,17.571420669555664,0.31868219298508926,0.9078048466192096,1.0,1.0,canonical,unweighted-eps,1.0,2e-05,0.0003309750919646873,15179,0.0002144500327753841,0.001203915131880177,0.0003309750919646873,0.005477225575051662,14909,0.002459658159521378,0.013858432943563969,0.005477225575051662,0.09064126192070304,14966,0.028482228298485478,0.16707641358651468,0.09064126192070304,1.5000000000000002,14850,0.07228430458190867,0.6246712722521438
177,cotrain,0.0906472417852308,0.019891351736031283,0.04042960905557514,0.04042960905557514,1.2706562791196485,1.2312271470188076,0.45010500821547633,0.3278624523017142,0.6453090482033216,-1.1153244238633375,0.203577907771891,0.20334460920630357,0.025849361076123185,0.025849361076123185,0.026082659661610667,0.0,0.09331943156818549,0.3436268037901475,0.043257434191739455,0.0,0.646457289528643,0.6001580251285281,0.0,1.0,1.0,0.1,1.0,0.0008,0.0,0.00029725163798913814,0.00047535883517699776,0.13267133521855387,0.13267133521855387,0.0,0.0,0.0,0.0,1.0,1.0,0.11508318036794662,0.2997073233127594,0.25347331166267395,0.25347331166267395,231.98724365234375,431.4738464355469,0,0.0,0.0,0.0,0,0.0,0.0,0.0,0.0,0.0,0.0,0.0,0.0,0.0,6.5438580604699945,6.881044561539196,2.8288629055023193,17.571420669555664,0.32512981077415953,0.9043967660566019,1.0,1.0,canonical,unweighted-eps,1.0,2e-05,0.0003309750919646873,15062,0.000213567270997374,0.0011987349134947164,0.0003309750919646873,0.005477225575051662,14877,0.0024884571464979066,0.014020830865604083,0.005477225575051662,0.09064126192070304,14938,0.028635102421073234,0.16806341899831478,0.09064126192070304,1.5000000000000002,15027,0.07190333637099959,0.6284674801036032
178,cotrain,0.09024089336013183,0.019841216480693757,0.04034845663919153,0.04034845663919153,1.2693456542457495,1.2316305471791162,0.44753103671420336,0.32467577969416594,0.6432584671892672,-1.125126926562725,0.20067823862927592,0.20044734870266712,0.025574224197074898,0.025574224197074898,0.02580511439432446,0.0,0.0923560824818336,0.3412435436860109,0.043194868116297275,0.0,0.6457584893856293,0.6046703078273612,0.0,1.0,1.0,0.1,1.0,0.0008,0.0,0.00029532535677400133,0.0004722744690629811,0.14729203223290607,0.14729203223290607,0.0,0.0,0.0,0.0,1.0,1.0,0.11292296648025513,0.2939918637275696,0.2533687949180603,0.2533687949180603,232.32733154296875,432.00714111328125,0,0.0,0.0,0.0,0,0.0,0.0,0.0,0.0,0.0,0.0,0.0,0.0,0.0,6.532959274756602,6.869166191875989,2.8288629055023193,17.571420669555664,0.3249228178741038,0.9045068375409164,1.0,1.0,canonical,unweighted-eps,1.0,2e-05,0.0003309750919646873,15005,0.00021992703084795128,0.0012344198845766338,0.0003309750919646873,0.005477225575051662,15061,0.0025210130553358413,0.014204400641083456,0.005477225575051662,0.09064126192070304,15001,0.02874182236090508,0.16860428513483114,0.09064126192070304,1.5000000000000002,14837,0.07141425290293808,0.6231657474150416
179,cotrain,0.09081123939627765,0.019871088493074108,0.04116242519046506,0.04116242519046506,1.2822283877407434,1.2457350525591109,0.45256270742059773,0.3319837533765369,0.647786610146873,-1.102913089797028,0.20289390234865695,0.2026660511445286,0.02579390306949106,0.02579390306949106,0.026021754261679374,0.0,0.0911404833707035,0.34298116417649466,0.043279217078517646,0.0,0.6460469728096937,0.6058785073858642,0.0,1.0,1.0,0.1,1.0,0.0008,0.0,0.00029339631051971245,0.00046918567556162476,0.14968099808081603,0.14968099808081603,0.0,0.0,0.0,0.0,1.0,1.0,0.10878036916255951,0.28642380237579346,0.3061162233352661,0.3061162233352661,232.66143798828125,432.5396728515625,0,0.0,0.0,0.0,0,0.0,0.0,0.0,0.0,0.0,0.0,0.0,0.0,0.0,6.543479316254967,6.884143969351138,2.8288629055023193,17.571420669555664,0.326854431380829,0.9034779951162243,1.0,1.0,canonical,unweighted-eps,1.0,2e-05,0.0003309750919646873,14673,0.00021711290934071242,0.001218615856499205,0.0003309750919646873,0.005477225575051662,15153,0.0024417674627814174,0.013757783229977418,0.005477225575051662,0.09064126192070304,15029,0.028448186115286087,0.1670006727361657,0.09064126192070304,1.5000000000000002,15049,0.07159441709122362,0.6249120560696184
180,cotrain,0.09017624723541941,0.01969847884665952,0.04133738113296592,0.04133738113296592,1.2849581493444506,1.2477023932668898,0.44933114914048433,0.3322629610824789,0.6460130917720306,-1.1020410262111924,0.20056664615742162,0.20034089321509385,0.02554745351274808,0.02554745351274808,0.025773206626216315,0.0,0.09030123147317487,0.3412616587220094,0.04293267793443977,0.0,0.6433323105940452,0.610844411359877,0.0,1.0,1.0,0.1,1.0,0.0008,0.0,0.0002914646182189311,0.0004660926452042614,0.14291680000849769,0.14291680000849769,0.0,0.0,0.0,0.0,1.0,1.0,0.12070230394601822,0.2968756854534149,0.28841280937194824,0.28841280937194824,232.99440002441406,433.0599670410156,0,0.0,0.0,0.0,0,0.0,0.0,0.0,0.0,0.0,0.0,0.0,0.0,0.0,6.536870678265889,6.877848297625547,2.8288629055023193,17.571420669555664,0.32717780426535104,0.9033053894948259,1.0,1.0,canonical,unweighted-eps,1.0,2e-05,0.0003309750919646873,14801,0.0002136676415333405,0.001199195887215129,0.0003309750919646873,0.005477225575051662,14979,0.0024461686117255616,0.013782982038070017,0.005477225575051662,0.09064126192070304,15248,0.028252375436260718,0.16573468407328706,0.09064126192070304,1.5000000000000002,14876,0.07124218745364974,0.6217997992157327
181,cotrain,0.089969039011078,0.019685243560860936,0.04086684297897622,0.04086684297897622,1.2775672962862838,1.2391247894519415,0.44844901982026225,0.3307166053698613,0.6451707777813969,-1.1066233474984128,0.20093892209040812,0.2007149217220453,0.025645480913102116,0.025645480913102116,0.025869481166044615,0.0,0.08960012459538431,0.3383853538041441,0.042832873013411835,0.0,0.6415619685863837,0.6087624517152023,0.0,1.0,1.0,0.1,1.0,0.0008,0.0,0.0002895303990275374,0.00046299556878357293,0.15114414134723508,0.15114414134723508,0.0,0.0,0.0,0.0,1.0,1.0,0.11002833396196365,0.2786502242088318,0.2688154876232147,0.2688154876232147,233.32211303710938,433.5808410644531,0,0.0,0.0,0.0,0,0.0,0.0,0.0,0.0,0.0,0.0,0.0,0.0,0.0,6.524056991960248,6.853166187432348,2.8288629055023193,17.571420669555664,0.3216142244047342,0.9062603208651117,1.0,1.0,canonical,unweighted-eps,1.0,2e-05,0.0003309750919646873,15011,0.00022282536948067098,0.0012511015877680572,0.0003309750919646873,0.005477225575051662,14880,0.0024757449500142567,0.013949421037148725,0.005477225575051662,0.09064126192070304,15191,0.028537856840756184,0.16744755836967953,0.09064126192070304,1.5000000000000002,14822,0.0716883274823962,0.6243140681715504
182,cotrain,0.09033832371107534,0.019801840148308974,0.04035732904687906,0.04035732904687906,1.269492709686529,1.2307423669048863,0.4462571322408497,0.32600579047814393,0.6428976407927326,-1.120969372936803,0.2024075886568962,0.20218103156130537,0.025746916922239158,0.025746916922239158,0.02597347414519033,0.0,0.09062289965585765,0.33792872812885505,0.04314457821763224,0.0,0.6429166534008124,0.606253059895343,0.0,1.0,1.0,0.1,1.0,0.0008,0.0,0.0002875937722572821,0.0004598946373418215,0.14593024023322979,0.14593024023322979,0.0,0.0,0.0,0.0,1.0,1.0,0.11296150088310242,0.28609025478363037,0.29663607478141785,0.29663607478141785,233.65309143066406,434.0720520019531,0,0.0,0.0,0.0,0,0.0,0.0,0.0,0.0,0.0,0.0,0.0,0.0,0.0,6.538477813076769,6.8774994705979795,2.8288629055023193,17.571420669555664,0.32617316227581006,0.9038412905875931,1.0,1.0,canonical,unweighted-eps,1.0,2e-05,0.0003309750919646873,14931,0.00021374423571622573,0.001199737979995734,0.0003309750919646873,0.005477225575051662,15079,0.002481820128506782,0.013983821194346937,0.005477225575051662,0.09064126192070304,14850,0.028742573662639066,0.1686961212543526,0.09064126192070304,1.5000000000000002,15044,0.07145049958842703,0.6233408557579448
183,cotrain,0.0899643161549018,0.01975358560936064,0.04036354488478257,0.04036354488478257,1.2695787311330033,1.2317770245747688,0.4443944945421993,0.32597005157134473,0.6415944881418831,-1.1211416364735007,0.20079904043266916,0.20057460280437756,0.025594200899139937,0.025594200899139937,0.025818638770212222,0.0,0.08977513510383602,0.3351253490481112,0.042945448691264175,0.0,0.6433833129385598,0.6072518277403891,0.0,1.0,1.0,0.1,1.0,0.0008,0.0,0.0002856548573684267,0.000456790042159065,0.15905199105986673,0.15905199105986673,0.0,0.0,0.0,0.0,1.0,1.0,0.11211120337247849,0.2834496796131134,0.31453126668930054,0.31453126668930054,233.97103881835938,434.54217529296875,0,0.0,0.0,0.0,0,0.0,0.0,0.0,0.0,0.0,0.0,0.0,0.0,0.0,6.529988555826693,6.864452027885171,2.8288629055023193,17.571420669555664,0.3241337224574149,0.9049260527180252,1.0,1.0,canonical,unweighted-eps,1.0,2e-05,0.0003309750919646873,15033,0.0002240257567128178,0.0012574517012915196,0.0003309750919646873,0.005477225575051662,15097,0.0025438502368733073,0.014333336053008613,0.005477225575051662,0.09064126192070304,14885,0.028730753071163177,0.16855090296344546,0.09064126192070304,1.5000000000000002,14889,0.0714464012359034,0.6226776233729205
184,cotrain,0.08990465407060762,0.01967123738076124,0.04100366627686044,0.04100366627686044,1.2797025349854234,1.2428767839048662,0.44570592185880387,0.3293647995361915,0.6434303834142848,-1.1108175750471587,0.20018860911074868,0.19996950022366822,0.025470924380625416,0.025470924380625416,0.02569003311646545,0.0,0.08764349777474363,0.333913668544374,0.04280863324196166,0.0,0.642979630547711,0.6104460820858167,0.0,1.0,1.0,0.1,1.0,0.0008,0.0,0.00028371377396237466,0.0004536819747413585,0.16148426547710204,0.16148426547710204,0.0,0.0,0.0,0.0,1.0,1.0,0.11546453833580017,0.2873374819755554,0.31980064511299133,0.31980064511299133,234.29220581054688,435.02496337890625,0,0.0,0.0,0.0,0,0.0,0.0,0.0,0.0,0.0,0.0,0.0,0.0,0.0,6.535142846596547,6.871415707999848,2.8288629055023193,17.571420669555664,0.3248998265130583,0.9045190608586212,1.0,1.0,canonical,unweighted-eps,1.0,2e-05,0.0003309750919646873,14928,0.0002232366215311877,0.0012531501182633485,0.0003309750919646873,0.005477225575051662,15042,0.002504894327881995,0.014113856335140229,0.005477225575051662,0.09064126192070304,15044,0.028335055560705605,0.1662661683936602,0.09064126192070304,1.5000000000000002,14890,0.07108976351806508,0.6209977865379236
185,cotrain,0.09049265196499152,0.019752071117663868,0.04145218659606245,0.04145218659606245,1.286764057485714,1.2511866744766889,0.4507878136813131,0.3327649982057066,0.6471306312287974,-1.1004591072217011,0.20203808561349526,0.20182151172278273,0.02566999739083724,0.02566999739083724,0.025886570923348777,0.0,0.08662943994132881,0.3327617457088752,0.043018967987826236,0.0,0.6388461349102167,0.6139965917811625,0.0,1.0,1.0,0.1,1.0,0.0008,0.0,0.00028177064177429374,0.00045057062680894033,0.14993858374018446,0.14993858374018446,0.0,0.0,0.0,0.0,1.0,1.0,0.11361484974622726,0.2941359281539917,0.3081565201282501,0.3081565201282501,234.6045684814453,435.5096740722656,0,0.0,0.0,0.0,0,0.0,0.0,0.0,0.0,0.0,0.0,0.0,0.0,0.0,6.552205191718207,6.896243705007502,2.8288629055023193,17.571420669555664,0.32828583204132755,0.902713168731445,1.0,1.0,canonical,unweighted-eps,1.0,2e-05,0.0003309750919646873,14713,0.00021045345715934842,0.0011812684690258339,0.0003309750919646873,0.005477225575051662,15008,0.002409753621246086,0.01357712801089133,0.005477225575051662,0.09064126192070304,15015,0.028200345919841215,0.16549881218355417,0.09064126192070304,1.5000000000000002,15168,0.070875879895838,0.6186580714545672
186,cotrain,0.08999168323591733,0.019642249919856206,0.040933710706030205,0.040933710706030205,1.2785793731213335,1.2430693792481708,0.44345012383583265,0.3272233267243092,0.6415987149772481,-1.1173781210031264,0.2009016346727681,0.2006862480034176,0.025533634345405377,0.025533634345405377,0.025749021301316656,0.0,0.08615477789097871,0.3285324117885186,0.04288833933030693,0.0,0.641176394927196,0.609626366973767,0.0,1.0,1.0,0.1,1.0,0.0008,0.0,0.0002798255806657303,0.0004474561902844069,0.1567558751274378,0.1567558751274378,0.0,0.0,0.0,0.0,1.0,1.0,0.10687771439552307,0.2767883539199829,0.31741613149642944,0.31741613149642944,234.91893005371094,436.0242919921875,0,0.0,0.0,0.0,0,0.0,0.0,0.0,0.0,0.0,0.0,0.0,0.0,0.0,6.540131364113245,6.8797236235008565,2.8288629055023193,17.571420669555664,0.3264121613036375,0.9037138943583031,1.0,1.0,canonical,unweighted-eps,1.0,2e-05,0.0003309750919646873,14984,0.00022560320503077903,0.0012662622214181104,0.0003309750919646873,0.005477225575051662,15076,0.0025018702598936554,0.014096479731470813,0.005477225575051662,0.09064126192070304,14951,0.028452348586715796,0.1669427113312637,0.09064126192070304,1.5000000000000002,14893,0.07138099299326918,0.6240822073515688
187,cotrain,0.09000661193878733,0.01965953798717859,0.040761895629012175,0.040761895629012175,1.2758493786608995,1.2393165735098033,0.4410291746513456,0.32411772299271363,0.6395749514683698,-1.1268952588240306,0.2021236330525488,0.20190609787773883,0.025682572410720535,0.025682572410720535,0.02590010784025121,0.0,0.08701416596961327,0.33265034281290495,0.042787693210073516,0.0,0.6386135636996,0.6146400461827094,0.0,1.0,1.0,0.1,1.0,0.0008,0.0,0.0002778787106172156,0.0004443388572808733,0.15733806024759245,0.15733806024759245,0.0,0.0,0.0,0.0,1.0,1.0,0.11370399594306946,0.2847108244895935,0.32927435636520386,0.32927435636520386,235.2248992919922,436.4632263183594,0,0.0,0.0,0.0,0,0.0,0.0,0.0,0.0,0.0,0.0,0.0,0.0,0.0,6.547174081843123,6.886168803565274,2.8288629055023193,17.571420669555664,0.3259377248542346,0.9039667321830817,1.0,1.0,canonical,unweighted-eps,1.0,2e-05,0.0003309750919646873,14844,0.00022645094018475695,0.0012711104175225963,0.0003309750919646873,0.005477225575051662,15035,0.002539557780008757,0.014309026883177318,0.005477225575051662,0.09064126192070304,15012,0.028511150639088288,0.1672963437130697,0.09064126192070304,1.5000000000000002,15013,0.07120067504104526,0.622761978376065
188,cotrain,0.09010802102712993,0.01965071811961631,0.04102314351142472,0.04102314351142472,1.2799699146945511,1.2440172586685572,0.44051954532280946,0.326430401358849,0.6398346374432246,-1.1197280165476677,0.202444044729838,0.20222801610063285,0.0257928942481422,0.0257928942481422,0.026008922905207444,0.0,0.08641146015152971,0.33315875362127256,0.04278712944151499,0.0,0.64003140753151,0.6147571863144144,0.0,1.0,1.0,0.1,1.0,0.0008,0.0,0.00027593015172086474,0.00044121882009012315,0.1592027182635079,0.1592027182635079,0.0,0.0,0.0,0.0,1.0,1.0,0.11278670281171799,0.27998024225234985,0.28735676407814026,0.28735676407814026,235.53475952148438,436.9049377441406,0,0.0,0.0,0.0,0,0.0,0.0,0.0,0.0,0.0,0.0,0.0,0.0,0.0,6.539121658374102,6.878949634511449,2.8288629055023193,17.571420669555664,0.32655414048058484,0.9036381865004761,1.0,1.0,canonical,unweighted-eps,1.0,2e-05,0.0003309750919646873,15111,0.00022247521025908,0.0012487077597538804,0.0003309750919646873,0.005477225575051662,14809,0.002491354853522569,0.014037135690380233,0.005477225575051662,0.09064126192070304,14912,0.028725019406303443,0.1685894990715602,0.09064126192070304,1.5000000000000002,15072,0.07142341752277565,0.621915824347494
189,cotrain,0.08975887661560988,0.019612014576251436,0.04080275720001286,0.04080275720001286,1.2764868658799062,1.239576881003176,0.4379821131244684,0.3239123770951206,0.6380629058067615,-1.1274306506682665,0.20072081070552525,0.20050837440241095,0.02559137516296827,0.02559137516296827,0.025803811489962615,0.0,0.0849745221531544,0.32849236701925594,0.042710670063065156,0.0,0.6413396449170561,0.6119528759020165,0.0,1.0,1.0,0.1,1.0,0.0008,0.0,0.0002739800241729691,0.0004380962711707471,0.15524897727574039,0.15524897727574039,0.0,0.0,0.0,0.0,1.0,1.0,0.10953465104103088,0.2844739258289337,0.2969703674316406,0.2969703674316406,235.83006286621094,437.364501953125,0,0.0,0.0,0.0,0,0.0,0.0,0.0,0.0,0.0,0.0,0.0,0.0,0.0,6.529713302596003,6.863404835807749,2.8288629055023193,17.571420669555664,0.32375712158618203,0.9051259032223293,1.0,1.0,canonical,unweighted-eps,1.0,2e-05,0.0003309750919646873,14906,0.00021893579310587724,0.001229133146796133,0.0003309750919646873,0.005477225575051662,15123,0.002471506564327312,0.013925206826365846,0.005477225575051662,0.09064126192070304,14937,0.028448129748535132,0.16690243493204193,0.09064126192070304,1.5000000000000002,14938,0.07145909601337444,0.621858324451066
190,cotrain,0.08988393688749553,0.019670478326992855,0.04071939758892752,0.04071939758892752,1.275172271273261,1.2388162470271444,0.43683241536984074,0.3241754153218025,0.6374625447723601,-1.1266232423293285,0.201680129314335,0.20146896295313144,0.02562820602956618,0.02562820602956618,0.025839372514150083,0.0,0.08446660045629893,0.3262780287708992,0.04269210442614097,0.0,0.638009109812924,0.6165341522990384,0.0,1.0,1.0,0.1,1.0,0.0008,0.0,0.00027202844826658163,0.00043497140313627104,0.1683545380225803,0.1683545380225803,0.0,0.0,0.0,0.0,1.0,1.0,0.11106859892606735,0.27400538325309753,0.35643792152404785,0.35643792152404785,236.12191772460938,437.7838439941406,0,0.0,0.0,0.0,0,0.0,0.0,0.0,0.0,0.0,0.0,0.0,0.0,0.0,6.543343579667246,6.8848464595352326,2.8288629055023193,17.571420669555664,0.32727000242107057,0.9032561580271751,1.0,1.0,canonical,unweighted-eps,1.0,2e-05,0.0003309750919646873,15008,0.0002254406395772877,0.0012651909896577679,0.0003309750919646873,0.005477225575051662,15074,0.002511601677863576,0.014151252233825502,0.005477225575051662,0.09064126192070304,14940,0.02871422362096179,0.1684854986198456,0.09064126192070304,1.5000000000000002,14882,0.07156284518530893,0.6262141810103043
191,cotrain,0.0892913812596319,0.019580911733528487,0.039957305647305444,0.039957305647305444,1.2630919542085488,1.224792014584582,0.43416010053494036,0.322689315638481,0.6356106967243373,-1.1313000257708068,0.19970684323428023,0.19949567938844362,0.025513892479909536,0.025513892479909536,0.025725056377486285,0.0,0.08446556574895851,0.3212287300226525,0.0425916898311076,0.0,0.6375032113148615,0.6198620712941784,0.0,1.0,1.0,0.1,1.0,0.0008,0.0,0.0002700755443840971,0.0004318444087432747,0.1731692986228527,0.1731692986228527,0.0,0.0,0.0,0.0,1.0,1.0,0.11708241701126099,0.27341392636299133,0.3446511924266815,0.3446511924266815,236.40304565429688,438.23602294921875,0,0.0,0.0,0.0,0,0.0,0.0,0.0,0.0,0.0,0.0,0.0,0.0,0.0,6.521930819902664,6.853503806065281,2.8288629055023193,17.571420669555664,0.32289947136124836,0.905580493317098,1.0,1.0,canonical,unweighted-eps,1.0,2e-05,0.0003309750919646873,15055,0.00022858624174579737,0.0012829900936049427,0.0003309750919646873,0.005477225575051662,15038,0.002515406740579394,0.014172987630193198,0.005477225575051662,0.09064126192070304,14953,0.028678523115367782,0.16822505674896004,0.09064126192070304,1.5000000000000002,14858,0.07122669326358856,0.6193748257942934
192,cotrain,0.08950683920301943,0.019648494654629603,0.04037555882659478,0.04037555882659478,1.2697091758789576,1.2326716569244351,0.43356154101271915,0.320077173730247,0.6348102562702619,-1.13945486708584,0.19999049006937406,0.19978077257545584,0.025478063167160392,0.025478063167160392,0.025687780649138566,0.0,0.0838869917883068,0.32261762748926115,0.042591062509733386,0.0,0.6383195742327943,0.6176890663675263,0.0,1.0,1.0,0.1,1.0,0.0008,0.0,0.00026812143298982587,0.0004287154808795017,0.1643791819930586,0.1643791819930586,0.0,0.0,0.0,0.0,1.0,1.0,0.1135791540145874,0.28045016527175903,0.31186795234680176,0.31186795234680176,236.6896514892578,438.6534423828125,0,0.0,0.0,0.0,0,0.0,0.0,0.0,0.0,0.0,0.0,0.0,0.0,0.0,6.536552159195272,6.877315350105396,2.8288629055023193,17.571420669555664,0.3270804701557633,0.9033573542002953,1.0,1.0,canonical,unweighted-eps,1.0,2e-05,0.0003309750919646873,15151,0.00022108631591985002,0.001241073096073285,0.0003309750919646873,0.005477225575051662,14947,0.0024898197109853816,0.014028399022293704,0.005477225575051662,0.09064126192070304,15023,0.028923264179377014,0.16975011724309408,0.09064126192070304,1.5000000000000002,14783,0.07110591110708683,0.62159409033045
193,cotrain,0.08979706396149774,0.01955169789556764,0.0409762632006254,0.0409762632006254,1.2792458642105533,1.2402954822422092,0.4396587372717694,0.3264876825050411,0.639911098103238,-1.1195473719356406,0.2021658219014987,0.20195991870684502,0.02576525015040086,0.02576525015040086,0.025971153504254982,0.0,0.0823613566179306,0.3224262673503313,0.042562205479758926,0.0,0.6351726411754249,0.6232111853704791,0.0,1.0,1.0,0.1,1.0,0.0008,0.0,0.0002661662346225635,0.0004255848125519613,0.16154700455566248,0.16154700455566248,0.0,0.0,0.0,0.0,1.0,1.0,0.11064954847097397,0.29730424284935,0.3553221821784973,0.3553221821784973,236.97357177734375,439.0671081542969,0,0.0,0.0,0.0,0,0.0,0.0,0.0,0.0,0.0,0.0,0.0,0.0,0.0,6.540276524348137,6.876355238736409,2.8288629055023193,17.571420669555664,0.32467297680078877,0.9046396364502356,1.0,1.0,canonical,unweighted-eps,1.0,2e-05,0.0003309750919646873,14995,0.00021640515896184577,0.0012146566969955233,0.0003309750919646873,0.005477225575051662,14801,0.0024494379454287766,0.013801315718184902,0.005477225575051662,0.09064126192070304,15010,0.028440722283087597,0.16687011342299612,0.09064126192070304,1.5000000000000002,15098,0.07133707647719024,0.6206782009762981
194,cotrain,0.08959677688076965,0.019640578840596553,0.04093767665167395,0.04093767665167395,1.2785888741661828,1.2389566651266863,0.43481461697409296,0.32169315429070056,0.6360249805908936,-1.134406577063422,0.20040013023421296,0.2001948640960404,0.02549774332656565,0.02549774332656565,0.025703009615978625,0.0,0.08210653200363502,0.3216461110700909,0.0424375124514485,0.0,0.635258264393888,0.6251977650884942,0.0,1.0,1.0,0.1,1.0,0.0008,0.0,0.000264210069888155,0.00042245259687502274,0.17222265138203263,0.17222265138203263,0.0,0.0,0.0,0.0,1.0,1.0,0.11180578172206879,0.2753596007823944,0.333692342042923,0.333692342042923,237.25994873046875,439.48443603515625,0,0.0,0.0,0.0,0,0.0,0.0,0.0,0.0,0.0,0.0,0.0,0.0,0.0,6.540838300672352,6.883964796582293,2.8288629055023193,17.571420669555664,0.3281313135227696,0.9027958295638076,1.0,1.0,canonical,unweighted-eps,1.0,2e-05,0.0003309750919646873,15126,0.00021873203883681245,0.0012274940197583735,0.0003309750919646873,0.005477225575051662,14871,0.002476348339204677,0.01395255537650651,0.005477225575051662,0.09064126192070304,14979,0.028598149627461055,0.16782923658060148,0.09064126192070304,1.5000000000000002,14928,0.07093454000618936,0.6198086529043838
195,cotrain,0.0896678304251952,0.019592969262431193,0.04072170335258174,0.04072170335258174,1.2751902272295863,1.2371489624691825,0.43426375173860127,0.32190155040504587,0.6357015845103141,-1.133703553269052,0.20126097353223044,0.2010548333836417,0.02564793987931986,0.02564793987931986,0.025854080250789214,0.0,0.08245615581544037,0.32235813462454027,0.04255682354172071,0.0,0.6350736511059296,0.6235802193415056,0.0,1.0,1.0,0.1,1.0,0.0008,0.0,0.00026225305945205564,0.0004193190270585028,0.17335550401073235,0.17335550401073235,0.0,0.0,0.0,0.0,1.0,1.0,0.11552437394857407,0.2830441892147064,0.4276851415634155,0.4276851415634155,237.53619384765625,439.88494873046875,0,0.0,0.0,0.0,0,0.0,0.0,0.0,0.0,0.0,0.0,0.0,0.0,0.0,6.528394607397226,6.861034491949497,2.8288629055023193,17.571420669555664,0.3232673128654364,0.9053856138838178,1.0,1.0,canonical,unweighted-eps,1.0,2e-05,0.0003309750919646873,14944,0.00022876400400074777,0.0012842569337176593,0.0003309750919646873,0.005477225575051662,14985,0.002514446819120938,0.014167545907370918,0.005477225575051662,0.09064126192070304,15056,0.028423438082260104,0.16675992063014083,0.09064126192070304,1.5000000000000002,14919,0.07154455869876553,0.6234840668832276
196,cotrain,0.08963146299505845,0.01958042161905358,0.04050792992497102,0.04050792992497102,1.271848233547596,1.2339548262266011,0.436689583855307,0.32505419646572864,0.6378002795908186,-1.123877880664972,0.20119255032931638,0.20098820357368544,0.025650998840156276,0.025650998840156276,0.02585534557986718,0.0,0.08173869889325057,0.3202745262374226,0.04259969857640755,0.0,0.6340031492659169,0.6278645489066361,0.0,1.0,1.0,0.1,1.0,0.0008,0.0,0.00026029532403188744,0.00041618429639574855,0.170547453702515,0.170547453702515,0.0,0.0,0.0,0.0,1.0,1.0,0.11167548596858978,0.2789454162120819,0.3447497487068176,0.3447497487068176,237.806884765625,440.2877197265625,0,0.0,0.0,0.0,0,0.0,0.0,0.0,0.0,0.0,0.0,0.0,0.0,0.0,6.539227307352245,6.87609004143181,2.8288629055023193,17.571420669555664,0.32508769110127983,0.9044191673143618,1.0,1.0,canonical,unweighted-eps,1.0,2e-05,0.0003309750919646873,14967,0.00022328146555691036,0.0012532969386783337,0.0003309750919646873,0.005477225575051662,14841,0.0024674295162678277,0.013902273107656177,0.005477225575051662,0.09064126192070304,15036,0.0285397739677107,0.16748082423723895,0.09064126192070304,1.5000000000000002,15060,0.07088395820987493,0.617309030530304
197,cotrain,0.0898038702738336,0.01957841879194682,0.0412766142294575,0.0412766142294575,1.2839185764335432,1.2462817715783405,0.4345029090077449,0.32418899722078925,0.6364493373876963,-1.1265720248731792,0.2013965642127471,0.2011946691120537,0.025603621744383603,0.025603621744383603,0.025805516906767193,0.0,0.08075805977942088,0.3198522087982577,0.042526544756295845,0.0,0.635744012064404,0.6220982441057762,0.0,1.0,1.0,0.1,1.0,0.0008,0.0,0.0002583369843899928,0.0004130485982517129,0.1704060981511815,0.1704060981511815,0.0,0.0,0.0,0.0,1.0,1.0,0.114082932472229,0.2882079482078552,0.33909064531326294,0.33909064531326294,238.07948303222656,440.6865234375,0,0.0,0.0,0.0,0,0.0,0.0,0.0,0.0,0.0,0.0,0.0,0.0,0.0,6.548470271958245,6.8918712467919025,2.8288629055023193,17.571420669555664,0.32806964878446565,0.902828810935174,1.0,1.0,canonical,unweighted-eps,1.0,2e-05,0.0003309750919646873,15020,0.0002214879282569133,0.0012431990478024104,0.0003309750919646873,0.005477225575051662,14969,0.0024709270188093537,0.013922215436828329,0.005477225575051662,0.09064126192070304,14802,0.02833563640840536,0.16626622413980077,0.09064126192070304,1.5000000000000002,15113,0.07106605031556111,0.6196134626956097
198,cotrain,0.08962403256923725,0.019569322870821398,0.040757835810828924,0.040757835810828924,1.2757593571223709,1.2361381107415907,0.43427507630270773,0.3229463904077171,0.6357002049429804,-1.130525798114956,0.20173493795033193,0.20153097840201142,0.025635520931588024,0.025635520931588024,0.025839480495828595,0.0,0.081583812347271,0.319971421176297,0.042457767993084386,0.0,0.6358575392992069,0.6259039791308852,0.0,1.0,1.0,0.1,1.0,0.0008,0.0,0.0002563781613259856,0.000409912126051028,0.16935327095098984,0.16935327095098984,0.0,0.0,0.0,0.0,1.0,1.0,0.11272664368152618,0.26815783977508545,0.36032798886299133,0.36032798886299133,238.3390350341797,441.086181640625,0,0.0,0.0,0.0,0,0.0,0.0,0.0,0.0,0.0,0.0,0.0,0.0,0.0,6.541485094616556,6.877015070610914,2.8288629055023193,17.571420669555664,0.3243704584849015,0.9048003504863993,1.0,1.0,canonical,unweighted-eps,1.0,2e-05,0.0003309750919646873,15042,0.00021786137068937147,0.0012229118479338752,0.0003309750919646873,0.005477225575051662,14897,0.002500014339234274,0.014086401545778173,0.005477225575051662,0.09064126192070304,14834,0.02835297707688765,0.1663357147361063,0.09064126192070304,1.5000000000000002,15131,0.07101727620000589,0.6197110256068761
199,cotrain,0.0894099177681228,0.019478915440332558,0.0411525025852343,0.0411525025852343,1.281983778747558,1.2437285167029781,0.4359565764410883,0.3258182094392613,0.6373426272318914,-1.1215844235868535,0.20076880498956412,0.2005667492874667,0.025492050032266695,0.025492050032266695,0.02569410553536354,0.0,0.0808222148185357,0.3215918344182846,0.04228652013927443,0.0,0.6327421511085625,0.6259306733323357,0.0,1.0,1.0,0.1,1.0,0.0008,0.0,0.0002544189756692991,0.00040677507326607307,0.16477629961047927,0.16477629961047927,0.0,0.0,0.0,0.0,1.0,1.0,0.11328030377626419,0.2978364825248718,0.34129855036735535,0.34129855036735535,238.59693908691406,441.46881103515625,0,0.0,0.0,0.0,0,0.0,0.0,0.0,0.0,0.0,0.0,0.0,0.0,0.0,6.540073114582616,6.87766923046716,2.8288629055023193,17.571420669555664,0.3254286923918495,0.9042377550451918,1.0,1.0,canonical,unweighted-eps,1.0,2e-05,0.0003309750919646873,14849,0.0002099309901599812,0.0011783830948333056,0.0003309750919646873,0.005477225575051662,14967,0.0024426643729006797,0.013762951499555443,0.005477225575051662,0.09064126192070304,15127,0.028210947963481715,0.16557422167816535,0.09064126192070304,1.5000000000000002,14961,0.07089446752867065,0.6207219667513098
200,cotrain,0.08948550195011318,0.01960496241465593,0.0402964485458966,0.0402964485458966,1.2684359691422182,1.2308996380903783,0.432602150636351,0.3179219365119934,0.633692709553955,-1.1461157391213963,0.20143056275625515,0.20122564319744068,0.02561315679604299,0.02561315679604299,0.025818076207597032,0.0,0.08196774599516493,0.32155230733701307,0.042449317896404326,0.0,0.6338429467545615,0.6266505232294245,0.0,1.0,1.0,0.1,1.0,0.0008,0.0,0.0002524595482717333,0.00040363763340504086,0.1611962816080986,0.1611962816080986,0.0,0.0,0.0,0.0,1.0,1.0,0.110474593937397,0.28698068857192993,0.308095782995224,0.308095782995224,238.84521484375,441.8816223144531,0,0.0,0.0,0.0,0,0.0,0.0,0.0,0.0,0.0,0.0,0.0,0.0,0.0,6.546465783037691,6.888423733458522,2.8288629055023193,17.571420669555664,0.32741343796192035,0.9031795501976186,1.0,1.0,canonical,unweighted-eps,1.0,2e-05,0.0003309750919646873,14956,0.00021065112556622038,0.0011823016981534235,0.0003309750919646873,0.005477225575051662,15056,0.0025015726881487716,0.014095072784954948,0.005477225575051662,0.09064126192070304,14795,0.02868096591774456,0.1682798481986667,0.09064126192070304,1.5000000000000002,15097,0.07082079082575429,0.6183097736009693
201,cotrain,0.08915940188189857,0.019468133178595293,0.040913778476608105,0.040913778476608105,1.27817984856252,1.239008441949502,0.4325690367537686,0.31839907723359573,0.6339139567735868,-1.1445911977535639,0.20023674186733034,0.20003359194876802,0.025536497115579426,0.025536497115579426,0.025739647316722535,0.0,0.08126008108608489,0.3234467041543406,0.04214903038854782,0.0,0.6333872455562282,0.6267132649235985,0.0,1.0,1.0,0.1,1.0,0.0008,0.0,0.00025049999999999985,0.0004005000000000007,0.17223575942090943,0.17223575942090943,0.0,0.0,0.0,0.0,1.0,1.0,0.11466287076473236,0.31685709953308105,0.3544214367866516,0.3544214367866516,239.1084442138672,442.2557373046875,0,0.0,0.0,0.0,0,0.0,0.0,0.0,0.0,0.0,0.0,0.0,0.0,0.0,6.536340766482883,6.875614294130392,2.8288629055023193,17.571420669555664,0.3263520509337658,0.9037459410391895,1.0,1.0,canonical,unweighted-eps,1.0,2e-05,0.0003309750919646873,14912,0.00021805137440763603,0.0012237616145035028,0.0003309750919646873,0.005477225575051662,14995,0.0025337544604316082,0.01427646872499618,0.005477225575051662,0.09064126192070304,15049,0.028589382954820605,0.16773330358122107,0.09064126192070304,1.5000000000000002,14948,0.07079552211702779,0.6172243390837423
202,cotrain,0.0898708804932415,0.019563320419217788,0.04126813031064394,0.04126813031064394,1.2837727841765525,1.2453051008220413,0.435858054102486,0.3216671467336834,0.636624894463099,-1.1344247271871974,0.2025768491320121,0.20237656115976155,0.025703343606561933,0.025703343606561933,0.02590363207631386,0.0,0.08011537061956449,0.32217044517015797,0.04246647024734153,0.0,0.6325507995664564,0.6291736960092671,0.0,1.0,1.0,0.1,1.0,0.0008,0.0,0.0002485404517282664,0.00039736236659496056,0.1762553862749766,0.1762553862749766,0.0,0.0,0.0,0.0,1.0,1.0,0.10868427157402039,0.29601824283599854,0.3700144290924072,0.3700144290924072,239.36212158203125,442.6275329589844,0,0.0,0.0,0.0,0,0.0,0.0,0.0,0.0,0.0,0.0,0.0,0.0,0.0,6.547524965726412,6.8898139856499645,2.8288629055023193,17.571420669555664,0.3275487579791644,0.9031072579535396,1.0,1.0,canonical,unweighted-eps,1.0,2e-05,0.0003309750919646873,14935,0.00021417826199907202,0.0012022189667512632,0.0003309750919646873,0.005477225575051662,14950,0.0024751524963606162,0.01394608259599743,0.005477225575051662,0.09064126192070304,14936,0.0284108951504242,0.16672724410372747,0.09064126192070304,1.5000000000000002,15083,0.07128460405044085,0.6236477025914775
203,cotrain,0.08899853220925881,0.01946065387624897,0.04087940624986704,0.04087940624986704,1.2776547039521748,1.2393071847593682,0.43516018802029455,0.31939417932532793,0.6355585212636198,-1.1414527549193456,0.19957227853691986,0.1993724369467833,0.025424198637533393,0.025424198637533393,0.025624040108269606,0.0,0.07993657031279598,0.31990225307452375,0.04203839623170276,0.0,0.6310615903801389,0.6336759666745098,0.0,1.0,1.0,0.1,1.0,0.0008,0.0,0.00024658102433070065,0.0003942249267339284,0.16282585091315782,0.16282585091315782,0.0,0.0,0.0,0.0,1.0,1.0,0.11031189560890198,0.282375305891037,0.3597371280193329,0.3597371280193329,239.61256408691406,442.9785461425781,0,0.0,0.0,0.0,0,0.0,0.0,0.0,0.0,0.0,0.0,0.0,0.0,0.0,6.535196389907446,6.872630146435532,2.8288629055023193,17.571420669555664,0.3254728835347237,0.9042142368205925,1.0,1.0,canonical,unweighted-eps,1.0,2e-05,0.0003309750919646873,15229,0.00021453983625532237,0.0012040858105181185,0.0003309750919646873,0.005477225575051662,14700,0.0024589854902049312,0.013854748193098574,0.005477225575051662,0.09064126192070304,15088,0.02860186094949506,0.16784939947335617,0.09064126192070304,1.5000000000000002,14887,0.07066917449862511,0.6172293216008083
204,cotrain,0.08964886554540732,0.019493977825802106,0.04158221517140285,0.04158221517140285,1.2886702925177997,1.2479485721669645,0.43645118603594285,0.32191616888993824,0.6365848778404741,-1.1337136320578747,0.2017603288603644,0.20156050791852495,0.025547356503959905,0.025547356503959905,0.025747177485599477,0.0,0.0799284045321819,0.32341557234907764,0.04227269046072267,0.0,0.631234327569986,0.6289603216812397,0.0,1.0,1.0,0.1,1.0,0.0008,0.0,0.0002446218386740141,0.0003910878739489734,0.16984704163912526,0.16984704163912526,0.0,0.0,0.0,0.0,1.0,1.0,0.108304463326931,0.29305192828178406,0.3402297794818878,0.3402297794818878,239.86358642578125,443.34307861328125,0,0.0,0.0,0.0,0,0.0,0.0,0.0,0.0,0.0,0.0,0.0,0.0,0.0,6.550284819725232,6.892891530807021,2.8288629055023193,17.571420669555664,0.3276337980930263,0.9030618174671087,1.0,1.0,canonical,unweighted-eps,1.0,2e-05,0.0003309750919646873,14987,0.00021358201486672062,0.0011989134508931724,0.0003309750919646873,0.005477225575051662,15057,0.0024734971384357835,0.013936627472888713,0.005477225575051662,0.09064126192070304,14807,0.02858125171615004,0.16776260673021606,0.09064126192070304,1.5000000000000002,15053,0.07086573094218654,0.6219629181791111
205,cotrain,0.08906562677305987,0.01947609641843945,0.04030320084152313,0.04030320084152313,1.2685795472065062,1.2295327341964102,0.43602376730523557,0.3212442219766796,0.6364667088302791,-1.1356755342238989,0.20074534752111658,0.20054681280739287,0.02561646356828447,0.02561646356828447,0.025814998632249158,0.0,0.0794140067922636,0.31552827530182326,0.042186449504751936,0.0,0.6322441120178272,0.6262204121623156,0.0,1.0,1.0,0.1,1.0,0.0008,0.0,0.0002426630156100069,0.00038795140174828843,0.1709848614807567,0.1709848614807567,0.0,0.0,0.0,0.0,1.0,1.0,0.11723396182060242,0.30146878957748413,0.33474498987197876,0.33474498987197876,240.0966339111328,443.714111328125,0,0.0,0.0,0.0,0,0.0,0.0,0.0,0.0,0.0,0.0,0.0,0.0,0.0,6.540866066247989,6.874862926216318,2.8288629055023193,17.571420669555664,0.32362575291537765,0.9051955826271082,1.0,1.0,canonical,unweighted-eps,1.0,2e-05,0.0003309750919646873,14712,0.00021339198240180777,0.0011983366691734785,0.0003309750919646873,0.005477225575051662,14976,0.002461228744051236,0.01386753415875933,0.005477225575051662,0.09064126192070304,15058,0.0283793643609764,0.166587694974705,0.09064126192070304,1.5000000000000002,15158,0.07040462986682741,0.6122027067603969
206,cotrain,0.08882132223528674,0.01934575690672948,0.0410078013729718,0.0410078013729718,1.2796711484022953,1.2413250004124439,0.4351191143704276,0.3195961520203158,0.6354905801196383,-1.141035760824497,0.19974203108467609,0.1995449029864409,0.0254362216219306,0.0254362216219306,0.02563334967638565,0.0,0.07885123532997747,0.31863352665916467,0.04189890826073212,0.0,0.6309076267429906,0.6339791381460989,0.0,1.0,1.0,0.1,1.0,0.0008,0.0,0.00024070467596811227,0.00038481570360425276,0.1681871431378218,0.1681871431378218,0.0,0.0,0.0,0.0,1.0,1.0,0.10934087634086609,0.2797618508338928,0.3400031328201294,0.3400031328201294,240.328857421875,444.0592956542969,0,0.0,0.0,0.0,0,0.0,0.0,0.0,0.0,0.0,0.0,0.0,0.0,0.0,6.538371811565171,6.87682934292914,2.8288629055023193,17.571420669555664,0.3258975324627556,0.903988141207447,1.0,1.0,canonical,unweighted-eps,1.0,2e-05,0.0003309750919646873,15097,0.00021682520865043788,0.001217263531920183,0.0003309750919646873,0.005477225575051662,14899,0.0025131376658348325,0.0141603190366098,0.005477225575051662,0.09064126192070304,14997,0.02847706828028661,0.16709917237251976,0.09064126192070304,1.5000000000000002,14911,0.07081645570860791,0.6182147366253393
207,cotrain,0.08868874174853165,0.019358043917096578,0.0407209487265756,0.0407209487265756,1.275132680923003,1.2375165486437643,0.4331555507249302,0.31602695017543614,0.6337128347820706,-1.1521066182698958,0.19881805419348753,0.19862079225544238,0.025353224617707677,0.025353224617707677,0.025550486902013805,0.0,0.07890490372466226,0.3168402806433857,0.04193934366011467,0.0,0.629944056017786,0.6336653714016494,0.0,1.0,1.0,0.1,1.0,0.0008,0.0,0.00023874694054794405,0.00038168097294149844,0.16057308201288056,0.16057308201288056,0.0,0.0,0.0,0.0,1.0,1.0,0.11287533491849899,0.2900356948375702,0.3254425525665283,0.3254425525665283,240.5600128173828,444.3950500488281,0,0.0,0.0,0.0,0,0.0,0.0,0.0,0.0,0.0,0.0,0.0,0.0,0.0,6.537248672583164,6.877216061388732,2.8288629055023193,17.571420669555664,0.32667078659081744,0.9035759719082457,1.0,1.0,canonical,unweighted-eps,1.0,2e-05,0.0003309750919646873,14863,0.00021734457264204374,0.001220006881076082,0.0003309750919646873,0.005477225575051662,15065,0.0024984355799549645,0.014077101228959608,0.005477225575051662,0.09064126192070304,15114,0.02840910061840912,0.16667005913873126,0.09064126192070304,1.5000000000000002,14862,0.07055006699709018,0.6155917219383498
208,cotrain,0.08942343457004963,0.019462577397656493,0.04105713770080071,0.04105713770080071,1.2804179088034864,1.2431507887493851,0.4336634106360949,0.31600912271911263,0.6339643649820589,-1.1522174452105138,0.20209148940112856,0.20189358510522762,0.025690630110155824,0.025690630110155824,0.025888534278696418,0.0,0.07916167358525543,0.3189046422067361,0.04217746349163035,0.0,0.6285587291941683,0.633488388140049,0.0,1.0,1.0,0.1,1.0,0.0008,0.0,0.0002367899301118447,0.0003785474031249786,0.16625597818284973,0.16625597818284973,0.0,0.0,0.0,0.0,1.0,1.0,0.1097031980752945,0.2943694591522217,0.30311328172683716,0.30311328172683716,240.7903594970703,444.7371826171875,0,0.0,0.0,0.0,0,0.0,0.0,0.0,0.0,0.0,0.0,0.0,0.0,0.0,6.545551050422538,6.88353583668632,2.8288629055023193,17.571420669555664,0.3254809713285572,0.9042099323386604,1.0,1.0,canonical,unweighted-eps,1.0,2e-05,0.0003309750919646873,14931,0.00021674128619920431,0.0012163973416089932,0.0003309750919646873,0.005477225575051662,14821,0.002464631441788316,0.013886248752314924,0.005477225575051662,0.09064126192070304,15047,0.028448477394360436,0.16692575781244118,0.09064126192070304,1.5000000000000002,15105,0.07091312797524921,0.6195651331235146
209,cotrain,0.08899013104283401,0.01944757012737931,0.0407785200394499,0.0407785200394499,1.2760340675914228,1.2391853658562033,0.43399391845505464,0.31548542701281035,0.6339048102625415,-1.15380587715369,0.2000323525733418,0.19983639676346737,0.025429637434008796,0.025429637434008796,0.02562559314040292,0.0,0.07838227908708091,0.3152441279564658,0.04202107281989267,0.0,0.6288222432391256,0.6351421942653803,0.0,1.0,1.0,0.1,1.0,0.0008,0.0,0.00023483376537743617,0.00037541518744803993,0.1604229237438522,0.1604229237438522,0.0,0.0,0.0,0.0,1.0,1.0,0.11464177072048187,0.29573798179626465,0.31986474990844727,0.31986474990844727,241.0155029296875,445.09295654296875,0,0.0,0.0,0.0,0,0.0,0.0,0.0,0.0,0.0,0.0,0.0,0.0,0.0,6.552606087464553,6.899383955286701,2.8288629055023193,17.571420669555664,0.3296134262409693,0.9020019846713621,1.0,1.0,canonical,unweighted-eps,1.0,2e-05,0.0003309750919646873,14946,0.00021433332184982415,0.001203523500387917,0.0003309750919646873,0.005477225575051662,14992,0.0024956745038896386,0.014061534486059001,0.005477225575051662,0.09064126192070304,14973,0.028567274753868895,0.16762899911404452,0.09064126192070304,1.5000000000000002,14993,0.0703648783578124,0.6157735035082819
210,cotrain,0.08907763468913543,0.019382307341752145,0.04118260890086237,0.04118260890086237,1.2824022815571046,1.2460787729320364,0.43589341793304837,0.3175061724634252,0.635551615148528,-1.1474464010988545,0.200709529619059,0.20051434110754576,0.02555260405294661,0.02555260405294661,0.02574779258833991,0.0,0.07807540696146142,0.3169500770795549,0.041967746730034165,0.0,0.6286581079674582,0.6388018468442636,0.0,1.0,1.0,0.1,1.0,0.0008,0.0,0.0002328785670101738,0.00037228451912049953,0.16375315520498487,0.16375315520498487,0.0,0.0,0.0,0.0,1.0,1.0,0.10985752940177917,0.2774028778076172,0.32870611548423767,0.32870611548423767,241.25054931640625,445.41693115234375,0,0.0,0.0,0.0,0,0.0,0.0,0.0,0.0,0.0,0.0,0.0,0.0,0.0,6.543931811283796,6.8832533444906785,2.8288629055023193,17.571420669555664,0.32618158137468944,0.9038368038400457,1.0,1.0,canonical,unweighted-eps,1.0,2e-05,0.0003309750919646873,14839,0.00021272055704687129,0.0011938670182549027,0.0003309750919646873,0.005477225575051662,15020,0.0024874349882436815,0.014015041472273724,0.005477225575051662,0.09064126192070304,14974,0.028520562997627945,0.16735764681552556,0.09064126192070304,1.5000000000000002,15071,0.07054067052721337,0.6155779949742808
211,cotrain,0.08890985533531405,0.019445448747684814,0.04078944341844728,0.04078944341844728,1.276214208869765,1.2379014196558895,0.4341696484858154,0.3160602565631907,0.6342861000289265,-1.152016188344385,0.19988329377439287,0.19968837897619632,0.025452347715090737,0.025452347715090737,0.025647262155086312,0.0,0.07796576818148805,0.31390760275415885,0.04193939388785352,0.0,0.6274926295647254,0.6363028528438506,0.0,1.0,1.0,0.1,1.0,0.0008,0.0,0.0002309244556159026,0.0003691555912567266,0.16069738463395172,0.16069738463395172,0.0,0.0,0.0,0.0,1.0,1.0,0.10908033698797226,0.27514952421188354,0.34446093440055847,0.34446093440055847,241.47422790527344,445.7485046386719,0,0.0,0.0,0.0,0,0.0,0.0,0.0,0.0,0.0,0.0,0.0,0.0,0.0,6.539866625753223,6.879150002387135,2.8288629055023193,17.571420669555664,0.32626669596966973,0.9037914401503426,1.0,1.0,canonical,unweighted-eps,1.0,2e-05,0.0003309750919646873,14810,0.00021478432093248285,0.0012057729626349868,0.0003309750919646873,0.005477225575051662,15004,0.0024995282016768037,0.01408357383850669,0.005477225575051662,0.09064126192070304,15092,0.028427751177490912,0.16680195862059563,0.09064126192070304,1.5000000000000002,14998,0.07034150811573206,0.6144545985342805
212,cotrain,0.0889558148626079,0.019413756314091958,0.04099793544309771,0.04099793544309771,1.2794962571011834,1.2419306009243696,0.4346162358410338,0.31649850633664006,0.6346748457250432,-1.150574386629284,0.20017954321880627,0.19998655509617594,0.025448785338582646,0.025448785338582646,0.025641773532853167,0.0,0.07719527547144228,0.3109958935369793,0.04191138178237483,0.0,0.6272352736475121,0.6400187619171765,0.0,1.0,1.0,0.1,1.0,0.0008,0.0,0.00022897155173341803,0.0003660285968637303,0.15704160971710315,0.15704160971710315,0.0,0.0,0.0,0.0,1.0,1.0,0.10736781358718872,0.2880930006504059,0.29410016536712646,0.29410016536712646,241.68373107910156,446.05072021484375,0,0.0,0.0,0.0,0,0.0,0.0,0.0,0.0,0.0,0.0,0.0,0.0,0.0,6.5521147189996185,6.894279070780263,2.8288629055023193,17.571420669555664,0.3273699413247754,0.9032027835934537,1.0,1.0,canonical,unweighted-eps,1.0,2e-05,0.0003309750919646873,14862,0.0002141562869041394,0.0012023953091523125,0.0003309750919646873,0.005477225575051662,15048,0.00250997300423654,0.014142449183715334,0.005477225575051662,0.09064126192070304,14891,0.02841051282015539,0.16671892122203735,0.09064126192070304,1.5000000000000002,15103,0.07021586594893854,0.6135666816351248
213,cotrain,0.08811456264338942,0.019141331191660248,0.0408197663183141,0.0408197663183141,1.2766555643861484,1.2387740856561906,0.43149416919192696,0.3119795333243843,0.6318586426667678,-1.1649953534460475,0.19860349936235663,0.1984081114204521,0.02531251903726823,0.02531251903726823,0.02550790703887295,0.0,0.07815519431367135,0.3157467894956597,0.041496422476111315,0.0,0.6265651969573437,0.637996063921919,0.0,1.0,1.0,0.1,1.0,0.0008,0.0,0.00022701997582703055,0.00036290372882925414,0.15234075765260774,0.15234075765260774,0.0,0.0,0.0,0.0,1.0,1.0,0.10678860545158386,0.2826306223869324,0.31968051195144653,0.31968051195144653,241.90025329589844,446.3642883300781,0,0.0,0.0,0.0,0,0.0,0.0,0.0,0.0,0.0,0.0,0.0,0.0,0.0,6.524134020520072,6.856066268944892,2.8288629055023193,17.571420669555664,0.32302278506937493,0.9055151780962,1.0,1.0,canonical,unweighted-eps,1.0,2e-05,0.0003309750919646873,15178,0.00021565504671127342,0.001210663151150597,0.0003309750919646873,0.005477225575051662,15067,0.0025745532153680028,0.01450629982230215,0.005477225575051662,0.09064126192070304,14879,0.028559453281169538,0.16753619479447238,0.09064126192070304,1.5000000000000002,14780,0.07099600996474291,0.6194672918771374
214,cotrain,0.08846287067947733,0.019321048238243047,0.040417301643671646,0.040417301643671646,1.2702859723596966,1.2321267968569047,0.43017787505418825,0.3092738324378291,0.6305564482752074,-1.1737089722584455,0.19804779335092276,0.19785301205821526,0.025189869623217318,0.025189869623217318,0.025384650872144688,0.0,0.07791249651429999,0.31207874245368517,0.04188092132536774,0.0,0.6253298307076479,0.645226741860358,0.0,1.0,1.0,0.1,1.0,0.0008,0.0,0.00022506984827913487,0.0003597811799098781,0.15400032500107574,0.15400032500107574,0.0,0.0,0.0,0.0,1.0,1.0,0.1080312505364418,0.28243058919906616,0.31061944365501404,0.31061944365501404,242.11402893066406,446.6697998046875,0,0.0,0.0,0.0,0,0.0,0.0,0.0,0.0,0.0,0.0,0.0,0.0,0.0,6.54246994572827,6.885659115494216,2.8288629055023193,17.571420669555664,0.32812007648464125,0.9028018399734213,1.0,1.0,canonical,unweighted-eps,1.0,2e-05,0.0003309750919646873,14908,0.00021916908458268072,0.0012303144264459481,0.0003309750919646873,0.005477225575051662,15307,0.0025597898784944324,0.014423182056871785,0.005477225575051662,0.09064126192070304,14899,0.0287317297640115,0.16856442498587884,0.09064126192070304,1.5000000000000002,14790,0.07021297047958736,0.61539068795927
215,cotrain,0.08851539789356737,0.019293998111373722,0.04066007529409268,0.04066007529409268,1.274140514113798,1.2360043477298868,0.4333169183287865,0.31143148504516,0.6326940775427043,-1.1666785993127742,0.20012208873517492,0.19992688209073156,0.02552472326395094,0.02552472326395094,0.025719930059634723,0.0,0.0780826959774917,0.3144174660755019,0.041659465019837916,0.0,0.6252525816870551,0.6402483603789701,0.0,1.0,1.0,0.1,1.0,0.0008,0.0,0.00022312128938278405,0.000356661142719128,0.1485899928957224,0.1485899928957224,0.0,0.0,0.0,0.0,1.0,1.0,0.10947801172733307,0.2779731750488281,0.30128639936447144,0.30128639936447144,242.31613159179688,446.97698974609375,0,0.0,0.0,0.0,0,0.0,0.0,0.0,0.0,0.0,0.0,0.0,0.0,0.0,6.532913508578243,6.86484719055011,2.8288629055023193,17.571420669555664,0.3228009925822362,0.905632643145162,1.0,1.0,canonical,unweighted-eps,1.0,2e-05,0.0003309750919646873,14957,0.00022092020250742307,0.001239989516513029,0.0003309750919646873,0.005477225575051662,14938,0.002518546193077999,0.014190643638759465,0.005477225575051662,0.09064126192070304,15054,0.02849871597236825,0.16716480698578542,0.09064126192070304,1.5000000000000002,14955,0.07081825542673145,0.6171444078864401
216,cotrain,0.08878788660861488,0.01928231104587515,0.041287121100303456,0.041287121100303456,1.2840213986147546,1.244957962606707,0.4361972449044896,0.31534965769347983,0.6351462239638354,-1.1542146509019737,0.20049830350993025,0.2003056126782018,0.025528118786457766,0.025528118786457766,0.025720809574406117,0.0,0.07707632116527639,0.3163556098364867,0.04171969360297816,0.0,0.6252552784151502,0.643146714002081,0.0,1.0,1.0,0.1,1.0,0.0008,0.0,0.00022117441933426936,0.0003535438097155945,0.14956185142071837,0.14956185142071837,0.0,0.0,0.0,0.0,1.0,1.0,0.11151481419801712,0.2983529567718506,0.30324193835258484,0.30324193835258484,242.5282440185547,447.2768859863281,0,0.0,0.0,0.0,0,0.0,0.0,0.0,0.0,0.0,0.0,0.0,0.0,0.0,6.539420957239265,6.876475801621578,2.8288629055023193,17.571420669555664,0.3251777679799582,0.9043712579373444,1.0,1.0,canonical,unweighted-eps,1.0,2e-05,0.0003309750919646873,14804,0.00021390121342273067,0.0012008237402852935,0.0003309750919646873,0.005477225575051662,14997,0.0024959688158287894,0.01406328571973868,0.005477225575051662,0.09064126192070304,15069,0.028281314961666117,0.16596465044643718,0.09064126192070304,1.5000000000000002,15034,0.070670923424541,0.6165692453230888
217,cotrain,0.08795762480769911,0.019126053417945266,0.040706214502963245,0.040706214502963245,1.2748874003016852,1.2364861649325771,0.4346058645691627,0.3134525222146613,0.6339300092723634,-1.1603123408097487,0.19758417551270407,0.19739103618149573,0.02525550937359659,0.02525550937359659,0.025448648390384056,0.0,0.0772556049319414,0.31127091334798396,0.04146694826583067,0.0,0.6235965142647425,0.6457525725798825,0.0,1.0,1.0,0.1,1.0,0.0008,0.0,0.00021922935822570595,0.0003504293731910611,0.1432416102029065,0.1432416102029065,0.0,0.0,0.0,0.0,1.0,1.0,0.10909350961446762,0.2805898189544678,0.28120097517967224,0.28120097517967224,242.7273712158203,447.5748596191406,0,0.0,0.0,0.0,0,0.0,0.0,0.0,0.0,0.0,0.0,0.0,0.0,0.0,6.529984424256871,6.862944214504373,2.8288629055023193,17.571420669555664,0.3233862324221674,0.9053225817677166,1.0,1.0,canonical,unweighted-eps,1.0,2e-05,0.0003309750919646873,14949,0.00020999024099196186,0.0011786735409850682,0.0003309750919646873,0.005477225575051662,15079,0.002505654870714715,0.014118229523049131,0.005477225575051662,0.09064126192070304,14933,0.02863090826255961,0.16798414695784195,0.09064126192070304,1.5000000000000002,14943,0.0698948517737918,0.6080102104902315
218,cotrain,0.0883889665078913,0.019269239742499895,0.04072739340715174,0.04072739340715174,1.2752187101259547,1.238790653200231,0.4342106061740818,0.31357912248016423,0.6336673979575818,-1.1598928947734017,0.19951977510737556,0.19932642481966406,0.02543320371888769,0.02543320371888769,0.02562655429316,0.0,0.07734024151363689,0.31292556668830734,0.04156678242401944,0.0,0.6231523456736507,0.6471056111145,0.0,1.0,1.0,0.1,1.0,0.0008,0.0,0.00021728622603762505,0.000347318025258643,0.15064525895584852,0.15064525895584852,0.0,0.0,0.0,0.0,1.0,1.0,0.10899056494235992,0.28502804040908813,0.283372163772583,0.283372163772583,242.91668701171875,447.87078857421875,0,0.0,0.0,0.0,0,0.0,0.0,0.0,0.0,0.0,0.0,0.0,0.0,0.0,6.541003057080457,6.880903286186228,2.8288629055023193,17.571420669555664,0.3265415715565739,0.9036448894709301,1.0,1.0,canonical,unweighted-eps,1.0,2e-05,0.0003309750919646873,15001,0.00021780034164984333,0.001222440438629047,0.0003309750919646873,0.005477225575051662,14949,0.0025399320609546107,0.01431148655797831,0.005477225575051662,0.09064126192070304,14961,0.028661532370485285,0.16823081539623974,0.09064126192070304,1.5000000000000002,14993,0.07026671028308949,0.6130373276775581
219,cotrain,0.08855380823151168,0.01930616967157166,0.04031667890998288,0.04031667890998288,1.2686961260385936,1.22943813016272,0.4314975326514652,0.309368463853995,0.6312308669344991,-1.173327778903847,0.20088756033497998,0.2006939137274893,0.025610596522625186,0.025610596522625186,0.025804243114195827,0.0,0.07745864943593231,0.31022596021747995,0.04170417934496943,0.0,0.6232450784016879,0.6461297425672284,0.0,1.0,1.0,0.1,1.0,0.0008,0.0,0.000215345142631573,0.0003442099578409364,0.14497348144013658,0.14497348144013658,0.0,0.0,0.0,0.0,1.0,1.0,0.12366996705532074,0.30627673864364624,0.31006988883018494,0.31006988883018494,243.1049346923828,448.15570068359375,0,0.0,0.0,0.0,0,0.0,0.0,0.0,0.0,0.0,0.0,0.0,0.0,0.0,6.5405220842769,6.878570254422681,2.8288629055023193,17.571420669555664,0.32564052705582336,0.9041250001757372,1.0,1.0,canonical,unweighted-eps,1.0,2e-05,0.0003309750919646873,14906,0.00021663585213018867,0.0012160404243537857,0.0003309750919646873,0.005477225575051662,14882,0.0025061058680799888,0.014120272343845365,0.005477225575051662,0.09064126192070304,15058,0.02863328987335459,0.16805134010846942,0.09064126192070304,1.5000000000000002,15058,0.07055997136801676,0.6151937136280852
220,cotrain,0.08831154586922409,0.019311160267068025,0.04052809852724656,0.04052809852724656,1.2720484997102108,1.2366949882772234,0.43379023250861043,0.3095456470663731,0.6325872517549075,-1.1729340076955974,0.19870641628582764,0.1985150951669257,0.025312755344451494,0.025312755344451494,0.025504076483253486,0.0,0.07652845974756867,0.30893973315246087,0.041600289770489574,0.0,0.6258136900062234,0.6444264097720321,0.0,1.0,1.0,0.1,1.0,0.0008,0.0,0.00021340622774271756,0.0003411053626581798,0.1485000313538262,0.1485000313538262,0.0,0.0,0.0,0.0,1.0,1.0,0.10595738887786865,0.27591055631637573,0.2816397547721863,0.2816397547721863,243.2970733642578,448.438720703125,0,0.0,0.0,0.0,0,0.0,0.0,0.0,0.0,0.0,0.0,0.0,0.0,0.0,6.5370878806481,6.874447725250468,2.8288629055023193,17.571420669555664,0.3253880685699961,0.9042593730278251,1.0,1.0,canonical,unweighted-eps,1.0,2e-05,0.0003309750919646873,15012,0.00020968128549609538,0.0011772675227047268,0.0003309750919646873,0.005477225575051662,15043,0.0025101320586892063,0.01414304860651925,0.005477225575051662,0.09064126192070304,14945,0.028902830288696543,0.16957519194002174,0.09064126192070304,1.5000000000000002,14904,0.07001307368342491,0.612393987543533
221,cotrain,0.08823896584729864,0.01917299513832435,0.040925494259876065,0.040925494259876065,1.2783344138973978,1.2404188078183394,0.4361909757185186,0.31327738854874915,0.6345115021253244,-1.1608285427602947,0.19993134626211265,0.19974028430560714,0.025538682444100708,0.025538682444100708,0.025729744277225856,0.0,0.0764247463681759,0.31130669619410467,0.041389617631132275,0.0,0.6236784697597862,0.6456043158506608,0.0,1.0,1.0,0.1,1.0,0.0008,0.0,0.00021146960097246224,0.0003380044312164283,0.14752603341371584,0.14752603341371584,0.0,0.0,0.0,0.0,1.0,1.0,0.11687202751636505,0.27707913517951965,0.29077157378196716,0.29077157378196716,243.48233032226562,448.6912536621094,0,0.0,0.0,0.0,0,0.0,0.0,0.0,0.0,0.0,0.0,0.0,0.0,0.0,6.527640372260004,6.859658975209434,2.8288629055023193,17.571420669555664,0.3229769108881829,0.9055394779556738,1.0,1.0,canonical,unweighted-eps,1.0,2e-05,0.0003309750919646873,15089,0.00021207745592682946,0.0011904292481127612,0.0003309750919646873,0.005477225575051662,15024,0.0025102365298317678,0.014143924557140714,0.005477225575051662,0.09064126192070304,14778,0.028562598423506735,0.1676242308133283,0.09064126192070304,1.5000000000000002,15013,0.07106223404467055,0.6166409387869909
222,cotrain,0.08805558766819473,0.019220290822971962,0.040899633501584716,0.040899633501584716,1.2779188159579704,1.2382979561121037,0.4363460653485396,0.3118388064396687,0.6342994276529703,-1.165412223746634,0.19772465533425665,0.1975341028191595,0.02522714928779592,0.02522714928779592,0.025417701345191807,0.0,0.07622083316310349,0.3085421696623676,0.041386208051226586,0.0,0.6239244167366599,0.645864872342477,0.0,1.0,1.0,0.1,1.0,0.0008,0.0,0.00020953538178106852,0.0003349073547957398,0.15454372922834167,0.15454372922834167,0.0,0.0,0.0,0.0,1.0,1.0,0.11610724031925201,0.2783549726009369,0.3069811463356018,0.3069811463356018,243.66439819335938,448.9827880859375,0,0.0,0.0,0.0,0,0.0,0.0,0.0,0.0,0.0,0.0,0.0,0.0,0.0,6.533227792152991,6.87223321154052,2.8288629055023193,17.571420669555664,0.32629949107094336,0.903773959338799,1.0,1.0,canonical,unweighted-eps,1.0,2e-05,0.0003309750919646873,15143,0.0002127709364281003,0.0011943132589334212,0.0003309750919646873,0.005477225575051662,14818,0.0024903555249702045,0.01403163045741299,0.005477225575051662,0.09064126192070304,15098,0.02843521972028826,0.16685423635934296,0.09064126192070304,1.5000000000000002,14845,0.0701763642681452,0.6121866949562594
223,cotrain,0.08746038364548968,0.019013119630642936,0.040532687877933696,0.040532687877933696,1.2721185124687313,1.232971449693044,0.4327887382644873,0.31002181921249783,0.6320521977976856,-1.171228543560729,0.1966235656132046,0.19643362172138998,0.025178365568574678,0.025178365568574678,0.02536830973501007,0.0,0.07597765871761446,0.3075289443517343,0.04118550966820146,0.0,0.6238663450010822,0.646966277830637,0.0,1.0,1.0,0.1,1.0,0.0008,0.0,0.00020760368948028715,0.00033181432443837644,0.15834433231980372,0.15834433231980372,0.0,0.0,0.0,0.0,1.0,1.0,0.10458479076623917,0.26753342151641846,0.39710643887519836,0.39710643887519836,243.84844970703125,449.2556457519531,0,0.0,0.0,0.0,0,0.0,0.0,0.0,0.0,0.0,0.0,0.0,0.0,0.0,6.5173501377431755,6.846890661045991,2.8288629055023193,17.571420669555664,0.32199972884847217,0.9060565870457211,1.0,1.0,canonical,unweighted-eps,1.0,2e-05,0.0003309750919646873,14876,0.00021119410834535875,0.0011853042996981093,0.0003309750919646873,0.005477225575051662,15058,0.0025080676383647743,0.014131499367543056,0.005477225575051662,0.09064126192070304,15240,0.02855505412566693,0.1675774920956669,0.09064126192070304,1.5000000000000002,14730,0.07007451354445686,0.6098339438195627
224,cotrain,0.08787001145637444,0.01915034343305434,0.040472542429263264,0.040472542429263264,1.2711492010009482,1.2328688135513892,0.4315522474865628,0.3081332057332381,0.6308436770724435,-1.1773858651136742,0.1979608798606528,0.19777191556098625,0.025277324160162963,0.025277324160162963,0.025466288762310378,0.0,0.07558586527235232,0.3056591491604972,0.04136042187038141,0.0,0.622415209045777,0.6501825674930508,0.0,1.0,1.0,0.1,1.0,0.0008,0.0,0.0002056746432259983,0.00032872553093702013,0.16179131286648604,0.16179131286648604,0.0,0.0,0.0,0.0,1.0,1.0,0.11553803831338882,0.28482264280319214,0.34788721799850464,0.34788721799850464,244.0269317626953,449.49017333984375,0,0.0,0.0,0.0,0,0.0,0.0,0.0,0.0,0.0,0.0,0.0,0.0,0.0,6.526733581836407,6.865587398770279,2.8288629055023193,17.571420669555664,0.3263910418007988,0.9037251542262511,1.0,1.0,canonical,unweighted-eps,1.0,2e-05,0.0003309750919646873,15210,0.0002173634311508811,0.0012200526422885278,0.0003309750919646873,0.005477225575051662,15089,0.002557773121080039,0.014411966010569674,0.005477225575051662,0.09064126192070304,14859,0.02901818162179168,0.170296659683971,0.09064126192070304,1.5000000000000002,14746,0.07060432187514601,0.615819314886559
225,cotrain,0.0880744412350349,0.019171769316825602,0.04134557689102287,0.04134557689102287,1.2849110140997044,1.2457135561694446,0.43497240116708297,0.312197614620384,0.6337862782753431,-1.164283443465192,0.19848298800424632,0.1982966273959376,0.02527175499444716,0.02527175499444716,0.02545811554305574,0.0,0.07454420568851325,0.30625979806113446,0.04120692391840056,0.0,0.6214737432380008,0.6499248867949996,0.0,1.0,1.0,0.1,1.0,0.0008,0.0,0.00020374836201086157,0.0003256411648230036,0.1608127457782244,0.1608127457782244,0.0,0.0,0.0,0.0,1.0,1.0,0.11065393686294556,0.2952938675880432,0.2944827973842621,0.2944827973842621,244.1971435546875,449.7196350097656,0,0.0,0.0,0.0,0,0.0,0.0,0.0,0.0,0.0,0.0,0.0,0.0,0.0,6.536598458249345,6.879269433910927,2.8288629055023193,17.571420669555664,0.32801691511970593,0.9028570125179473,1.0,1.0,canonical,unweighted-eps,1.0,2e-05,0.0003309750919646873,15100,0.00021009647967417213,0.0011795346554837479,0.0003309750919646873,0.005477225575051662,15025,0.002477042269637303,0.013956577707447744,0.005477225575051662,0.09064126192070304,14956,0.028694506087989277,0.16840718571404525,0.09064126192070304,1.5000000000000002,14823,0.07045363032817037,0.6161070449032346
226,cotrain,0.08845292405886018,0.019187550947993483,0.04134883772995737,0.04134883772995737,1.2849805860159123,1.245769328541226,0.43631114384048003,0.3141530693596245,0.6350200131662891,-1.1580314519058945,0.20066599442790717,0.20048018844209164,0.025484139625078592,0.025484139625078592,0.025669945770094536,0.0,0.07432245255376284,0.30523699617538697,0.041367477753287196,0.0,0.6201580508142455,0.6527056337660576,0.0,1.0,1.0,0.1,1.0,0.0008,0.0,0.00020182496465697588,0.00032256141635455735,0.16487869472266772,0.16487869472266772,0.0,0.0,0.0,0.0,1.0,1.0,0.10874791443347931,0.28324398398399353,0.30719491839408875,0.30719491839408875,244.38253784179688,449.96307373046875,0,0.0,0.0,0.0,0,0.0,0.0,0.0,0.0,0.0,0.0,0.0,0.0,0.0,6.554964056381812,6.898126931581737,2.8288629055023193,17.571420669555664,0.32778635739296885,0.9029802805613794,1.0,1.0,canonical,unweighted-eps,1.0,2e-05,0.0003309750919646873,14839,0.0002076106716608397,0.0011657501664207232,0.0003309750919646873,0.005477225575051662,14949,0.002490231648802207,0.014031357579274643,0.005477225575051662,0.09064126192070304,14974,0.028154276141229357,0.1651543460988355,0.09064126192070304,1.5000000000000002,15142,0.07031518687755992,0.6148124894351378
227,cotrain,0.0882786673008122,0.01918059968564691,0.0410587427039177,0.0410587427039177,1.2804464330656198,1.2416431600721474,0.4359225200282203,0.31543990625784946,0.6351139168454032,-1.153913640568399,0.2002669497528392,0.20008038436500436,0.02555601888248681,0.02555601888248681,0.025742584144951314,0.0,0.07462610389527857,0.3047441829027783,0.041300305634991735,0.0,0.6176332341045396,0.6593951176730785,0.0,1.0,1.0,0.1,1.0,0.0008,0.0,0.00019990456980855002,0.00031948647550507386,0.16850959127530074,0.16850959127530074,0.0,0.0,0.0,0.0,1.0,1.0,0.1120949238538742,0.2864823341369629,0.3363707959651947,0.3363707959651947,244.5543975830078,450.1959228515625,0,0.0,0.0,0.0,0,0.0,0.0,0.0,0.0,0.0,0.0,0.0,0.0,0.0,6.533085923928481,6.864171327133778,2.8288629055023193,17.571420669555664,0.3223736936621047,0.9058588062164773,1.0,1.0,canonical,unweighted-eps,1.0,2e-05,0.0003309750919646873,14837,0.00021384417498945615,0.001200509983929468,0.0003309750919646873,0.005477225575051662,14921,0.00246670719995874,0.013898721416812585,0.005477225575051662,0.09064126192070304,14968,0.02829084203507351,0.16604098762056524,0.09064126192070304,1.5000000000000002,15178,0.07033020765323666,0.6110896760098845
228,cotrain,0.0882167340311994,0.019200847054330204,0.0411255684418556,0.0411255684418556,1.2814738008776358,1.2431981089787605,0.43453209274090254,0.3127508918699036,0.6338213990386735,-1.1625327304897146,0.1988391336849612,0.1986536099933661,0.02528751772454279,0.02528751772454279,0.025473041702698693,0.0,0.07420960198451057,0.3047986517413559,0.04135840321676089,0.0,0.6178201293079262,0.6558633420027347,0.0,1.0,1.0,0.1,1.0,0.0008,0.0,0.00019798729592458415,0.000316416531951389,0.17497956498056397,0.17497956498056397,0.0,0.0,0.0,0.0,1.0,1.0,0.11034741997718811,0.28342416882514954,0.34253740310668945,0.34253740310668945,244.72616577148438,450.4128112792969,0,0.0,0.0,0.0,0,0.0,0.0,0.0,0.0,0.0,0.0,0.0,0.0,0.0,6.547087296461448,6.888265173755517,2.8288629055023193,17.571420669555664,0.32701436597236366,0.9033926404739533,1.0,1.0,canonical,unweighted-eps,1.0,2e-05,0.0003309750919646873,14993,0.0002119932122279339,0.0011897893838809536,0.0003309750919646873,0.005477225575051662,14900,0.002508892981748053,0.014136630808747054,0.005477225575051662,0.09064126192070304,14910,0.028196496552944504,0.16547530192324653,0.09064126192070304,1.5000000000000002,15101,0.0697869532440334,0.6095248510897392
229,cotrain,0.08817084337401594,0.019195826600791298,0.04113402755724059,0.04113402755724059,1.2815848889599823,1.2441467079851363,0.43254990563688117,0.3105159177739396,0.6321967632597328,-1.1696261564890544,0.19948204428466976,0.19929510090722996,0.0254083411831759,0.0254083411831759,0.02559528409097439,0.0,0.07477716580192503,0.30705795844650674,0.041229155376298815,0.0,0.6188386557703345,0.6567279469783012,0.0,1.0,1.0,0.1,1.0,0.0008,0.0,0.00019607326127156258,0.0003133517750620819,0.16583988914250308,0.16583988914250308,0.0,0.0,0.0,0.0,1.0,1.0,0.10896003991365433,0.2972322404384613,0.3255317807197571,0.3255317807197571,244.89279174804688,450.63470458984375,0,0.0,0.0,0.0,0,0.0,0.0,0.0,0.0,0.0,0.0,0.0,0.0,0.0,6.537734229340512,6.875530469061347,2.8288629055023193,17.571420669555664,0.3255872512021752,0.9041533619838316,1.0,1.0,canonical,unweighted-eps,1.0,2e-05,0.0003309750919646873,15026,0.0002072687604427774,0.0011635351123809655,0.0003309750919646873,0.005477225575051662,14846,0.0024856146074712046,0.014005023931398653,0.005477225575051662,0.09064126192070304,15067,0.02840270132781768,0.16672269231632075,0.09064126192070304,1.5000000000000002,14965,0.07043781541798212,0.6148453760577252
230,cotrain,0.0879910364587847,0.019082092542726643,0.041085349841632396,0.041085349841632396,1.2807974317270434,1.241278228087303,0.43153489088146096,0.30805256338710457,0.6308835765235444,-1.1776128085250528,0.19886118307327613,0.1986743674860296,0.025302256588847973,0.025302256588847973,0.02548907200495402,0.0,0.07472618685191514,0.30608105840973365,0.041234077177305,0.0,0.6179759741848351,0.6593011367636231,0.0,1.0,1.0,0.1,1.0,0.0008,0.0,0.0001941625839161586,0.00031029239388579376,0.19237005847514185,0.19237005847514185,0.0,0.0,0.0,0.0,1.0,1.0,0.11480669677257538,0.2834843397140503,0.39444291591644287,0.39444291591644287,245.06768798828125,450.8595886230469,0,0.0,0.0,0.0,0,0.0,0.0,0.0,0.0,0.0,0.0,0.0,0.0,0.0,6.5361576650896644,6.872789173587915,2.8288629055023193,17.571420669555664,0.32505151639697805,0.9044384053223475,1.0,1.0,canonical,unweighted-eps,1.0,2e-05,0.0003309750919646873,15090,0.00022143865926246758,0.0012429933332158605,0.0003309750919646873,0.005477225575051662,14972,0.0025565658944564137,0.01440513392473936,0.005477225575051662,0.09064126192070304,14928,0.02859847691201576,0.16784342008643852,0.09064126192070304,1.5000000000000002,14914,0.07021388688882937,0.6142813667656989
231,cotrain,0.08821649846230817,0.019200485271330062,0.04093639431600897,0.04093639431600897,1.2784922447436573,1.2397559746208353,0.43466231112296766,0.31144561478470123,0.6334047857512776,-1.1666562669297569,0.19967567599099925,0.19948919852956748,0.02540113042212195,0.02540113042212195,0.025587607915393818,0.0,0.07459098915768485,0.30428286403035504,0.041315908257204756,0.0,0.6155190520052217,0.6596011924776288,0.0,1.0,1.0,0.1,1.0,0.0008,0.0,0.00019225538171795145,0.00030723857713956627,0.18672240898013115,0.18672240898013115,0.0,0.0,0.0,0.0,1.0,1.0,0.10761409252882004,0.287104994058609,0.41524985432624817,0.41524985432624817,245.22503662109375,451.0747375488281,0,0.0,0.0,0.0,0,0.0,0.0,0.0,0.0,0.0,0.0,0.0,0.0,0.0,6.553755238524869,6.897856464396094,2.8288629055023193,17.571420669555664,0.3282766956222372,0.9027180569882399,1.0,1.0,canonical,unweighted-eps,1.0,2e-05,0.0003309750919646873,14990,0.00021378166949981606,0.0012000640685246975,0.0003309750919646873,0.005477225575051662,14811,0.0024904980226806896,0.014032229655389887,0.005477225575051662,0.09064126192070304,14975,0.028484698822581908,0.1671726323925394,0.09064126192070304,1.5000000000000002,15128,0.06973688528217506,0.6095300409795115
232,cotrain,0.08797974328900504,0.019118631499397576,0.040842550384820014,0.040842550384820014,1.2769795578627139,1.2379701078956962,0.4320652135289632,0.30699036486892617,0.6309732695420583,-1.1810428691216004,0.1988889765408304,0.19870236073421615,0.025275301200170547,0.025275301200170547,0.02546191681176424,0.0,0.07464625381538247,0.3065602665082512,0.041253309633232586,0.0,0.6166657763413894,0.6616533727814945,0.0,1.0,1.0,0.1,1.0,0.0008,0.0,0.0001903517723221567,0.00030419051319720156,0.1804816097371344,0.1804816097371344,0.0,0.0,0.0,0.0,1.0,1.0,0.10975630581378937,0.2881932556629181,0.3678189814090729,0.3678189814090729,245.3804473876953,451.27874755859375,0,0.0,0.0,0.0,0,0.0,0.0,0.0,0.0,0.0,0.0,0.0,0.0,0.0,6.542891286377214,6.885631956711327,2.8288629055023193,17.571420669555664,0.3278892996929724,0.9029252488534865,1.0,1.0,canonical,unweighted-eps,1.0,2e-05,0.0003309750919646873,14956,0.00021627380354611407,0.0012141015441895456,0.0003309750919646873,0.005477225575051662,15031,0.002500602599141936,0.014089436636666768,0.005477225575051662,0.09064126192070304,15000,0.028308432153860728,0.16601965392430623,0.09064126192070304,1.5000000000000002,14917,0.07029858624526784,0.615595294282129
233,cotrain,0.08801863960221283,0.019101883636978574,0.041091286625044465,0.041091286625044465,1.2808951638403445,1.2436206305128896,0.4322447050203625,0.3071580909383603,0.6314002686840856,-1.180468873335765,0.1990158618388013,0.19882980826446134,0.025355851588149864,0.025355851588149864,0.025541904820208877,0.0,0.07442130527307844,0.30509763940149903,0.041215161211852334,0.0,0.6174470680391687,0.661957943226951,0.0,1.0,1.0,0.1,1.0,0.0008,0.0,0.0001884518731523686,0.00030114839007764103,0.18252308827498528,0.18252308827498528,0.0,0.0,0.0,0.0,1.0,1.0,0.11377763003110886,0.3022591471672058,0.45162007212638855,0.45162007212638855,245.53717041015625,451.4864196777344,0,0.0,0.0,0.0,0,0.0,0.0,0.0,0.0,0.0,0.0,0.0,0.0,0.0,6.542536896518153,6.880058583566709,2.8288629055023193,17.571420669555664,0.3253291002124618,0.9042907500991176,1.0,1.0,canonical,unweighted-eps,1.0,2e-05,0.0003309750919646873,15128,0.00021351035896738935,0.0011986913953650209,0.0003309750919646873,0.005477225575051662,14875,0.0025141390792462006,0.014165712296461859,0.005477225575051662,0.09064126192070304,14824,0.028607400155315127,0.16786766645719217,0.09064126192070304,1.5000000000000002,15077,0.06992193598910763,0.6097620058069181
234,cotrain,0.08757651119660108,0.0190193522721529,0.04069683700799942,0.04069683700799942,1.2746702419986036,1.2354799188100374,0.42968823722539806,0.30443874154335415,0.6294332470139886,-1.1893711395752735,0.19832526287461957,0.19813910432350942,0.02527569365313547,0.02527569365313547,0.025461852291805878,0.0,0.0744634593048921,0.30569246258491123,0.04099844287062048,0.0,0.6146919128731785,0.6667611195952592,0.0,1.0,1.0,0.1,1.0,0.0008,0.0,0.0001865558014033172,0.00029811239543336835,0.18485104851424694,0.18485104851424694,0.0,0.0,0.0,0.0,1.0,1.0,0.1120712086558342,0.2766125798225403,0.35162118077278137,0.35162118077278137,245.6929473876953,451.6835021972656,0,0.0,0.0,0.0,0,0.0,0.0,0.0,0.0,0.0,0.0,0.0,0.0,0.0,6.536113906110454,6.872063640602461,2.8288629055023193,17.571420669555664,0.3247150478410523,0.9046172787042714,1.0,1.0,canonical,unweighted-eps,1.0,2e-05,0.0003309750919646873,15036,0.00021383591357620552,0.0012005995193471075,0.0003309750919646873,0.005477225575051662,14922,0.0025244346151877114,0.01422393672301069,0.005477225575051662,0.09064126192070304,15118,0.028736327731084185,0.1686414604638679,0.09064126192070304,1.5000000000000002,14828,0.07005627848467223,0.6129957841096749
235,cotrain,0.08764231197026551,0.019054683997956477,0.04089618609565446,0.04089618609565446,1.2778070086819984,1.2380196676295028,0.4300272181375414,0.30523117650777865,0.6295719462582189,-1.1867589624519022,0.1984353670770796,0.19824887624281085,0.025287953288986895,0.025287953288986895,0.025474444035695404,0.0,0.07459629235518539,0.30732558575323504,0.04095717408877407,0.0,0.6154695350644935,0.6646541692425982,0.0,1.0,1.0,0.1,1.0,0.0008,0.0,0.00018466367403363935,0.0002950827165388341,0.18331714291284737,0.18331714291284737,0.0,0.0,0.0,0.0,1.0,1.0,0.10951965302228928,0.2801651954650879,0.40809041261672974,0.40809041261672974,245.83779907226562,451.9021301269531,0,0.0,0.0,0.0,0,0.0,0.0,0.0,0.0,0.0,0.0,0.0,0.0,0.0,6.538935128440205,6.8792737646213995,2.8288629055023193,17.571420669555664,0.3268104030648455,0.9035014878549023,1.0,1.0,canonical,unweighted-eps,1.0,2e-05,0.0003309750919646873,15010,0.00021357934284138726,0.001198852548175935,0.0003309750919646873,0.005477225575051662,14947,0.0025178878009518694,0.014186666033862465,0.005477225575051662,0.09064126192070304,15064,0.02878800234339431,0.16890252085993154,0.09064126192070304,1.5000000000000002,14883,0.06990165919664205,0.6115373438951959
236,cotrain,0.08777218450529453,0.01896761019085335,0.04137638431742915,0.04137638431742915,1.2853570285322042,1.2447289394007788,0.4327787982347684,0.3068667820248848,0.6316597595428809,-1.181419659119386,0.19933241159997434,0.19914873087635407,0.025426883162914686,0.025426883162914686,0.025610563802954733,0.0,0.0734722568995805,0.30533518116825664,0.04093794103584483,0.0,0.6148058835767273,0.6644662888318278,0.0,1.0,1.0,0.1,1.0,0.0008,0.0,0.00018277560775866388,0.0002920595402789034,0.1904666325252535,0.1904666325252535,0.0,0.0,0.0,0.0,1.0,1.0,0.10477953404188156,0.2787335216999054,0.39811721444129944,0.39811721444129944,245.9861602783203,452.1087646484375,0,0.0,0.0,0.0,0,0.0,0.0,0.0,0.0,0.0,0.0,0.0,0.0,0.0,6.529011995364458,6.860811760274248,2.8288629055023193,17.571420669555664,0.3228330586324462,0.9056156635281905,1.0,1.0,canonical,unweighted-eps,1.0,2e-05,0.0003309750919646873,15040,0.00021439205494119807,0.0012033133298168554,0.0003309750919646873,0.005477225575051662,14899,0.0025068677664783242,0.014125085827552022,0.005477225575051662,0.09064126192070304,14849,0.028146596215888622,0.16511733956317387,0.09064126192070304,1.5000000000000002,15116,0.07043192140732407,0.6118967165294605
237,cotrain,0.08743900433182716,0.01891065591898484,0.041112768622990854,0.041112768622990854,1.2812189932811457,1.2444627442930498,0.43094174455628437,0.3063872068101524,0.6303998895435252,-1.183091805021987,0.19830137486450183,0.19811758319409484,0.025300026779723726,0.025300026779723726,0.02548381840237058,0.0,0.07351665698692329,0.3028488176373335,0.040824438166669294,0.0,0.6148869884319794,0.6654424111748862,0.0,1.0,1.0,0.1,1.0,0.0008,0.0,0.00018089171904321223,0.00028904305313732847,0.1846902034858353,0.1846902034858353,0.0,0.0,0.0,0.0,1.0,1.0,0.10987754166126251,0.27835261821746826,0.3933814465999603,0.3933814465999603,246.1328887939453,452.3046875,0,0.0,0.0,0.0,0,0.0,0.0,0.0,0.0,0.0,0.0,0.0,0.0,0.0,6.528068388629164,6.859475580180668,2.8288629055023193,17.571420669555664,0.32266118452814574,0.9057066620439986,1.0,1.0,canonical,unweighted-eps,1.0,2e-05,0.0003309750919646873,14821,0.00020871762334649443,0.0011714532209533756,0.0003309750919646873,0.005477225575051662,15225,0.0025242695843644917,0.0142231184116921,0.005477225575051662,0.09064126192070304,14832,0.02827380515008104,0.1658471540307793,0.09064126192070304,1.5000000000000002,15026,0.0701910237664312,0.6105604669344215
238,cotrain,0.08770499009097743,0.018987701119234163,0.04096351529702417,0.04096351529702417,1.278852627328558,1.2411173044616342,0.4284905530193932,0.30461641770397496,0.6284415276132078,-1.1888320349220536,0.19924240763116086,0.1990586298589523,0.02534065671209405,0.02534065671209405,0.025524434303212114,0.0,0.07351103115381084,0.3018041255318711,0.04099371900352148,0.0,0.6144574093513,0.6637320929493842,0.0,1.0,1.0,0.1,1.0,0.0008,0.0,0.00017901212409441426,0.0002860334411852451,0.1958340553041452,0.1958340553041452,0.0,0.0,0.0,0.0,1.0,1.0,0.11111592501401901,0.2724355459213257,0.4137742221355438,0.4137742221355438,246.27223205566406,452.5124816894531,0,0.0,0.0,0.0,0,0.0,0.0,0.0,0.0,0.0,0.0,0.0,0.0,0.0,6.544463728228186,6.88708967111187,2.8288629055023193,17.571420669555664,0.3277926251283426,0.9029769302081675,1.0,1.0,canonical,unweighted-eps,1.0,2e-05,0.0003309750919646873,15150,0.00021361886611263644,0.0011992329797974907,0.0003309750919646873,0.005477225575051662,14946,0.0025295994592095003,0.014252955593227559,0.005477225575051662,0.09064126192070304,14814,0.02844536233860841,0.16691693220605924,0.09064126192070304,1.5000000000000002,14994,0.07039971886371889,0.6149464949172418
239,cotrain,0.0875370838225652,0.019046788109848514,0.04041437425005894,0.04041437425005894,1.2701868845961841,1.2328199593939333,0.427430209186342,0.30285713280368054,0.6275735607004573,-1.19469802833011,0.19817539105494308,0.19799220291340452,0.025236772910620157,0.025236772910620157,0.025419960809378032,0.0,0.07327515264957124,0.3006096702291925,0.04103136681911782,0.0,0.6138034371229318,0.6687120950801206,0.0,1.0,1.0,0.1,1.0,0.0008,0.0,0.0001771369388545401,0.0002830308900696951,0.19544436500813717,0.19544436500813717,0.0,0.0,0.0,0.0,1.0,1.0,0.1078575849533081,0.27853506803512573,0.3843073546886444,0.3843073546886444,246.40750122070312,452.7314758300781,0,0.0,0.0,0.0,0,0.0,0.0,0.0,0.0,0.0,0.0,0.0,0.0,0.0,6.5424279850772304,6.8843729713907855,2.8288629055023193,17.571420669555664,0.32751066338554913,0.9031276111439166,1.0,1.0,canonical,unweighted-eps,1.0,2e-05,0.0003309750919646873,14927,0.00021636134480286737,0.0012141733713023283,0.0003309750919646873,0.005477225575051662,15056,0.0025639648744232722,0.014446862377463884,0.005477225575051662,0.09064126192070304,14971,0.028540651637879905,0.16749121816162593,0.09064126192070304,1.5000000000000002,14950,0.06974373701822797,0.6098580567733102
240,cotrain,0.0876366985309073,0.019045725492680937,0.04074546439238848,0.04074546439238848,1.275432827882226,1.2369714353838537,0.42944198006238693,0.30589613738732463,0.6291566249142345,-1.1846544620318291,0.19883687595207977,0.19865388888069707,0.02530085734035979,0.02530085734035979,0.025483844423682518,0.0,0.07319482875207806,0.3025800721703941,0.040942908973138556,0.0,0.6116171020727891,0.6728685557619374,0.0,1.0,1.0,0.1,1.0,0.0008,0.0,0.0001752662789938483,0.00028003558500217456,0.1957229213295584,0.1957229213295584,0.0,0.0,0.0,0.0,1.0,1.0,0.10871361196041107,0.2843296229839325,0.3730919361114502,0.3730919361114502,246.55250549316406,452.9107971191406,0,0.0,0.0,0.0,0,0.0,0.0,0.0,0.0,0.0,0.0,0.0,0.0,0.0,6.542050392199785,6.882664020789838,2.8288629055023193,17.571420669555664,0.32686592831840333,0.9034718602316765,1.0,1.0,canonical,unweighted-eps,1.0,2e-05,0.0003309750919646873,14872,0.00021381627285708746,0.0012001520738650902,0.0003309750919646873,0.005477225575051662,15096,0.0025089806213256347,0.014136396619927081,0.005477225575051662,0.09064126192070304,14978,0.02845689849941701,0.1670150294261234,0.09064126192070304,1.5000000000000002,14958,0.07008555194786134,0.6128733634056135
241,cotrain,0.08758343729134808,0.019081976149294876,0.040782107096006215,0.040782107096006215,1.2760097379896853,1.2386523986983502,0.4281912651709002,0.30586743163756835,0.6285978196523129,-1.1846680839856465,0.19794113249478176,0.19775918867980313,0.025223525774338815,0.025223525774338815,0.025405469545537334,0.0,0.0727774953772115,0.3000235925945971,0.040946018348774336,0.0,0.6128849280186188,0.66743922036969,0.0,1.0,1.0,0.1,1.0,0.0008,0.0,0.0001734002599034506,0.0002770477107472091,0.1909779436313189,0.1909779436313189,0.0,0.0,0.0,0.0,1.0,1.0,0.11258633434772491,0.28090178966522217,0.4255160689353943,0.4255160689353943,246.6825714111328,453.10101318359375,0,0.0,0.0,0.0,0,0.0,0.0,0.0,0.0,0.0,0.0,0.0,0.0,0.0,6.542993215414194,6.880752501972885,2.8288629055023193,17.571420669555664,0.3254348343832538,0.9042344864371692,1.0,1.0,canonical,unweighted-eps,1.0,2e-05,0.0003309750919646873,15040,0.0002102910072859773,0.0011802435608610432,0.0003309750919646873,0.005477225575051662,15042,0.0025169706010957963,0.014181547824839711,0.005477225575051662,0.09064126192070304,14702,0.028378438129017684,0.1664544970725543,0.09064126192070304,1.5000000000000002,15120,0.06962614046045082,0.606367906060799
242,cotrain,0.08768519157400498,0.01901618446000557,0.041212313728900545,0.041212313728900545,1.282757691696258,1.2445683741671407,0.42782408317439574,0.3055716150591516,0.6282358998671557,-1.1858287845921314,0.19903963559076318,0.19885670103960568,0.02533153807505583,0.02533153807505583,0.025514472445122834,0.0,0.0731737518714916,0.30314431842575723,0.040846190670043483,0.0,0.6111442951055673,0.6728339871485184,0.0,1.0,1.0,0.1,1.0,0.0008,0.0,0.00017153899668819419,0.0002740674516109568,0.20505200834292123,0.20505200834292123,0.0,0.0,0.0,0.0,1.0,1.0,0.11130902171134949,0.2873999774456024,0.41708987951278687,0.41708987951278687,246.8185272216797,453.3008728027344,0,0.0,0.0,0.0,0,0.0,0.0,0.0,0.0,0.0,0.0,0.0,0.0,0.0,6.543837061295142,6.887272684103379,2.8288629055023193,17.571420669555664,0.3282057171657845,0.9027560297490803,1.0,1.0,canonical,unweighted-eps,1.0,2e-05,0.0003309750919646873,14977,0.000219121143288889,0.00123042187671453,0.0003309750919646873,0.005477225575051662,15019,0.002520781329862922,0.01420328515539062,0.005477225575051662,0.09064126192070304,14819,0.02830771178286667,0.1661067746639477,0.09064126192070304,1.5000000000000002,15089,0.07003957107816225,0.6109767623462483
243,cotrain,0.0874594283154887,0.01905025940977483,0.04042388922256282,0.04042388922256282,1.2703316771939315,1.233300178988367,0.42728163900538385,0.3029493059740107,0.6272904502275662,-1.1943039369379354,0.1987728481937168,0.19858883563269916,0.02537786501308537,0.02537786501308537,0.025561877303462252,0.0,0.07360490898673351,0.30164911021661556,0.04083911885117364,0.0,0.6086856902409823,0.6765856976604933,0.0,1.0,1.0,0.1,1.0,0.0008,0.0,0.00016968260415956165,0.00027109499142983974,0.21355384540481445,0.21355384540481445,0.0,0.0,0.0,0.0,1.0,1.0,0.11157787591218948,0.29932278394699097,0.47146010398864746,0.47146010398864746,246.9420166015625,453.4767761230469,0,0.0,0.0,0.0,0,0.0,0.0,0.0,0.0,0.0,0.0,0.0,0.0,0.0,6.537079236446282,6.874341374455204,2.8288629055023193,17.571420669555664,0.32533998091511557,0.9042849607397475,1.0,1.0,canonical,unweighted-eps,1.0,2e-05,0.0003309750919646873,14921,0.0002215947777428076,0.0012441027689060796,0.0003309750919646873,0.005477225575051662,14923,0.0025358057527154524,0.014287599407179876,0.005477225575051662,0.09064126192070304,15061,0.02860595528589176,0.167881158724636,0.09064126192070304,1.5000000000000002,14999,0.06988819833357848,0.6091092966963382
244,cotrain,0.08763588194408987,0.019039307159777634,0.04105488383648997,0.04105488383648997,1.280280868163617,1.2407976462800279,0.4277620153804111,0.303353247543176,0.6279061714298705,-1.1930131334015446,0.198020693869927,0.1978395135165789,0.025149911355513793,0.025149911355513793,0.02533109140240102,0.0,0.0724720313715247,0.299183165256539,0.040919083958634965,0.0,0.6099263099778411,0.6787266680726017,0.0,1.0,1.0,0.1,1.0,0.0008,0.0,0.00016783119682858846,0.0002681305135592033,0.1941569265869693,0.1941569265869693,0.0,0.0,0.0,0.0,1.0,1.0,0.10528969764709473,0.2719813287258148,0.3703732192516327,0.3703732192516327,247.0689697265625,453.67144775390625,0,0.0,0.0,0.0,0,0.0,0.0,0.0,0.0,0.0,0.0,0.0,0.0,0.0,6.549859291467911,6.895642495948108,2.8288629055023193,17.571420669555664,0.32919898269515674,0.9022241872579698,1.0,1.0,canonical,unweighted-eps,1.0,2e-05,0.0003309750919646873,14941,0.000206633799698596,0.0011600652294089203,0.0003309750919646873,0.005477225575051662,14995,0.0025407871417142264,0.014316290482833966,0.005477225575051662,0.09064126192070304,14965,0.028262657984578405,0.1657699613797398,0.09064126192070304,1.5000000000000002,15003,0.06948231634502211,0.6091198695863651
245,cotrain,0.08677109961326306,0.01883489949007829,0.04042331722334155,0.04042331722334155,1.2702951491307648,1.2303084667421813,0.42524356407742214,0.300483213021205,0.6253961536109957,-1.2024985635891938,0.19620473380399567,0.19602086576513755,0.025159870477345508,0.025159870477345508,0.02534373853212366,0.0,0.07354723134388526,0.3014745893768775,0.04059025709732221,0.0,0.6083481009954061,0.6748043399972793,0.0,1.0,1.0,0.1,1.0,0.0008,0.0,0.00016598488889879974,0.0002651742008620065,0.19831381087056082,0.19831381087056082,0.0,0.0,0.0,0.0,1.0,1.0,0.1090392917394638,0.28749895095825195,0.4165428876876831,0.4165428876876831,247.1918182373047,453.83551025390625,0,0.0,0.0,0.0,0,0.0,0.0,0.0,0.0,0.0,0.0,0.0,0.0,0.0,6.515559004922198,6.84334621348142,2.8288629055023193,17.571420669555664,0.32116614072386973,0.9064969351906301,1.0,1.0,canonical,unweighted-eps,1.0,2e-05,0.0003309750919646873,15085,0.00021757418166303976,0.0012216111579042496,0.0003309750919646873,0.005477225575051662,15019,0.0025252388409882777,0.014227786719326776,0.005477225575051662,0.09064126192070304,15011,0.028570649415169222,0.16755524964027946,0.09064126192070304,1.5000000000000002,14789,0.0701260525198961,0.6082322637000959
246,cotrain,0.08783156539385135,0.018974749019178443,0.04135112079958885,0.04135112079958885,1.2849431605863617,1.2451609350167787,0.4297194335068393,0.3062759399031981,0.6295972425713499,-1.1834353361374292,0.20027986101997206,0.20010033329455262,0.02543985243472788,0.02543985243472788,0.025619380056667022,0.0,0.07181104849705584,0.3010417259592786,0.04085477427221262,0.0,0.6073298649146006,0.6787735257530585,0.0,1.0,1.0,0.1,1.0,0.0008,0.0,0.00016414379425916544,0.00026222623569754195,0.1987569077561299,0.1987569077561299,0.0,0.0,0.0,0.0,1.0,1.0,0.11066420376300812,0.2770799994468689,0.45682600140571594,0.45682600140571594,247.3174285888672,454.0104675292969,0,0.0,0.0,0.0,0,0.0,0.0,0.0,0.0,0.0,0.0,0.0,0.0,0.0,6.552807431954604,6.895894733462635,2.8288629055023193,17.571420669555664,0.3278046459157623,0.9029705045107163,1.0,1.0,canonical,unweighted-eps,1.0,2e-05,0.0003309750919646873,15005,0.00020595811088952728,0.0011564512215418165,0.0003309750919646873,0.005477225575051662,14880,0.002522273498126656,0.014212051542696133,0.005477225575051662,0.09064126192070304,14857,0.028497198958042903,0.16730613222896967,0.09064126192070304,1.5000000000000002,15162,0.06990794083669874,0.6115496135641726
247,cotrain,0.0868198629309479,0.018814871242890756,0.04076962657750417,0.04076962657750417,1.2757986901357785,1.2361440892912383,0.4284080555423712,0.3029753350549274,0.628258372983362,-1.1943043862652576,0.19703153859919462,0.1968518528354983,0.02520918197786579,0.02520918197786579,0.02538886798434278,0.0,0.07187438099525678,0.29873638253054047,0.04044620553429565,0.0,0.6105594834965519,0.676669127908814,0.0,1.0,1.0,0.1,1.0,0.0008,0.0,0.0001623080264770753,0.0002592867999101872,0.2007529489441305,0.2007529489441305,0.0,0.0,0.0,0.0,1.0,1.0,0.10864832997322083,0.26636892557144165,0.37730228900909424,0.37730228900909424,247.44143676757812,454.1798095703125,0,0.0,0.0,0.0,0,0.0,0.0,0.0,0.0,0.0,0.0,0.0,0.0,0.0,6.519752828483908,6.846522584385387,2.8288629055023193,17.571420669555664,0.32054942205200704,0.9068222607476355,1.0,1.0,canonical,unweighted-eps,1.0,2e-05,0.0003309750919646873,15009,0.00021072461628326232,0.0011829027247203326,0.0003309750919646873,0.005477225575051662,15001,0.002475852281467079,0.013949763959832577,0.005477225575051662,0.09064126192070304,14929,0.02832310898152748,0.16621993122884007,0.09064126192070304,1.5000000000000002,14965,0.06996272072280645,0.6069964233306671
248,cotrain,0.08757996832967824,0.01898484890205929,0.04061666718469216,0.04061666718469216,1.2733818551308151,1.2347725530465443,0.4289419024418562,0.30293887809046316,0.6282693322142984,-1.194271261111284,0.1996967628534533,0.19951773180156693,0.025376669628720764,0.025376669628720764,0.025555700700507205,0.0,0.07161241371789549,0.2964023966819812,0.040866466119694404,0.0,0.6058240551979114,0.6815777940548255,0.0,1.0,1.0,0.1,1.0,0.0008,0.0,0.00016047769879133333,0.0002563560748181875,0.2031248777659021,0.2031248777659021,0.0,0.0,0.0,0.0,1.0,1.0,0.11275576055049896,0.26987364888191223,0.3942074775695801,0.3942074775695801,247.56173706054688,454.3445739746094,0,0.0,0.0,0.0,0,0.0,0.0,0.0,0.0,0.0,0.0,0.0,0.0,0.0,6.554199875929417,6.897721161832577,2.8288629055023193,17.571420669555664,0.3279814636682514,0.9028759701398346,1.0,1.0,canonical,unweighted-eps,1.0,2e-05,0.0003309750919646873,14867,0.00021508963131318558,0.0012074152519246746,0.0003309750919646873,0.005477225575051662,14996,0.0024815480875397373,0.013981834427615298,0.005477225575051662,0.09064126192070304,14855,0.028381533949353485,0.16659425678015638,0.09064126192070304,1.5000000000000002,15186,0.06967900010667487,0.6090827258886374
249,cotrain,0.08711543260540208,0.018883348550074376,0.04062432695466738,0.04062432695466738,1.273488108591588,1.2360825294103377,0.4275324189892182,0.3018278082848614,0.6271171209394423,-1.1979862950805924,0.1979185957620796,0.1977378683976638,0.025276957167328425,0.025276957167328425,0.025457684858105123,0.0,0.0722910784280453,0.29883245133564,0.04064889350094092,0.0,0.6083343989319272,0.6805458970996751,0.0,1.0,1.0,0.1,1.0,0.0008,0.0,0.00015865292410517282,0.0002534342412024716,0.19458358597933736,0.19458358597933736,0.0,0.0,0.0,0.0,1.0,1.0,0.10982479900121689,0.2858547568321228,0.40701425075531006,0.40701425075531006,247.67605590820312,454.5192565917969,0,0.0,0.0,0.0,0,0.0,0.0,0.0,0.0,0.0,0.0,0.0,0.0,0.0,6.53800349154024,6.876383543665308,2.8288629055023193,17.571420669555664,0.3258686973955634,0.9040034995965883,1.0,1.0,canonical,unweighted-eps,1.0,2e-05,0.0003309750919646873,14830,0.00020847151100519977,0.0011701851327095335,0.0003309750919646873,0.005477225575051662,15166,0.00252960116254785,0.014252917443394865,0.005477225575051662,0.09064126192070304,14883,0.028591146880737887,0.16776758120408072,0.09064126192070304,1.5000000000000002,15025,0.06969805273557463,0.6066483061880915
250,cotrain,0.08720594262465453,0.018876878377527762,0.040722213773072787,0.040722213773072787,1.275023145027664,1.2365310681171906,0.42714160534306467,0.3008765773131297,0.626669612323117,-1.2011891939701178,0.19850235839939526,0.1983221215952156,0.025266211977403644,0.025266211977403644,0.025446448813423388,0.0,0.07209472835032094,0.3000080606812595,0.040652359692523114,0.0,0.6057272415894729,0.6830626251561563,0.0,1.0,1.0,0.1,1.0,0.0008,0.0,0.00015683381497929184,0.00025052147929549985,0.20351062735749614,0.20351062735749614,0.0,0.0,0.0,0.0,1.0,1.0,0.10692322254180908,0.2957600951194763,0.4684567451477051,0.4684567451477051,247.79119873046875,454.6834716796875,0,0.0,0.0,0.0,0,0.0,0.0,0.0,0.0,0.0,0.0,0.0,0.0,0.0,6.54551326107775,6.882320671480692,2.8288629055023193,17.571420669555664,0.324900285374918,0.904518816910728,1.0,1.0,canonical,unweighted-eps,1.0,2e-05,0.0003309750919646873,14828,0.00021032032821003858,0.0011806484488436225,0.0003309750919646873,0.005477225575051662,15027,0.0025409331201015615,0.014316763144541526,0.005477225575051662,0.09064126192070304,14998,0.02848535160340219,0.1670886057347421,0.09064126192070304,1.5000000000000002,15051,0.06943210619453195,0.6073781716753087
251,cotrain,0.08679105325514434,0.018767337135684032,0.04073066683884105,0.04073066683884105,1.2751438669433142,1.2368878077747476,0.4260628213867163,0.29896455557427853,0.6257777003905712,-1.2075330548816257,0.19803348610289076,0.19785379723478586,0.025302326851962213,0.025302326851962213,0.025482015791707315,0.0,0.07187557915368906,0.3000649545564611,0.04033614027226328,0.0,0.6046712899055237,0.6861784081352859,0.0,1.0,1.0,0.1,1.0,0.0008,0.0,0.0001550204836249101,0.0002476179687701471,0.2054690208731808,0.2054690208731808,0.0,0.0,0.0,0.0,1.0,1.0,0.11153033375740051,0.2892972230911255,0.47619518637657166,0.47619518637657166,247.90602111816406,454.8448181152344,0,0.0,0.0,0.0,0,0.0,0.0,0.0,0.0,0.0,0.0,0.0,0.0,0.0,6.5330306434223795,6.86763111653207,2.8288629055023193,17.571420669555664,0.32412438282892003,0.9049310107134293,1.0,1.0,canonical,unweighted-eps,1.0,2e-05,0.0003309750919646873,15142,0.00021402541210161692,0.0012015483725046942,0.0003309750919646873,0.005477225575051662,14944,0.0025390930368108335,0.014306242646533813,0.005477225575051662,0.09064126192070304,14897,0.028821080284902233,0.16914218453310428,0.09064126192070304,1.5000000000000002,14921,0.07004744833511671,0.6099146455696126
252,cotrain,0.08721755572363861,0.018994245596596192,0.04052808681805419,0.04052808681805419,1.2719680721717832,1.2342551358235188,0.4282568958070543,0.3009810189151356,0.6274076291383841,-1.2008675336837769,0.19793815409334806,0.1977600871115668,0.025172716030516684,0.025172716030516684,0.025350782976477828,0.0,0.07122679024489008,0.29565656210622215,0.040659539377651155,0.0,0.6074543959564633,0.6841832001188085,0.0,1.0,1.0,0.1,1.0,0.0008,0.0,0.00015321304189684694,0.0002447238887286191,0.20548588320867628,0.20548588320867628,0.0,0.0,0.0,0.0,1.0,1.0,0.10799671709537506,0.27198469638824463,0.4754559397697449,0.4754559397697449,248.01942443847656,454.98541259765625,0,0.0,0.0,0.0,0,0.0,0.0,0.0,0.0,0.0,0.0,0.0,0.0,0.0,6.539879391336034,6.878632419504663,2.8288629055023193,17.571420669555664,0.32600482686437565,0.903930985760929,1.0,1.0,canonical,unweighted-eps,1.0,2e-05,0.0003309750919646873,15023,0.00021322842362276494,0.0011969147164381782,0.0003309750919646873,0.005477225575051662,14872,0.0025114374748276343,0.014150483465606708,0.005477225575051662,0.09064126192070304,15074,0.0282866270836807,0.16588720765087892,0.09064126192070304,1.5000000000000002,14935,0.06970206484333265,0.6104860555459154
253,cotrain,0.0869504369667962,0.018902775411629397,0.04066041751931875,0.04066041751931875,1.2740297949840222,1.2329599271472702,0.4271041851522576,0.29754644931636304,0.6259820234571767,-1.212265480787326,0.19793334386797032,0.1977539361319226,0.02517738565802574,0.02517738565802574,0.025356793123432714,0.0,0.07176300131071073,0.29730802873133594,0.04040274145002039,0.0,0.6045480978030425,0.6855478682595059,0.0,1.0,1.0,0.1,1.0,0.0008,0.0,0.00015141160128662211,0.0002418394176914054,0.21516790465475658,0.21516790465475658,0.0,0.0,0.0,0.0,1.0,1.0,0.1078137531876564,0.2740902900695801,0.44309958815574646,0.44309958815574646,248.12583923339844,455.1414489746094,0,0.0,0.0,0.0,0,0.0,0.0,0.0,0.0,0.0,0.0,0.0,0.0,0.0,6.54021424615485,6.879739784678831,2.8288629055023193,17.571420669555664,0.32637716233797565,0.9037325538211977,1.0,1.0,canonical,unweighted-eps,1.0,2e-05,0.0003309750919646873,15008,0.00021871059951407196,0.0012279615065069007,0.0003309750919646873,0.005477225575051662,15020,0.0025221347476488422,0.01421071052273485,0.005477225575051662,0.09064126192070304,14889,0.02819665195967706,0.16535485115066642,0.09064126192070304,1.5000000000000002,14987,0.06987664557492795,0.6106898821385761
254,cotrain,0.08710989392657056,0.018824580575251937,0.040973797583809264,0.040973797583809264,1.2789638041651408,1.2392194474864209,0.42691198781005335,0.2980493917169734,0.6260331145718566,-1.210611232325562,0.19839639815255108,0.19821604414500743,0.02530991617574269,0.02530991617574269,0.025490270131546207,0.0,0.07214158128660458,0.30299149001510733,0.040509139442354694,0.0,0.6040384428113954,0.6883054302827979,0.0,1.0,1.0,0.1,1.0,0.0008,0.0,0.00014961627291557803,0.0002389647335862667,0.2026348376375997,0.2026348376375997,0.0,0.0,0.0,0.0,1.0,1.0,0.10795583575963974,0.2884916365146637,0.40481385588645935,0.40481385588645935,248.23448181152344,455.2862548828125,0,0.0,0.0,0.0,0,0.0,0.0,0.0,0.0,0.0,0.0,0.0,0.0,0.0,6.5392451541036625,6.8773028591664636,2.8288629055023193,17.571420669555664,0.3256778293623876,0.9041051403047984,1.0,1.0,canonical,unweighted-eps,1.0,2e-05,0.0003309750919646873,14925,0.00021128504987887202,0.0011857855438537135,0.0003309750919646873,0.005477225575051662,14837,0.0025183816906849377,0.014189450010630194,0.005477225575051662,0.09064126192070304,15173,0.028591144073538244,0.16778388128970143,0.09064126192070304,1.5000000000000002,14969,0.06959938072825379,0.6079178541964428
255,cotrain,0.08687620543134518,0.018797183958574746,0.041052101028716974,0.041052101028716974,1.2802305836067218,1.2415728487520137,0.4293679624923274,0.30202818298951173,0.6284289354951973,-1.1973258735787156,0.19761000837907833,0.19743316461387864,0.02515592143480849,0.02515592143480849,0.025332765156228062,0.0,0.07073749848601656,0.2977485204927432,0.04032236413281952,0.0,0.602010632172609,0.6913515061526121,0.0,1.0,1.0,0.1,1.0,0.0008,0.0,0.00014782716752802529,0.00023610001373725937,0.20894324141116732,0.20894324141116732,0.0,0.0,0.0,0.0,1.0,1.0,0.11112426221370697,0.26273566484451294,0.47677814960479736,0.47677814960479736,248.33853149414062,455.4376220703125,0,0.0,0.0,0.0,0,0.0,0.0,0.0,0.0,0.0,0.0,0.0,0.0,0.0,6.5433991393472395,6.8814318781877235,2.8288629055023193,17.571420669555664,0.3255595079893846,0.9041681301623306,1.0,1.0,canonical,unweighted-eps,1.0,2e-05,0.0003309750919646873,14944,0.00021048311810136316,0.0011815297019985012,0.0003309750919646873,0.005477225575051662,14864,0.002507149748879097,0.014126400852253094,0.005477225575051662,0.09064126192070304,15035,0.028205362119903033,0.16547876311410967,0.09064126192070304,1.5000000000000002,15061,0.06921591943783016,0.6049685634929388
256,cotrain,0.0872095907982598,0.01897206930563045,0.04045392558551752,0.04045392558551752,1.270779288835643,1.231393570573921,0.42718874911467236,0.29927533470157885,0.6263339061003464,-1.2064626522553272,0.19866739114762372,0.19848788351329982,0.025277932262064047,0.025277932262064047,0.025457439912307974,0.0,0.0718030696734786,0.29757618359648264,0.040596174394600414,0.0,0.6024824402525893,0.6911417711904256,0.0,1.0,1.0,0.1,1.0,0.0008,0.0,0.0001460443954844116,0.00023324543485379775,0.2049149896026167,0.2049149896026167,0.0,0.0,0.0,0.0,1.0,1.0,0.10469966381788254,0.27321451902389526,0.4481745660305023,0.4481745660305023,248.43856811523438,455.5700988769531,0,0.0,0.0,0.0,0,0.0,0.0,0.0,0.0,0.0,0.0,0.0,0.0,0.0,6.558079612560761,6.903348305551168,2.8288629055023193,17.571420669555664,0.328736162312381,0.9024721256758216,1.0,1.0,canonical,unweighted-eps,1.0,2e-05,0.0003309750919646873,14632,0.00020857786188732593,0.0011710066059599194,0.0003309750919646873,0.005477225575051662,15050,0.0025221915505950236,0.014210940743007534,0.005477225575051662,0.09064126192070304,14988,0.028581224262618943,0.16771233594032614,0.09064126192070304,1.5000000000000002,15234,0.06858756550187528,0.6003371974028079
257,cotrain,0.08720997194003345,0.018864703736801304,0.04111203685020789,0.04111203685020789,1.2811402941287582,1.2412882701963441,0.42766481204929513,0.29873197137290597,0.6266223542455934,-1.2083371296907082,0.198679736823353,0.198501972338328,0.025279178554749388,0.025279178554749388,0.02545694302385434,0.0,0.07110577619547008,0.29922623550280547,0.04048379533725162,0.0,0.6029951257838143,0.6929820531374241,0.0,1.0,1.0,0.1,1.0,0.0008,0.0,0.0001442680667545143,0.0002304011730197538,0.20039370907550183,0.20039370907550183,0.0,0.0,0.0,0.0,1.0,1.0,0.10625579953193665,0.27633506059646606,0.3996337354183197,0.3996337354183197,248.53829956054688,455.71124267578125,0,0.0,0.0,0.0,0,0.0,0.0,0.0,0.0,0.0,0.0,0.0,0.0,0.0,6.54496820563944,6.883863679047388,2.8288629055023193,17.571420669555664,0.32594510356025974,0.9039628016382288,1.0,1.0,canonical,unweighted-eps,1.0,2e-05,0.0003309750919646873,15063,0.00020678502434921152,0.0011607897920804947,0.0003309750919646873,0.005477225575051662,14821,0.002493045083983901,0.014046890401347961,0.005477225575051662,0.09064126192070304,14975,0.028357881184213347,0.16634327706988147,0.09064126192070304,1.5000000000000002,15045,0.0697640687851226,0.6097971172339103
258,cotrain,0.08725638487018071,0.018836289680061433,0.041152664030400604,0.041152664030400604,1.281793473331254,1.2417754816193867,0.42903470292560053,0.3003726760801087,0.6278192434046004,-1.2028348053622449,0.19870391585187525,0.19852643582619664,0.02529604248224925,0.02529604248224925,0.025473522698968395,0.0,0.0709920847056131,0.29818959690184677,0.040533761804302536,0.0,0.5995656231529692,0.7000818767228649,0.0,1.0,1.0,0.1,1.0,0.0008,0.0,0.00014249829091065664,0.00022756740368259495,0.2025963036645936,0.2025963036645936,0.0,0.0,0.0,0.0,1.0,1.0,0.10855945944786072,0.27803874015808105,0.4300541579723358,0.4300541579723358,248.63748168945312,455.8539733886719,0,0.0,0.0,0.0,0,0.0,0.0,0.0,0.0,0.0,0.0,0.0,0.0,0.0,6.538528862162533,6.872962748218815,2.8288629055023193,17.571420669555664,0.3239020029759379,0.905049036175561,1.0,1.0,canonical,unweighted-eps,1.0,2e-05,0.0003309750919646873,14960,0.0002069859370778509,0.0011621380133932846,0.0003309750919646873,0.005477225575051662,14938,0.0025170341511637924,0.014182464393574736,0.005477225575051662,0.09064126192070304,14919,0.02834610820288025,0.16634110684001388,0.09064126192070304,1.5000000000000002,15087,0.0697118428542488,0.6085796660881374
259,cotrain,0.08680256218928048,0.01876676050173994,0.04099871800878109,0.04099871800878109,1.2793486914124699,1.2407209353569226,0.42663145574749023,0.29784070375638133,0.6256648779679568,-1.2113127471544805,0.19746595531956762,0.19728844612836838,0.025119821349970806,0.025119821349970806,0.025297330437689766,0.0,0.07100363555722512,0.2969808416743564,0.04030954154033182,0.0,0.6042489125433131,0.6905913500226716,0.0,1.0,1.0,0.1,1.0,0.0008,0.0,0.00014073517712094908,0.0002247443016425622,0.20660121261309355,0.20660121261309355,0.0,0.0,0.0,0.0,1.0,1.0,0.11361876130104065,0.2874990701675415,0.44907888770103455,0.44907888770103455,248.73443603515625,455.9839172363281,0,0.0,0.0,0.0,0,0.0,0.0,0.0,0.0,0.0,0.0,0.0,0.0,0.0,6.544998005924062,6.888284056652562,2.8288629055023193,17.571420669555664,0.32810256575372887,0.902811205773042,1.0,1.0,canonical,unweighted-eps,1.0,2e-05,0.0003309750919646873,15084,0.00021186564619327173,0.0011891673854471944,0.0003309750919646873,0.005477225575051662,14912,0.0025018147140933207,0.014096073250689987,0.005477225575051662,0.09064126192070304,14995,0.028552959475289904,0.16753796864923298,0.09064126192070304,1.5000000000000002,14913,0.0694778592007937,0.6087304489845834
260,cotrain,0.08695314558716412,0.018794739636807486,0.04109715453038613,0.04109715453038613,1.280893745658936,1.2424101969625196,0.4267235291946648,0.2982363815491016,0.6257358464675072,-1.2099583204994855,0.19742941741759962,0.19725173552576294,0.02507851683956563,0.02507851683956563,0.025256198687622182,0.0,0.07107273626945212,0.29856189910290587,0.04040280909428739,0.0,0.5997042636840771,0.6975712283976121,0.0,1.0,1.0,0.1,1.0,0.0008,0.0,0.0001389788341425552,0.00022193204104188746,0.20471366435989866,0.20471366435989866,0.0,0.0,0.0,0.0,1.0,1.0,0.10886164009571075,0.31200742721557617,0.43063005805015564,0.43063005805015564,248.82870483398438,456.1139221191406,0,0.0,0.0,0.0,0,0.0,0.0,0.0,0.0,0.0,0.0,0.0,0.0,0.0,6.553201540922507,6.900044115346758,2.8288629055023193,17.571420669555664,0.3296296065565219,0.9019933061978265,1.0,1.0,canonical,unweighted-eps,1.0,2e-05,0.0003309750919646873,15142,0.00020734319858424727,0.0011639830974581266,0.0003309750919646873,0.005477225575051662,14885,0.0025272166867623762,0.01423922773471886,0.005477225575051662,0.09064126192070304,14882,0.028582111605792385,0.1677257415027872,0.09064126192070304,1.5000000000000002,14995,0.06910218595464693,0.6062352498796393
261,cotrain,0.08637334186679278,0.018629502582674224,0.04128028797861348,0.04128028797861348,1.2837779367248956,1.2436703733908825,0.42750455770227647,0.2987455530808522,0.6266782282509356,-1.208259175475846,0.19551552087068558,0.1953399248389352,0.024990980732294485,0.024990980732294485,0.025166576567034308,0.0,0.07023832908011654,0.29718581571156144,0.040074885416871465,0.0,0.5996142890718248,0.6978184446614981,0.0,1.0,1.0,0.1,1.0,0.0008,0.0,0.000137229370314983,0.0002191307953540514,0.19812134134336415,0.19812134134336415,0.0,0.0,0.0,0.0,1.0,1.0,0.10292492806911469,0.2601225972175598,0.4615057408809662,0.4615057408809662,248.92117309570312,456.2428894042969,0,0.0,0.0,0.0,0,0.0,0.0,0.0,0.0,0.0,0.0,0.0,0.0,0.0,6.525116445671799,6.856506242695274,2.8288629055023193,17.571420669555664,0.3227272893326444,0.9056716665141216,1.0,1.0,canonical,unweighted-eps,1.0,2e-05,0.0003309750919646873,15138,0.00020171437991854636,0.0011324863912249032,0.0003309750919646873,0.005477225575051662,15074,0.0024999456925727144,0.014085923768733183,0.005477225575051662,0.09064126192070304,14768,0.028552194861523637,0.1675950655570397,0.09064126192070304,1.5000000000000002,14924,0.06932881015997666,0.6028627807414746
262,cotrain,0.08686452742634165,0.018837861255066007,0.04077565856277943,0.04077565856277943,1.275833424394541,1.2357922486769848,0.42641311896662426,0.2968071562866879,0.6253062259947133,-1.2147822581295273,0.19763422190633595,0.19745735661723676,0.025164443872168533,0.025164443872168533,0.02534130916922775,0.0,0.07074613639941582,0.29627025216563135,0.04032626574556542,0.0,0.5984606858756807,0.7012873423548464,0.0,1.0,1.0,0.1,1.0,0.0008,0.0,0.0001354868935534021,0.00021634073737308317,0.197602737440258,0.197602737440258,0.0,0.0,0.0,0.0,1.0,1.0,0.10928446054458618,0.28249847888946533,0.4274035096168518,0.4274035096168518,249.01254272460938,456.3623962402344,0,0.0,0.0,0.0,0,0.0,0.0,0.0,0.0,0.0,0.0,0.0,0.0,0.0,6.536434863367651,6.869892433676124,2.8288629055023193,17.571420669555664,0.3234701887368452,0.9052780728929661,1.0,1.0,canonical,unweighted-eps,1.0,2e-05,0.0003309750919646873,14849,0.00020327161274651172,0.0011411329427908,0.0003309750919646873,0.005477225575051662,15014,0.002488474332940504,0.014020658802204862,0.005477225575051662,0.09064126192070304,15078,0.02834799865193765,0.1662940410708129,0.09064126192070304,1.5000000000000002,14963,0.0694806779967761,0.6077426338565467
263,cotrain,0.08665629738989548,0.018661179044482928,0.04106162139015575,0.04106162139015575,1.2803106847896755,1.2396027303149557,0.42609429219339645,0.2940441227366782,0.6246163916384053,-1.2241066383500385,0.19779716323838276,0.19761970521420494,0.025220531198140394,0.025220531198140394,0.02539798907107777,0.0,0.07098314247261255,0.2995462140593773,0.04017452237347507,0.0,0.5974568285239048,0.6994277981227327,0.0,1.0,1.0,0.1,1.0,0.0008,0.0,0.0001337515113419869,0.0002135620392029013,0.20890706029330564,0.20890706029330564,0.0,0.0,0.0,0.0,1.0,1.0,0.1131170392036438,0.276472270488739,0.43571871519088745,0.43571871519088745,249.1022186279297,456.48248291015625,0,0.0,0.0,0.0,0,0.0,0.0,0.0,0.0,0.0,0.0,0.0,0.0,0.0,6.535175102388757,6.870555642175454,2.8288629055023193,17.571420669555664,0.32445684988431256,0.9047544641775094,1.0,1.0,canonical,unweighted-eps,1.0,2e-05,0.0003309750919646873,15114,0.0002087886797443409,0.0011721657636155523,0.0003309750919646873,0.005477225575051662,14811,0.0025286871969325596,0.014247614168217725,0.005477225575051662,0.09064126192070304,15087,0.028458071944569313,0.16693545337572577,0.09064126192070304,1.5000000000000002,14892,0.06989361759222165,0.6104564933151831
264,cotrain,0.08678638498879905,0.018820086488118157,0.040944335743402824,0.040944335743402824,1.2784752330294653,1.2373653770002544,0.4257873530443917,0.29548264804304153,0.6246464271575977,-1.219284990404406,0.19755858942293203,0.19738186744606903,0.025107533189380526,0.025107533189380526,0.025284255257783793,0.0,0.07068884325747052,0.29874608235863537,0.040205092360384956,0.0,0.597520606767418,0.7011233263004285,0.0,1.0,1.0,0.1,1.0,0.0008,0.0,0.0001320233307272865,0.00021079487224669765,0.19531723853741956,0.19531723853741956,0.0,0.0,0.0,0.0,1.0,1.0,0.10835743695497513,0.26821091771125793,0.4062175452709198,0.4062175452709198,249.19261169433594,456.6063537597656,0,0.0,0.0,0.0,0,0.0,0.0,0.0,0.0,0.0,0.0,0.0,0.0,0.0,6.544754101679875,6.8887502108367915,2.8288629055023193,17.571420669555664,0.3284566739600296,0.9026217479061921,1.0,1.0,canonical,unweighted-eps,1.0,2e-05,0.0003309750919646873,15059,0.00020812401352350682,0.0011683156772843394,0.0003309750919646873,0.005477225575051662,14952,0.0025442957882099194,0.014335850199884818,0.005477225575051662,0.09064126192070304,14927,0.028509364389579406,0.167190563561345,0.09064126192070304,1.5000000000000002,14966,0.0693108338166188,0.6078021141132791
265,cotrain,0.08670225613710718,0.01882677568664026,0.04051976018131544,0.04051976018131544,1.2717889291331965,1.2311577218720036,0.4258973451379018,0.29556632965293705,0.6247372392915252,-1.2189752757549286,0.19749531828058073,0.19731860195533332,0.025153686181029193,0.025153686181029193,0.025330402327176087,0.0,0.07068644848485024,0.29594906696524376,0.04024729111160223,0.0,0.5970755495831498,0.703928446257885,0.0,1.0,1.0,0.1,1.0,0.0008,0.0,0.00013030245831162192,0.00020803940719636498,0.19246420711597317,0.19246420711597317,0.0,0.0,0.0,0.0,1.0,1.0,0.10769923776388168,0.29153597354888916,0.45555412769317627,0.45555412769317627,249.27635192871094,456.74005126953125,0,0.0,0.0,0.0,0,0.0,0.0,0.0,0.0,0.0,0.0,0.0,0.0,0.0,6.544416747541509,6.889428671200363,2.8288629055023193,17.571420669555664,0.32896241272923427,0.9023509471780292,1.0,1.0,canonical,unweighted-eps,1.0,2e-05,0.0003309750919646873,14881,0.00020408342231242025,0.0011454120628331971,0.0003309750919646873,0.005477225575051662,15151,0.0025165846362207424,0.014179468868935544,0.005477225575051662,0.09064126192070304,14897,0.02868927111279655,0.16833939934493855,0.09064126192070304,1.5000000000000002,14975,0.06933266190734252,0.6063801984197906
266,cotrain,0.08658362644859868,0.018759787964244556,0.04087404542180718,0.04087404542180718,1.2773649860583938,1.2377611261147718,0.4251557334493368,0.2945989738417487,0.6241636934698137,-1.2222066916461685,0.1967839412072785,0.19660762309009194,0.02507061576550333,0.02507061576550333,0.025246933954330083,0.0,0.07052727494165938,0.29723114752743995,0.040134480461860314,0.0,0.5963586089957473,0.7075680976924605,0.0,1.0,1.0,0.1,1.0,0.0008,0.0,0.00012858900024650963,0.00020529581402196673,0.20430803577550966,0.20430803577550966,0.0,0.0,0.0,0.0,1.0,1.0,0.10663828998804092,0.28457581996917725,0.45559775829315186,0.45559775829315186,249.36024475097656,456.8503112792969,0,0.0,0.0,0.0,0,0.0,0.0,0.0,0.0,0.0,0.0,0.0,0.0,0.0,6.537460506471813,6.877148435556208,2.8288629055023193,17.571420669555664,0.3265276684714221,0.9036523037609203,1.0,1.0,canonical,unweighted-eps,1.0,2e-05,0.0003309750919646873,15053,0.0002081354702047329,0.0011686261877935289,0.0003309750919646873,0.005477225575051662,15025,0.0025551011298043953,0.014396469885616651,0.005477225575051662,0.09064126192070304,14956,0.028451056653291472,0.16689382509038742,0.09064126192070304,1.5000000000000002,14870,0.06958928732721294,0.6084479321708756
267,cotrain,0.08675231978806675,0.01878659117123128,0.04060252798864475,0.04060252798864475,1.2730784023652448,1.231845319016367,0.4240915382392386,0.29358898198757416,0.6233557020751839,-1.2256652977731493,0.19832901443299064,0.19815172032158598,0.025302171058411527,0.025302171058411527,0.02547946523747638,0.0,0.07091767367962588,0.2970059268240236,0.04022804623008029,0.0,0.597102165604249,0.7032909107784557,0.0,1.0,1.0,0.1,1.0,0.0008,0.0,0.0001268830622261142,0.00020256426196125344,0.2004526482305975,0.2004526482305975,0.0,0.0,0.0,0.0,1.0,1.0,0.10765473544597626,0.2775592803955078,0.41159743070602417,0.41159743070602417,249.43553161621094,456.95794677734375,0,0.0,0.0,0.0,0,0.0,0.0,0.0,0.0,0.0,0.0,0.0,0.0,0.0,6.53980871449169,6.877360227340857,2.8288629055023193,17.571420669555664,0.3254133964911496,0.9042458949601576,1.0,1.0,canonical,unweighted-eps,1.0,2e-05,0.0003309750919646873,14935,0.00020730257904824902,0.0011640039771785295,0.0003309750919646873,0.005477225575051662,14989,0.002537310115987555,0.014296377151140785,0.005477225575051662,0.09064126192070304,14943,0.028665672709231378,0.1682178130280993,0.09064126192070304,1.5000000000000002,15037,0.06957653172593124,0.6068184530353692
268,cotrain,0.0861895296913691,0.01862549851051508,0.0407047292106172,0.0407047292106172,1.2746998755339491,1.234956364855807,0.4251025654693954,0.2948206083642112,0.6241391037519162,-1.2215686761415923,0.19617175756611377,0.19599474845533696,0.025041846765412226,0.025041846765412226,0.025218856166729815,0.0,0.07080374537115423,0.29601900992739916,0.03995530909070602,0.0,0.5940691181737133,0.7093685827512517,0.0,1.0,1.0,0.1,1.0,0.0008,0.0,0.00012518474948072846,0.00019984491950922293,0.19738302871775934,0.19738302871775934,0.0,0.0,0.0,0.0,1.0,1.0,0.10613956302404404,0.27469494938850403,0.4549010694026947,0.4549010694026947,249.52163696289062,457.06134033203125,0,0.0,0.0,0.0,0,0.0,0.0,0.0,0.0,0.0,0.0,0.0,0.0,0.0,6.534175763782273,6.8716685696921065,2.8288629055023193,17.571420669555664,0.3255281375543188,0.904184828237319,1.0,1.0,canonical,unweighted-eps,1.0,2e-05,0.0003309750919646873,14946,0.0002055152428387413,0.0011539046926042306,0.0003309750919646873,0.005477225575051662,15095,0.0025487417027566478,0.014360805956999092,0.005477225575051662,0.09064126192070304,15021,0.02859559403414352,0.16778706186867356,0.09064126192070304,1.5000000000000002,14842,0.06933213073020836,0.6054788656174341
269,cotrain,0.08679525224635234,0.018788562645801365,0.04088978761504603,0.04088978761504603,1.2776291488834615,1.2377400683541584,0.4262029145900001,0.2970158692735892,0.6252119497865694,-1.2140982044048798,0.19792787566717363,0.1977513770803682,0.02521906733019357,0.02521906733019357,0.025395566040379368,0.0,0.07059948494992195,0.2977666154694863,0.040201361593591355,0.0,0.5933750057831789,0.7103225630588639,0.0,1.0,1.0,0.1,1.0,0.0008,0.0,0.00012349416677028227,0.00019713795440772693,0.19981093521619964,0.19981093521619964,0.0,0.0,0.0,0.0,1.0,1.0,0.10615978389978409,0.2726456820964813,0.43575382232666016,0.43575382232666016,249.59898376464844,457.1676330566406,0,0.0,0.0,0.0,0,0.0,0.0,0.0,0.0,0.0,0.0,0.0,0.0,0.0,6.543249341157766,6.8842642916404735,2.8288629055023193,17.571420669555664,0.3270325950508878,0.9033829102672432,1.0,1.0,canonical,unweighted-eps,1.0,2e-05,0.0003309750919646873,14852,0.0002035578651634769,0.0011427319676226766,0.0003309750919646873,0.005477225575051662,15026,0.002548047654161151,0.014357160967754235,0.005477225575051662,0.09064126192070304,14969,0.028424417417491715,0.1667891643880181,0.09064126192070304,1.5000000000000002,15057,0.06933171947678382,0.605481102289713
270,cotrain,0.08635275002218719,0.01871518418789865,0.04063433536893537,0.04063433536893537,1.2735840774724247,1.233635859611707,0.42435564584711677,0.2942088380710691,0.6235986629612426,-1.2235540189804175,0.1966995522698276,0.19652347387666377,0.025038106366991997,0.025038106366991997,0.02521418508253673,0.0,0.07043147776435074,0.2958949296456626,0.04001257318653103,0.0,0.595536262433753,0.70664826551707,0.0,1.0,1.0,0.1,1.0,0.0008,0.0,0.00012181141837788059,0.00019444353363512384,0.19194207585647574,0.19194207585647574,0.0,0.0,0.0,0.0,1.0,1.0,0.11600767076015472,0.2782832980155945,0.3828697204589844,0.3828697204589844,249.674560546875,457.2737121582031,0,0.0,0.0,0.0,0,0.0,0.0,0.0,0.0,0.0,0.0,0.0,0.0,0.0,6.538431055525429,6.879703106966684,2.8288629055023193,17.571420669555664,0.32728257074567224,0.9032494462031982,1.0,1.0,canonical,unweighted-eps,1.0,2e-05,0.0003309750919646873,15146,0.00020209595842465757,0.001134601644369817,0.0003309750919646873,0.005477225575051662,14875,0.002539457321166992,0.014308725078566736,0.005477225575051662,0.09064126192070304,15008,0.028411979340255133,0.16670659927925321,0.09064126192070304,1.5000000000000002,14875,0.06942120144948238,0.6077702562989307
271,cotrain,0.08660479652512278,0.018779967420010105,0.04044575656517448,0.04044575656517448,1.2706121967458754,1.231233996967984,0.4252476682010879,0.29475393929542637,0.6242087491047688,-1.2216769118084867,0.1981651086965178,0.19798872336490542,0.025265621546751414,0.025265621546751414,0.025442007021644175,0.0,0.07055417470570303,0.295245916956765,0.04010692600192677,0.0,0.5922367920478185,0.7134807816085716,0.0,1.0,1.0,0.1,1.0,0.0008,0.0,0.00012013660810337068,0.00019176182339597871,0.20212814912327334,0.20212814912327334,0.0,0.0,0.0,0.0,1.0,1.0,0.11372506618499756,0.27263838052749634,0.42200884222984314,0.42200884222984314,249.7513885498047,457.3675537109375,0,0.0,0.0,0.0,0,0.0,0.0,0.0,0.0,0.0,0.0,0.0,0.0,0.0,6.536839995628748,6.8714087252679015,2.8288629055023193,17.571420669555664,0.324011815552745,0.9049907607329437,1.0,1.0,canonical,unweighted-eps,1.0,2e-05,0.0003309750919646873,14680,0.00020533799187772545,0.0011531194122584298,0.0003309750919646873,0.005477225575051662,15179,0.002492904753892803,0.014046098000997454,0.005477225575051662,0.09064126192070304,15019,0.02847861791626973,0.1671041613992231,0.09064126192070304,1.5000000000000002,15026,0.06954194496462733,0.6069776098245504
272,cotrain,0.08616153367309488,0.018655479985138036,0.040743640950347625,0.040743640950347625,1.27530661471139,1.2354590566749246,0.4252163279387686,0.29289056736434627,0.6240220761451966,-1.2280044069147518,0.196049735093346,0.19587445774903664,0.025029639570185773,0.025029639570185773,0.02520491663191436,0.0,0.07011083689414793,0.2943790972423859,0.03989041890375889,0.0,0.594005594905625,0.7084518894115384,0.0,1.0,1.0,0.1,1.0,0.0008,0.0,0.00011846983925693938,0.00018909298911081116,0.19181964812306768,0.19181964812306768,0.0,0.0,0.0,0.0,1.0,1.0,0.10995560139417648,0.28029054403305054,0.4069807827472687,0.4069807827472687,249.82286071777344,457.46478271484375,0,0.0,0.0,0.0,0,0.0,0.0,0.0,0.0,0.0,0.0,0.0,0.0,0.0,6.52808622417287,6.862151797206576,2.8288629055023193,17.571420669555664,0.32398442104263064,0.905005299624256,1.0,1.0,canonical,unweighted-eps,1.0,2e-05,0.0003309750919646873,14970,0.0002010482931248321,0.0011287795665935827,0.0003309750919646873,0.005477225575051662,14961,0.0025485851199040397,0.014360252150032069,0.005477225575051662,0.09064126192070304,14949,0.02827796890820314,0.165869246614331,0.09064126192070304,1.5000000000000002,15024,0.06892366195543886,0.6005286587693821
273,cotrain,0.08639606357448631,0.018735891894604534,0.04041717670316625,0.04041717670316625,1.2701641368687784,1.231743059351913,0.42600857880380416,0.29566927483448613,0.6246323672115294,-1.2187113285574138,0.19744861820059964,0.19727120688583097,0.02520022167561528,0.02520022167561528,0.025377632863023598,0.0,0.07096449182265335,0.29749807842776305,0.03999685358383462,0.0,0.5920443787024572,0.7171316379203628,0.0,1.0,1.0,0.1,1.0,0.0008,0.0,0.00011681121465274018,0.000186437195405891,0.19170949272174612,0.19170949272174612,0.0,0.0,0.0,0.0,1.0,1.0,0.10732775181531906,0.2842950224876404,0.4088861644268036,0.4088861644268036,249.89297485351562,457.5635986328125,0,0.0,0.0,0.0,0,0.0,0.0,0.0,0.0,0.0,0.0,0.0,0.0,0.0,6.53965871863895,6.8791606445030204,2.8288629055023193,17.571420669555664,0.3263797382651664,0.9037311805249034,1.0,1.0,canonical,unweighted-eps,1.0,2e-05,0.0003309750919646873,14841,0.0002046209022752425,0.0011488538493718767,0.0003309750919646873,0.005477225575051662,14987,0.002502421706481399,0.014099706602898339,0.005477225575051662,0.09064126192070304,15085,0.02861996770181678,0.1679599957312817,0.09064126192070304,1.5000000000000002,14991,0.06919627035048238,0.6040487923684793
274,cotrain,0.08581143321517186,0.018526671155809592,0.04101958900339838,0.04101958900339838,1.2796630875796868,1.241666699321861,0.4269399140507747,0.29595596610735625,0.6253421841523586,-1.217708206584311,0.19484288953881487,0.1946679538068099,0.024865046955454044,0.024865046955454044,0.0250399822416978,0.0,0.06997411353433998,0.29546924584951156,0.03966246858143654,0.0,0.5927465908293031,0.7125983762785665,0.0,1.0,1.0,0.1,1.0,0.0008,0.0,0.00011516083660255174,0.00018379460610308426,0.1940792093419621,0.1940792093419621,0.0,0.0,0.0,0.0,1.0,1.0,0.11055946350097656,0.2809600234031677,0.36540311574935913,0.36540311574935913,249.96310424804688,457.6703186035156,0,0.0,0.0,0.0,0,0.0,0.0,0.0,0.0,0.0,0.0,0.0,0.0,0.0,6.531903633704553,6.8685230004636555,2.8288629055023193,17.571420669555664,0.32515399410270973,0.9043839033951507,1.0,1.0,canonical,unweighted-eps,1.0,2e-05,0.0003309750919646873,15148,0.00020478491127333114,0.0011497560978537818,0.0003309750919646873,0.005477225575051662,14841,0.0025191088635985255,0.014193562432429788,0.005477225575051662,0.09064126192070304,14993,0.02821750026813686,0.16547809581874903,0.09064126192070304,1.5000000000000002,14922,0.06875503393939378,0.5999405471301721
275,cotrain,0.0860732814663241,0.01865634154010978,0.040570663654396676,0.040570663654396676,1.2725421208442853,1.2325081853275626,0.42314319713757587,0.28950895853022224,0.6217649544660862,-1.2396689143955197,0.19599000237181655,0.19581357284616202,0.024986995169176504,0.024986995169176504,0.025163424651050925,0.0,0.07057178428826424,0.29744589981487674,0.03982932085537503,0.0,0.5917370777863723,0.7167262344533561,0.0,1.0,1.0,0.1,1.0,0.0008,0.0,0.00011351880690946598,0.00018116538420974654,0.19502894566036189,0.19502894566036189,0.0,0.0,0.0,0.0,1.0,1.0,0.11233579367399216,0.2986208498477936,0.4086863398551941,0.4086863398551941,250.0347442626953,457.7655334472656,0,0.0,0.0,0.0,0,0.0,0.0,0.0,0.0,0.0,0.0,0.0,0.0,0.0,6.539888753850236,6.88197019622661,2.8288629055023193,17.571420669555664,0.3276428777410267,0.9030569654050287,1.0,1.0,canonical,unweighted-eps,1.0,2e-05,0.0003309750919646873,14918,0.0002080944585661977,0.0011681595693348256,0.0003309750919646873,0.005477225575051662,15119,0.0025298721273745387,0.014254207926552182,0.005477225575051662,0.09064126192070304,14947,0.028610643410894827,0.16788612916540235,0.09064126192070304,1.5000000000000002,14920,0.06888902040333275,0.6023918486792025
276,cotrain,0.08617197687172481,0.018615929565081995,0.04060840422812945,0.04060840422812945,1.2731846004240783,1.2351203784983382,0.42678229657248556,0.29443065522827655,0.6250534046154755,-1.2228063276180854,0.19649260577100974,0.19631968265096855,0.025082664496591713,0.025082664496591713,0.02525558756489275,0.0,0.06916921308789498,0.2893982053630882,0.03990585755747862,0.0,0.589629432075044,0.7217137644497248,0.0,1.0,1.0,0.1,1.0,0.0008,0.0,0.00011188522686160912,0.00017854969190866913,0.1963380422666032,0.1963380422666032,0.0,0.0,0.0,0.0,1.0,1.0,0.10532502084970474,0.2739110291004181,0.4139902889728546,0.4139902889728546,250.10592651367188,457.8443603515625,0,0.0,0.0,0.0,0,0.0,0.0,0.0,0.0,0.0,0.0,0.0,0.0,0.0,6.541162599865188,6.878417265292495,2.8288629055023193,17.571420669555664,0.32523217075373057,0.904342318650956,1.0,1.0,canonical,unweighted-eps,1.0,2e-05,0.0003309750919646873,15119,0.00020029413152804679,0.0011245711766391829,0.0003309750919646873,0.005477225575051662,14893,0.0024836075661733587,0.013993471773837945,0.005477225575051662,0.09064126192070304,14844,0.02837140559427374,0.16645401139620403,0.09064126192070304,1.5000000000000002,15048,0.06920455731273267,0.6023447486328863
277,cotrain,0.08662779274213518,0.018756297188134402,0.040962462361233354,0.040962462361233354,1.2787592326267574,1.2396538364581573,0.42738362045114875,0.29519457758491874,0.6253197195692959,-1.2201871497508807,0.1986223603797774,0.19844764238621435,0.025224518631863542,0.025224518631863542,0.025399236693086788,0.0,0.0698872190207625,0.2953346674131532,0.03990096484239285,0.0,0.5903095093547789,0.7218793618142542,0.0,1.0,1.0,0.1,1.0,0.0008,0.0,0.00011026019722589328,0.00017594769054807402,0.18749530164477152,0.18749530164477152,0.0,0.0,0.0,0.0,1.0,1.0,0.11447456479072571,0.293185293674469,0.3895266652107239,0.3895266652107239,250.17041015625,457.9427795410156,0,0.0,0.0,0.0,0,0.0,0.0,0.0,0.0,0.0,0.0,0.0,0.0,0.0,6.5524918768141,6.896587554869901,2.8288629055023193,17.571420669555664,0.3283064363029231,0.9027021445317456,1.0,1.0,canonical,unweighted-eps,1.0,2e-05,0.0003309750919646873,14976,0.00019891835497538003,0.0011168079394508854,0.0003309750919646873,0.005477225575051662,14921,0.002534267907727141,0.01427950856513228,0.005477225575051662,0.09064126192070304,14885,0.02824840878615413,0.16570928674197494,0.09064126192070304,1.5000000000000002,15122,0.06942065767061929,0.6078187395475984
278,cotrain,0.086125219368145,0.018636625421305116,0.040753191153908894,0.040753191153908894,1.2754482908784874,1.2365472589293096,0.42644534597539496,0.2924709893189944,0.6242557641787406,-1.2294540132722285,0.19622747176605412,0.1960537739448313,0.025033216644874495,0.025033216644874495,0.02520691419346656,0.0,0.06947901755826086,0.2943394773790979,0.039799517943945706,0.0,0.5881857945878282,0.7241188265606124,0.0,1.0,1.0,0.1,1.0,0.0008,0.0,0.00010864381824180103,0.00017335954063166174,0.18824400135085115,0.18824400135085115,0.0,0.0,0.0,0.0,1.0,1.0,0.11518514156341553,0.29851195216178894,0.41570213437080383,0.41570213437080383,250.2385711669922,458.02667236328125,0,0.0,0.0,0.0,0,0.0,0.0,0.0,0.0,0.0,0.0,0.0,0.0,0.0,6.538336748750801,6.875658545857523,2.8288629055023193,17.571420669555664,0.32533740099473546,0.9042863334639453,1.0,1.0,canonical,unweighted-eps,1.0,2e-05,0.0003309750919646873,14895,0.00020041568007804115,0.0011254004992797256,0.0003309750919646873,0.005477225575051662,14973,0.0025397621024023562,0.014310114049349409,0.005477225575051662,0.09064126192070304,15134,0.028380458379683476,0.16650668710166938,0.09064126192070304,1.5000000000000002,14902,0.06905562345524983,0.6035072396160244
279,cotrain,0.08597539632748334,0.018477003358734343,0.04110025587435971,0.04110025587435971,1.280892112207914,1.241948516959818,0.4246948048727125,0.2925876307691264,0.6230982590434898,-1.2290664750796099,0.1968412948692711,0.19666577741885796,0.025120671512161054,0.025120671512161054,0.025296188894914,0.0,0.07020696154676187,0.2998775177531772,0.039617045774546444,0.0,0.5888147360493994,0.7238782140641258,0.0,1.0,1.0,0.1,1.0,0.0008,0.0,0.0001070361896152019,0.00017078540180871042,0.1889835385303212,0.1889835385303212,0.0,0.0,0.0,0.0,1.0,1.0,0.10580550134181976,0.28573355078697205,0.3751194179058075,0.3751194179058075,250.29837036132812,458.1042175292969,0,0.0,0.0,0.0,0,0.0,0.0,0.0,0.0,0.0,0.0,0.0,0.0,0.0,6.535551878122183,6.8720312115298166,2.8288629055023193,17.571420669555664,0.32499163267233205,0.9044702490772071,1.0,1.0,canonical,unweighted-eps,1.0,2e-05,0.0003309750919646873,15047,0.00019995459950093735,0.001122768576924584,0.0003309750919646873,0.005477225575051662,15031,0.002504082507287248,0.014108553902529153,0.005477225575051662,0.09064126192070304,14913,0.028650557282208708,0.16814244024504008,0.09064126192070304,1.5000000000000002,14913,0.06953097066832589,0.6064908858284994
280,cotrain,0.0863941785775953,0.018600113007327557,0.04134249083825156,0.04134249083825156,1.2846966482733424,1.24489554660952,0.42532013261165375,0.2933423180992787,0.6238101017780793,-1.226505306796131,0.19741318748993242,0.19723896669526386,0.025125927076889917,0.025125927076889917,0.02530014790737858,0.0,0.06968834037040798,0.29892200288864285,0.039811973221217975,0.0,0.588117891524592,0.723928059817443,0.0,1.0,1.0,0.1,1.0,0.0008,0.0,0.00010543741051220217,0.0001682254328642279,0.19143013576539153,0.19143013576539153,0.0,0.0,0.0,0.0,1.0,1.0,0.10888642072677612,0.28047090768814087,0.3818734884262085,0.3818734884262085,250.36427307128906,458.1877136230469,0,0.0,0.0,0.0,0,0.0,0.0,0.0,0.0,0.0,0.0,0.0,0.0,0.0,6.54271423103463,6.882149038961983,2.8288629055023193,17.571420669555664,0.3262685190117652,0.9037904684404333,1.0,1.0,canonical,unweighted-eps,1.0,2e-05,0.0003309750919646873,14888,0.0002002081027473906,0.0011237603005458197,0.0003309750919646873,0.005477225575051662,15004,0.002496954366729613,0.014068765190840403,0.005477225575051662,0.09064126192070304,14918,0.028298229104968493,0.16604790179015708,0.09064126192070304,1.5000000000000002,15094,0.06907019668720377,0.6035830216706628
281,cotrain,0.08613844972071993,0.01870915531101199,0.04064572631166531,0.04064572631166531,1.2737499515030168,1.2351580733417447,0.4245765887391873,0.29251526213354534,0.6232650812365051,-1.2293204283102965,0.19563638912434253,0.1954633046228152,0.024974415444920205,0.024974415444920205,0.025147500252908368,0.0,0.06923392099033818,0.29282165156343043,0.03983945108185976,0.0,0.5871572986117795,0.7233608929456796,0.0,1.0,1.0,0.1,1.0,0.0008,0.0,0.00010384757955302788,0.00016567979170915723,0.18652657054874122,0.18652657054874122,0.0,0.0,0.0,0.0,1.0,1.0,0.10712526738643646,0.2727603614330292,0.38332250714302063,0.38332250714302063,250.4231719970703,458.2572326660156,0,0.0,0.0,0.0,0,0.0,0.0,0.0,0.0,0.0,0.0,0.0,0.0,0.0,6.534213903622749,6.87361779831137,2.8288629055023193,17.571420669555664,0.3264707961736983,0.9036826308153018,1.0,1.0,canonical,unweighted-eps,1.0,2e-05,0.0003309750919646873,14961,0.0001975640304998907,0.0011090694303992168,0.0003309750919646873,0.005477225575051662,14907,0.0025230642564821157,0.014216241321869522,0.005477225575051662,0.09064126192070304,15042,0.028296388240907282,0.16603446816719683,0.09064126192070304,1.5000000000000002,14994,0.06868520987674652,0.599108243697768
282,cotrain,0.08593488882622148,0.018512752305111315,0.04084479289017936,0.04084479289017936,1.2768531042850975,1.2365546134802012,0.42277608175053555,0.28960283654622543,0.6213030472525165,-1.2393352427543738,0.1966005695872327,0.19642531422850412,0.025051015222238168,0.025051015222238168,0.025226270843647484,0.0,0.07010224697968134,0.2975547678895995,0.03962735335828147,0.0,0.586053081557282,0.7301556190463881,0.0,1.0,1.0,0.1,1.0,0.0008,0.0,0.0001022667948059413,0.00016314863537063583,0.17793107863802177,0.17793107863802177,0.0,0.0,0.0,0.0,1.0,1.0,0.11026740819215775,0.26900795102119446,0.3578425347805023,0.3578425347805023,250.486083984375,458.3373718261719,0,0.0,0.0,0.0,0,0.0,0.0,0.0,0.0,0.0,0.0,0.0,0.0,0.0,6.541692939578978,6.879857695972538,2.8288629055023193,17.571420669555664,0.325668207548964,0.9041102631241799,1.0,1.0,canonical,unweighted-eps,1.0,2e-05,0.0003309750919646873,15010,0.00019965086552344862,0.001121095272847051,0.0003309750919646873,0.005477225575051662,15001,0.002578603362647321,0.014529455227419882,0.005477225575051662,0.09064126192070304,14829,0.028382426321856193,0.16648458153103873,0.09064126192070304,1.5000000000000002,15064,0.0689122826177518,0.6016382198668008
283,cotrain,0.08579621456054032,0.01859046916405742,0.04029530988066879,0.04029530988066879,1.2681760338484045,1.2293390394785466,0.42305960722713387,0.28931056822721773,0.6212774950724381,-1.2403922819683695,0.19593716294974342,0.1957617290954814,0.025079773587739874,0.025079773587739874,0.025255207294741504,0.0,0.07017347136209919,0.2956232820183803,0.039642229326005675,0.0,0.5840245230585082,0.7310156911675237,0.0,1.0,1.0,0.1,1.0,0.0008,0.0,0.00010069515378119187,0.00016063211998230959,0.18288775278717026,0.18288775278717026,0.0,0.0,0.0,0.0,1.0,1.0,0.10367065668106079,0.27531275153160095,0.4289255142211914,0.4289255142211914,250.54127502441406,458.4033203125,0,0.0,0.0,0.0,0,0.0,0.0,0.0,0.0,0.0,0.0,0.0,0.0,0.0,6.536653954758603,6.874888468254879,2.8288629055023193,17.571420669555664,0.325831321609598,0.9040234057732631,1.0,1.0,canonical,unweighted-eps,1.0,2e-05,0.0003309750919646873,15019,0.00020083140879368424,0.0011275406898097879,0.0003309750919646873,0.005477225575051662,15085,0.0025790806327547345,0.014531980762625515,0.005477225575051662,0.09064126192070304,14839,0.028941875049886184,0.16985271148776757,0.09064126192070304,1.5000000000000002,14961,0.06891174084059289,0.5995800268697066
284,cotrain,0.08591107761439605,0.018483421994118482,0.040998995367787845,0.040998995367787845,1.2793041258660165,1.2401499264260643,0.42465862498069423,0.29200947864188087,0.6231343347547401,-1.231034517288208,0.19625608027618155,0.19608208291933069,0.025052333660582956,0.025052333660582956,0.02522633076669314,0.0,0.06959883022543967,0.29732155424152684,0.03960180568357564,0.0,0.5826814754778503,0.7363248227739261,0.0,1.0,1.0,0.1,1.0,0.0008,0.0,9.913275342500093e-05,0.00015813040077470127,0.18961288541173324,0.18961288541173324,0.0,0.0,0.0,0.0,1.0,1.0,0.10948408395051956,0.2697714567184448,0.41970500349998474,0.41970500349998474,250.5988006591797,458.48040771484375,0,0.0,0.0,0.0,0,0.0,0.0,0.0,0.0,0.0,0.0,0.0,0.0,0.0,6.533622797737774,6.868530304171846,2.8288629055023193,17.571420669555664,0.3242617112565166,0.9048581002113243,1.0,1.0,canonical,unweighted-eps,1.0,2e-05,0.0003309750919646873,15018,0.00019571781154106304,0.0010988719229045537,0.0003309750919646873,0.005477225575051662,14910,0.0025142741893648623,0.014166705596175153,0.005477225575051662,0.09064126192070304,14976,0.028556240601146705,0.16763155190990522,0.09064126192070304,1.5000000000000002,15000,0.0688433082818985,0.6005281686147054
285,cotrain,0.08612784354859947,0.018615944088142142,0.04059973411644117,0.04059973411644117,1.2730230676481569,1.23509404139641,0.42500768219813323,0.2923176467546031,0.6234035303450038,-1.2299575604434707,0.1968269798044975,0.1966546915917315,0.025111184674354955,0.025111184674354955,0.02528347323338191,0.0,0.06891540414852719,0.29265017963500106,0.03976438148743194,0.0,0.583282797382428,0.739821961567972,0.0,1.0,1.0,0.1,1.0,0.0008,0.0,9.757969011358224e-05,0.00015564363206563606,0.1778840329657253,0.1778840329657253,0.0,0.0,0.0,0.0,1.0,1.0,0.10538586229085922,0.26696330308914185,0.3654480278491974,0.3654480278491974,250.65603637695312,458.55438232421875,0,0.0,0.0,0.0,0,0.0,0.0,0.0,0.0,0.0,0.0,0.0,0.0,0.0,6.544737521399799,6.884244108323089,2.8288629055023193,17.571420669555664,0.3262521696098849,0.9037991828076387,1.0,1.0,canonical,unweighted-eps,1.0,2e-05,0.0003309750919646873,14978,0.00019401623018392873,0.0010892568287445986,0.0003309750919646873,0.005477225575051662,14848,0.0025222056662234284,0.014211475597252941,0.005477225575051662,0.09064126192070304,14977,0.02850525384712754,0.16731701913166167,0.09064126192070304,1.5000000000000002,15101,0.06866972623743858,0.5991105745347255
286,cotrain,0.0861294722964621,0.01865400302096501,0.0404923408666355,0.0404923408666355,1.271313618932485,1.23469979615293,0.4246791140773358,0.29062123825916875,0.6227843902814083,-1.235802683310631,0.19656471678843865,0.1963919599214171,0.025081639404957876,0.025081639404957876,0.02525439637943975,0.0,0.06910280585607402,0.29214010238010657,0.03980393042692389,0.0,0.5824248167948846,0.7351809816005138,0.0,1.0,1.0,0.1,1.0,0.0008,0.0,9.60360596471963e-05,0.00015317196725072148,0.18419095326183188,0.18419095326183188,0.0,0.0,0.0,0.0,1.0,1.0,0.10789991915225983,0.28679633140563965,0.3691704273223877,0.3691704273223877,250.70526123046875,458.62744140625,0,0.0,0.0,0.0,0,0.0,0.0,0.0,0.0,0.0,0.0,0.0,0.0,0.0,6.54012714797615,6.878345603200287,2.8288629055023193,17.571420669555664,0.3257346833200423,0.904074868373198,1.0,1.0,canonical,unweighted-eps,1.0,2e-05,0.0003309750919646873,14833,0.0001977075224163772,0.0011101642505880521,0.0003309750919646873,0.005477225575051662,15028,0.0025056718427480646,0.014117981872645534,0.005477225575051662,0.09064126192070304,14954,0.028274636461053347,0.16584411234369056,0.09064126192070304,1.5000000000000002,15089,0.06886366143821683,0.6001722407361545
287,cotrain,0.08619724947991025,0.01858045566134537,0.04134566052697408,0.04134566052697408,1.2847282589510414,1.2479310440711486,0.42470885386579055,0.29047267973168284,0.6229279080771992,-1.236299160708729,0.19642642624357826,0.19625550010201767,0.024969306324696183,0.024969306324696183,0.025140232410536617,0.0,0.06837045254074356,0.29588495360480416,0.03967510466264863,0.0,0.5822511599359349,0.7386448429539226,0.0,1.0,1.0,0.1,1.0,0.0008,0.0,9.450195724424146e-05,0.00015071555879388597,0.17844775328651452,0.17844775328651452,0.0,0.0,0.0,0.0,1.0,1.0,0.1074211597442627,0.27599507570266724,0.37305229902267456,0.37305229902267456,250.75865173339844,458.6914978027344,0,0.0,0.0,0.0,0,0.0,0.0,0.0,0.0,0.0,0.0,0.0,0.0,0.0,6.539989860648783,6.880424785620804,2.8288629055023193,17.571420669555664,0.32683077665152144,0.9034906171072293,1.0,1.0,canonical,unweighted-eps,1.0,2e-05,0.0003309750919646873,15047,0.00019835146203017685,0.0011136478533944933,0.0003309750919646873,0.005477225575051662,15001,0.00246672799456764,0.013898250963455693,0.005477225575051662,0.09064126192070304,14911,0.028310429491464957,0.16609574982389408,0.09064126192070304,1.5000000000000002,14945,0.0691626987955011,0.6058608932852466
288,cotrain,0.08575387405725117,0.018559198221589766,0.04027671137681374,0.04027671137681374,1.2678764217037144,1.2302414265453305,0.4234987788984918,0.28744682491335094,0.6213411691351833,-1.246765570508109,0.19576342368864605,0.19559042677920088,0.024999109462986134,0.024999109462986134,0.025172106591331907,0.0,0.06919886007045324,0.29265210404992104,0.03962765795648353,0.0,0.5813111879377284,0.7407234301034393,0.0,1.0,1.0,0.1,1.0,0.0008,0.0,9.297747753538016e-05,0.0001482745582179738,0.17136615100834104,0.17136615100834104,0.0,0.0,0.0,0.0,1.0,1.0,0.1063697412610054,0.2905854284763336,0.38142797350883484,0.38142797350883484,250.80477905273438,458.7562255859375,0,0.0,0.0,0.0,0,0.0,0.0,0.0,0.0,0.0,0.0,0.0,0.0,0.0,6.5380213097629385,6.873572884783212,2.8288629055023193,17.571420669555664,0.3244692247522388,0.9047478907161943,1.0,1.0,canonical,unweighted-eps,1.0,2e-05,0.0003309750919646873,14998,0.0001936508724206403,0.001087222532220786,0.0003309750919646873,0.005477225575051662,14974,0.002549397549041524,0.01436452645098429,0.005477225575051662,0.09064126192070304,14923,0.028594707740517075,0.16774484277738128,0.09064126192070304,1.5000000000000002,15009,0.06860875311361035,0.5984404078647578
289,cotrain,0.08583003136082593,0.018561965101358727,0.04024556482162995,0.04024556482162995,1.2673785712813987,1.228983987855096,0.4234723615595418,0.2869452245724507,0.6211882520180482,-1.2485619082919552,0.19619974535372522,0.19602644761912844,0.025037541611390747,0.025037541611390747,0.02521083956090813,0.0,0.06931917618514381,0.29241973110753244,0.03965555339987971,0.0,0.5800344942726641,0.7468798932197511,0.0,1.0,1.0,0.1,1.0,0.0008,0.0,9.146271455770181e-05,0.00014584911609539865,0.19214233748105347,0.19214233748105347,0.0,0.0,0.0,0.0,1.0,1.0,0.10630310326814651,0.2730639576911926,0.4383178949356079,0.4383178949356079,250.8519744873047,458.8199462890625,0,0.0,0.0,0.0,0,0.0,0.0,0.0,0.0,0.0,0.0,0.0,0.0,0.0,6.536454614411053,6.872833509327039,2.8288629055023193,17.571420669555664,0.3249189050079992,0.9045089178472239,1.0,1.0,canonical,unweighted-eps,1.0,2e-05,0.0003309750919646873,14981,0.0002007676654741915,0.001127337471921862,0.0003309750919646873,0.005477225575051662,15020,0.002550420870436492,0.014370216178235296,0.005477225575051662,0.09064126192070304,14900,0.028565877744015433,0.16757498053096284,0.09064126192070304,1.5000000000000002,15003,0.06884638326991076,0.6007579698456468
290,cotrain,0.08583788362005328,0.018498861603040852,0.04039384914227785,0.04039384914227785,1.2697285370331175,1.2313422007947905,0.4238968247659186,0.2865882766807181,0.6214505653096061,-1.2498419335764697,0.19733315187259617,0.19715931594499156,0.025209718049527742,0.025209718049527742,0.025383554215933014,0.0,0.0695344707968398,0.2962097285522355,0.039561341110712446,0.0,0.5801035839523005,0.744164020449926,0.0,1.0,1.0,0.1,1.0,0.0008,0.0,8.995776174892207e-05,0.00014343938203885553,0.18006601232366684,0.18006601232366684,0.0,0.0,0.0,0.0,1.0,1.0,0.10714332014322281,0.27498894929885864,0.3908020853996277,0.3908020853996277,250.8988037109375,458.878662109375,0,0.0,0.0,0.0,0,0.0,0.0,0.0,0.0,0.0,0.0,0.0,0.0,0.0,6.545046399801206,6.884231543522484,2.8288629055023193,17.571420669555664,0.3260858941346038,0.9038877937558887,1.0,1.0,canonical,unweighted-eps,1.0,2e-05,0.0003309750919646873,14893,0.0001981161563051705,0.0011125201958344252,0.0003309750919646873,0.005477225575051662,14832,0.0025467556469773367,0.014349589684923876,0.005477225575051662,0.09064126192070304,15064,0.028589964047493734,0.1677459598189013,0.09064126192070304,1.5000000000000002,15115,0.06872376505996548,0.5990277625060894
291,cotrain,0.0857240236722506,0.01855687006838365,0.04022983967875823,0.04022983967875823,1.2671166531811267,1.2278326905181265,0.42286454001043594,0.2856205978199967,0.6204708246593802,-1.25314657886823,0.19653820937387964,0.19636508513592246,0.025089736407001812,0.025089736407001812,0.025262860473818503,0.0,0.06924964329148205,0.29345443558234435,0.039502243797939554,0.0,0.5776992020571333,0.7469885433858865,0.0,1.0,1.0,0.1,1.0,0.0008,0.0,8.846271194161911e-05,0.00014104550469209187,0.17866530743801695,0.17866530743801695,0.0,0.0,0.0,0.0,1.0,1.0,0.1061481311917305,0.2877841591835022,0.5078122019767761,0.5078122019767761,250.94456481933594,458.9409484863281,0,0.0,0.0,0.0,0,0.0,0.0,0.0,0.0,0.0,0.0,0.0,0.0,0.0,6.532023915877709,6.867632036364969,2.8288629055023193,17.571420669555664,0.3246499108565002,0.9046518935877623,1.0,1.0,canonical,unweighted-eps,1.0,2e-05,0.0003309750919646873,15011,0.0001970872763936679,0.001106744766509332,0.0003309750919646873,0.005477225575051662,15064,0.0025411301885498562,0.014317727036896818,0.005477225575051662,0.09064126192070304,14891,0.028711672048493155,0.1684311903809518,0.09064126192070304,1.5000000000000002,14938,0.06923229366536919,0.6040065347597707
292,cotrain,0.08550349589532767,0.018489680121628903,0.04032833375928239,0.04032833375928239,1.2686551528031922,1.2292215676389189,0.421359892648,0.28333177920590097,0.6190355911723568,-1.2612210517255669,0.19496920144456065,0.19479719024056044,0.024859667114881624,0.024859667114881624,0.025031678390522033,0.0,0.0688045046523086,0.2924001450594674,0.039469722379795,0.0,0.5787637893460754,0.7476517757575991,0.0,1.0,1.0,0.1,1.0,0.0008,0.0,8.697765735750735e-05,0.00013866763172073855,0.18237827339360857,0.18237827339360857,0.0,0.0,0.0,0.0,1.0,1.0,0.10765548795461655,0.26823699474334717,0.3360713720321655,0.3360713720321655,250.99208068847656,458.9970397949219,0,0.0,0.0,0.0,0,0.0,0.0,0.0,0.0,0.0,0.0,0.0,0.0,0.0,6.535350238156115,6.873363591188531,2.8288629055023193,17.571420669555664,0.3257553992491049,0.9040638373520103,1.0,1.0,canonical,unweighted-eps,1.0,2e-05,0.0003309750919646873,15071,0.00019993808078900633,0.0011224829929276869,0.0003309750919646873,0.005477225575051662,15034,0.0025611814508927984,0.01443066101363163,0.005477225575051662,0.09064126192070304,14977,0.028753550144017773,0.16870095676180916,0.09064126192070304,1.5000000000000002,14822,0.0686164829689487,0.6010409619479732
293,cotrain,0.08572677742594327,0.018478655833432563,0.04024652222919668,0.04024652222919668,1.2673892538494302,1.2274566201063304,0.42342879260197663,0.28646836563562733,0.6210255843197179,-1.2501711478600135,0.19726967746312293,0.19709712040857372,0.02521697848907903,0.02521697848907903,0.025389535396367822,0.0,0.06902276855917314,0.29168259180509126,0.039514537064883955,0.0,0.57816543449194,0.7439354788483075,0.0,1.0,1.0,0.1,1.0,0.0008,0.0,8.55026896017488e-05,0.0001363059098032013,0.17463196931868538,0.17463196931868538,0.0,0.0,0.0,0.0,1.0,1.0,0.10640610754489899,0.30612295866012573,0.3872703015804291,0.3872703015804291,251.0366668701172,459.0428771972656,0,0.0,0.0,0.0,0,0.0,0.0,0.0,0.0,0.0,0.0,0.0,0.0,0.0,6.54652346097506,6.884122795825343,2.8288629055023193,17.571420669555664,0.32526588683494556,0.9043243820482051,1.0,1.0,canonical,unweighted-eps,1.0,2e-05,0.0003309750919646873,14812,0.00019583974889716746,0.0010997768424354773,0.0003309750919646873,0.005477225575051662,14900,0.0025337018305123253,0.01427595190653865,0.005477225575051662,0.09064126192070304,14988,0.028351605755744504,0.16630049230004426,0.09064126192070304,1.5000000000000002,15204,0.06873264123941214,0.59756594085593
294,cotrain,0.08521274211378689,0.018339409668030392,0.040755941858913146,0.040755941858913146,1.2754436113480263,1.234910987635963,0.4235275423424876,0.28675576624197835,0.6213279746027074,-1.2491724180360126,0.19372620541825253,0.1935561999487571,0.024809593812395364,0.024809593812395364,0.024979598879909668,0.0,0.06800203393890053,0.2915069164119215,0.039284957584757835,0.0,0.575305284279534,0.7526854673305001,0.0,1.0,1.0,0.1,1.0,0.0008,0.0,8.403789965730232e-05,0.00013396048462161267,0.17673445578951102,0.17673445578951102,0.0,0.0,0.0,0.0,1.0,1.0,0.10874979197978973,0.27336180210113525,0.41227051615715027,0.41227051615715027,251.07882690429688,459.0919189453125,0,0.0,0.0,0.0,0,0.0,0.0,0.0,0.0,0.0,0.0,0.0,0.0,0.0,6.5184750781100025,6.8474473474956685,2.8288629055023193,17.571420669555664,0.3216866988838694,0.9062220307335134,1.0,1.0,canonical,unweighted-eps,1.0,2e-05,0.0003309750919646873,15113,0.0001964535822419301,0.0011030113593080094,0.0003309750919646873,0.005477225575051662,15036,0.0025198321054157153,0.014197856005470497,0.005477225575051662,0.09064126192070304,14912,0.02860068080171367,0.1677635655510579,0.09064126192070304,1.5000000000000002,14843,0.06864133635629326,0.5971132205967504
295,cotrain,0.08641877350134727,0.01856957407047351,0.04116971672982232,0.04116971672982232,1.2819319611510556,1.2423473117697952,0.42372753114527106,0.2862522798853043,0.6209826167577353,-1.250966968954119,0.19934368041208667,0.19917123898481712,0.025316415883950952,0.025316415883950952,0.02548885680973912,0.0,0.06897637525048012,0.2970610324643616,0.03962560503496828,0.0,0.5761136853287363,0.7528599907254052,0.0,1.0,1.0,0.1,1.0,0.0008,0.0,8.258337787931144e-05,0.0001316315008528457,0.17591423017538002,0.17591423017538002,0.0,0.0,0.0,0.0,1.0,1.0,0.10720140486955643,0.27184781432151794,0.35903358459472656,0.35903358459472656,251.12168884277344,459.140625,0,0.0,0.0,0.0,0,0.0,0.0,0.0,0.0,0.0,0.0,0.0,0.0,0.0,6.5504571117906485,6.8890825295138045,2.8288629055023193,17.571420669555664,0.3256719583548629,0.9041082661415378,1.0,1.0,canonical,unweighted-eps,1.0,2e-05,0.0003309750919646873,14930,0.00019477133136067967,0.0010935037638255996,0.0003309750919646873,0.005477225575051662,14918,0.00254087400264196,0.014316359115583453,0.005477225575051662,0.09064126192070304,14897,0.028288913625770427,0.16593483579937401,0.09064126192070304,1.5000000000000002,15159,0.06955088973949701,0.6088347016951129
296,cotrain,0.08550795092860349,0.01838926087794268,0.04091223940635339,0.04091223940635339,1.2778991053899038,1.2395822156188834,0.4246497137042192,0.2871043694197622,0.6216929514183958,-1.2479395866394043,0.1957487785217599,0.19557780852047807,0.024989946235894647,0.024989946235894647,0.02516091622921646,0.0,0.068388008671757,0.2944898928523573,0.03926709432823536,0.0,0.5757184845005345,0.7572433337744358,0.0,1.0,1.0,0.1,1.0,0.0008,0.0,8.113921398953094e-05,0.00012931910215958992,0.17331448912174782,0.17331448912174782,0.0,0.0,0.0,0.0,1.0,1.0,0.10852881520986557,0.29457351565361023,0.35405707359313965,0.35405707359313965,251.169677734375,459.1963195800781,0,0.0,0.0,0.0,0,0.0,0.0,0.0,0.0,0.0,0.0,0.0,0.0,0.0,6.534731314732478,6.870025420183579,2.8288629055023193,17.571420669555664,0.32442528297419015,0.9047712316424711,1.0,1.0,canonical,unweighted-eps,1.0,2e-05,0.0003309750919646873,15028,0.00019650425225752115,0.001103388125115065,0.0003309750919646873,0.005477225575051662,14955,0.0025358122613110376,0.014288122925579808,0.005477225575051662,0.09064126192070304,15013,0.028581774839036494,0.1676988412067716,0.09064126192070304,1.5000000000000002,14908,0.06889075780477798,0.6015541801063695
297,cotrain,0.08546559460079059,0.01842107926097372,0.04060249334662898,0.04060249334662898,1.2730083427520669,1.2343108524114659,0.4236098629159805,0.2851869297078532,0.6207818391486111,-1.2546412078743308,0.19439607970098144,0.19422579957888678,0.02478913248429059,0.02478913248429059,0.02495941251086501,0.0,0.06811200295630683,0.2918500533470741,0.03944948540889045,0.0,0.5741762299822946,0.756837903848316,0.0,1.0,1.0,0.1,1.0,0.0008,0.0,7.970549707079208e-05,0.000127023431181489,0.1793578460207607,0.1793578460207607,0.0,0.0,0.0,0.0,1.0,1.0,0.10929122567176819,0.283608615398407,0.38594678044319153,0.38594678044319153,251.2079315185547,459.2425842285156,0,0.0,0.0,0.0,0,0.0,0.0,0.0,0.0,0.0,0.0,0.0,0.0,0.0,6.534771545320495,6.874806022723342,2.8288629055023193,17.571420669555664,0.32676731991486946,0.9035244743884417,1.0,1.0,canonical,unweighted-eps,1.0,2e-05,0.0003309750919646873,14939,0.0001942705925918362,0.0010908809146687435,0.0003309750919646873,0.005477225575051662,15118,0.002534036958652493,0.014278022142898186,0.005477225575051662,0.09064126192070304,15079,0.028623850659544915,0.16793892577896305,0.09064126192070304,1.5000000000000002,14768,0.06853584594064002,0.6006500157219875
298,cotrain,0.08528728821338752,0.018369569757587124,0.04089345246489741,0.04089345246489741,1.2775730103897343,1.239432069226208,0.4225929078892765,0.2835133369916525,0.6196717470884323,-1.2605839397153284,0.19486761608949074,0.1946960212264815,0.02488866039655275,0.02488866039655275,0.025060255538162768,0.0,0.06863805365899944,0.2966026814065428,0.03914636097307134,0.0,0.5749602463637662,0.755404748253397,0.0,1.0,1.0,0.1,1.0,0.0008,0.0,7.828231556150784e-05,0.0001247446295263425,0.17379765782473433,0.17379765782473433,0.0,0.0,0.0,0.0,1.0,1.0,0.11172100156545639,0.2839086055755615,0.35197484493255615,0.35197484493255615,251.25128173828125,459.2864074707031,0,0.0,0.0,0.0,0,0.0,0.0,0.0,0.0,0.0,0.0,0.0,0.0,0.0,6.5247665368593655,6.857709625846709,2.8288629055023193,17.571420669555664,0.32351041347636944,0.905256745475438,1.0,1.0,canonical,unweighted-eps,1.0,2e-05,0.0003309750919646873,15051,0.00019541564974833621,0.001097150858432009,0.0003309750919646873,0.005477225575051662,15069,0.0025559955392925556,0.014401652322838212,0.005477225575051662,0.09064126192070304,14960,0.0284173927284817,0.1666903914933536,0.09064126192070304,1.5000000000000002,14824,0.0691006892334109,0.6027961753216294
299,cotrain,0.08576719193822807,0.018493696903953187,0.040841299371841625,0.040841299371841625,1.2767663145708246,1.239060812526279,0.4242754557575935,0.28502032651096326,0.6209054828709007,-1.2552525424040282,0.19628731664429364,0.1961169232033257,0.02496996981641039,0.02496996981641039,0.025140362950917493,0.0,0.06815727278749403,0.29488779317874175,0.03940911054547526,0.0,0.5734018857917215,0.7578511011536018,0.0,1.0,1.0,0.1,1.0,0.0008,0.0,7.68697572502175e-05,0.0001224828377613706,0.1756919037678048,0.1756919037678048,0.0,0.0,0.0,0.0,1.0,1.0,0.10893163084983826,0.2904391288757324,0.3486407399177551,0.3486407399177551,251.2904052734375,459.3320007324219,0,0.0,0.0,0.0,0,0.0,0.0,0.0,0.0,0.0,0.0,0.0,0.0,0.0,6.553802659368922,6.900885140868206,2.8288629055023193,17.571420669555664,0.32973101473685024,0.9019389090119108,1.0,1.0,canonical,unweighted-eps,1.0,2e-05,0.0003309750919646873,15024,0.00019220731923350702,0.0010791255362754383,0.0003309750919646873,0.005477225575051662,14949,0.002523906606575527,0.014220520878916273,0.005477225575051662,0.09064126192070304,14930,0.02868975516501003,0.16832276203451904,0.09064126192070304,1.5000000000000002,15001,0.06845179826972818,0.600382242939582
300,cotrain,0.0855711261049295,0.01846266632231,0.040694346452434346,0.040694346452434346,1.2744406712877794,1.2361680103672876,0.4230292026813214,0.2836207748733015,0.6199232068581458,-1.260193565971831,0.1954642539191195,0.1952942656751117,0.024859751319974407,0.024859751319974407,0.02502973951622207,0.0,0.0679952681908368,0.29219795228579104,0.039355458285755075,0.0,0.5730648126739722,0.7606355302218889,0.0,1.0,1.0,0.1,1.0,0.0008,0.0,7.546790927017142e-05,0.0001202381954045433,0.16907460051469314,0.16907460051469314,0.0,0.0,0.0,0.0,1.0,1.0,0.1101662889122963,0.2787058651447296,0.3764147162437439,0.3764147162437439,251.32974243164062,459.3782043457031,0,0.0,0.0,0.0,0,0.0,0.0,0.0,0.0,0.0,0.0,0.0,0.0,0.0,6.548750559488933,6.889829156601682,2.8288629055023193,17.571420669555664,0.3269229968490097,0.9034414059141475,1.0,1.0,canonical,unweighted-eps,1.0,2e-05,0.0003309750919646873,15095,0.0001900446411183967,0.0010671696921489065,0.0003309750919646873,0.005477225575051662,14947,0.0025341098849858104,0.01427810928502864,0.005477225575051662,0.09064126192070304,14948,0.028525681408101747,0.16728963048374523,0.09064126192070304,1.5000000000000002,14914,0.06852960883891661,0.601363715112601
301,cotrain,0.0856081486448773,0.01841095502042554,0.041209934231562495,0.041209934231562495,1.2825758772309581,1.2445657966483352,0.42466099986917955,0.28730849660614616,0.6219395081966351,-1.247262348476638,0.19520020588404602,0.19503125277721983,0.024914122942803252,0.024914122942803252,0.025083076232709944,0.0,0.06758131155282514,0.2942706185082595,0.03929753727319404,0.0,0.5711408579706126,0.7645135123569232,0.0,1.0,1.0,0.1,1.0,0.0008,0.0,7.407685809395632e-05,0.00011801084091597444,0.17188451198749563,0.17188451198749563,0.0,0.0,0.0,0.0,1.0,1.0,0.11058112978935242,0.2684973478317261,0.4132491946220398,0.4132491946220398,251.36978149414062,459.4221496582031,0,0.0,0.0,0.0,0,0.0,0.0,0.0,0.0,0.0,0.0,0.0,0.0,0.0,6.52977388129275,6.864024841071932,2.8288629055023193,17.571420669555664,0.32403362042370715,0.9049791878458968,1.0,1.0,canonical,unweighted-eps,1.0,2e-05,0.0003309750919646873,15004,0.00019226554051919047,0.0010795677789608357,0.0003309750919646873,0.005477225575051662,14845,0.0025273250111649435,0.014240285123827964,0.005477225575051662,0.09064126192070304,15156,0.028243196115987097,0.16569342989819633,0.09064126192070304,1.5000000000000002,14899,0.06872936773399385,0.6003293988528496
302,cotrain,0.08575810963272029,0.018512193648876924,0.0404203659019027,0.0404203659019027,1.2701002932580354,1.2316372425128252,0.4217969506469547,0.28215554019070077,0.6188532291059821,-1.265360848007039,0.1962731445892754,0.19610235324272743,0.025033313773063004,0.025033313773063004,0.025204104988270592,0.0,0.0683165040010443,0.29275833035254073,0.0394945649875917,0.0,0.5693323881580279,0.7688438098909508,0.0,1.0,1.0,0.1,1.0,0.0008,0.0,7.269668952816118e-05,0.00011580091168938061,0.17419255612433976,0.17419255612433976,0.0,0.0,0.0,0.0,1.0,1.0,0.10687477141618729,0.28624969720840454,0.37889790534973145,0.37889790534973145,251.401611328125,459.4661865234375,0,0.0,0.0,0.0,0,0.0,0.0,0.0,0.0,0.0,0.0,0.0,0.0,0.0,6.5394077647445545,6.879506499271915,2.8288629055023193,17.571420669555664,0.32668017412632067,0.9035709643608698,1.0,1.0,canonical,unweighted-eps,1.0,2e-05,0.0003309750919646873,15149,0.00019401525708487289,0.0010891200881014878,0.0003309750919646873,0.005477225575051662,14829,0.0025718951324863004,0.014491407054611657,0.005477225575051662,0.09064126192070304,14960,0.028726161924753597,0.16848306616041112,0.09064126192070304,1.5000000000000002,14966,0.06874077710878494,0.601056834425691
303,cotrain,0.08533993755013515,0.01834038904724786,0.04103499565782965,0.04103499565782965,1.2798223900854455,1.2412274507885306,0.42459608111371344,0.28619968400806445,0.6215134643846087,-1.2511118739588647,0.19465260175812957,0.1944835655964338,0.024814375194633365,0.024814375194633365,0.024983411356329154,0.0,0.06761445785657717,0.2935816181712171,0.03918607068112773,0.0,0.5703664178776945,0.7662509704032578,0.0,1.0,1.0,0.1,1.0,0.0008,0.0,7.132748870808434e-05,0.00011360854404360625,0.1725739560320846,0.1725739560320846,0.0,0.0,0.0,0.0,1.0,1.0,0.10510390996932983,0.27410197257995605,0.350388765335083,0.350388765335083,251.43690490722656,459.5082702636719,0,0.0,0.0,0.0,0,0.0,0.0,0.0,0.0,0.0,0.0,0.0,0.0,0.0,6.545542994116107,6.88950514508601,2.8288629055023193,17.571420669555664,0.32841974660300943,0.9026415109117691,1.0,1.0,canonical,unweighted-eps,1.0,2e-05,0.0003309750919646873,14831,0.00019447649850754147,0.001091836594428467,0.0003309750919646873,0.005477225575051662,15074,0.0025586451004552513,0.014416752180710575,0.005477225575051662,0.09064126192070304,15018,0.02826195467699541,0.1657597392198169,0.09064126192070304,1.5000000000000002,14981,0.0681255589450729,0.5959183374191904
304,cotrain,0.08539031137131219,0.018326387161580034,0.041108914038054965,0.041108914038054965,1.2809640928423212,1.2422521771528783,0.42384445234241647,0.2842495668138194,0.6205521381308889,-1.2579464983736348,0.19575109164047444,0.1955809434955446,0.02495725778862834,0.02495725778862834,0.025127405969378274,0.0,0.06805928232960212,0.29427629276218575,0.03909763561673144,0.0,0.568305864611752,0.7692594306272829,0.0,1.0,1.0,0.1,1.0,0.0008,0.0,6.996934009248184e-05,0.00011143387321421467,0.17502582267436206,0.17502582267436206,0.0,0.0,0.0,0.0,1.0,1.0,0.10495012998580933,0.27525603771209717,0.364848256111145,0.364848256111145,251.47201538085938,459.541015625,0,0.0,0.0,0.0,0,0.0,0.0,0.0,0.0,0.0,0.0,0.0,0.0,0.0,6.538840076862237,6.876712439973208,2.8288629055023193,17.571420669555664,0.32559662966031755,0.9041483694974252,1.0,1.0,canonical,unweighted-eps,1.0,2e-05,0.0003309750919646873,15026,0.0001932253931904018,0.001084977208228744,0.0003309750919646873,0.005477225575051662,15041,0.0025503445476378764,0.014369548640149077,0.005477225575051662,0.09064126192070304,14849,0.02859959179515814,0.16778731114921028,0.09064126192070304,1.5000000000000002,14988,0.06866166919016475,0.5999580851738886
305,cotrain,0.08546219083170097,0.018389892724589404,0.040946206818215355,0.040946206818215355,1.278409373448764,1.239279653526779,0.42479144367906785,0.28410077024983543,0.6209614572362003,-1.258475506152862,0.19539549513759777,0.19522602556862384,0.024890754972863145,0.024890754972863145,0.025060224442336805,0.0,0.06778778979538852,0.29138533790142107,0.03919017049842156,0.0,0.5676698646484277,0.7748957619978449,0.0,1.0,1.0,0.1,1.0,0.0008,0.0,6.862232745835779e-05,0.0001092770333451463,0.16904910690445676,0.16904910690445676,0.0,0.0,0.0,0.0,1.0,1.0,0.10676553845405579,0.28208550810813904,0.33773094415664673,0.33773094415664673,251.5058135986328,459.5919494628906,0,0.0,0.0,0.0,0,0.0,0.0,0.0,0.0,0.0,0.0,0.0,0.0,0.0,6.537434973268428,6.875353917732004,2.8288629055023193,17.571420669555664,0.3256555113271436,0.904117022668826,1.0,1.0,canonical,unweighted-eps,1.0,2e-05,0.0003309750919646873,14929,0.0001918350117314392,0.001077111027907747,0.0003309750919646873,0.005477225575051662,15062,0.0025385823288776375,0.014303556273791153,0.005477225575051662,0.09064126192070304,15019,0.02849128128995082,0.16711609158299084,0.09064126192070304,1.5000000000000002,14894,0.06862126990134274,0.6011402524684569
306,cotrain,0.08524593193497923,0.018428350201784037,0.040112492254274525,0.040112492254274525,1.265220924760315,1.2257042710597699,0.42297131408992994,0.28189942221610975,0.6193659463499346,-1.2662553323639765,0.19500624171943745,0.19483605039934826,0.024863279420627743,0.024863279420627743,0.02503347086409728,0.0,0.06807657062179512,0.28820086038138115,0.03921261912164015,0.0,0.5652293383311002,0.7809926136197824,0.0,1.0,1.0,0.1,1.0,0.0008,0.0,6.728653389579634e-05,0.0001071381574804437,0.16596929686000714,0.16596929686000714,0.0,0.0,0.0,0.0,1.0,1.0,0.11144684255123138,0.27307480573654175,0.35745763778686523,0.35745763778686523,251.53915405273438,459.6311340332031,0,0.0,0.0,0.0,0,0.0,0.0,0.0,0.0,0.0,0.0,0.0,0.0,0.0,6.538957729298844,6.877184223745908,2.8288629055023193,17.571420669555664,0.3257685124056128,0.9040568545063166,1.0,1.0,canonical,unweighted-eps,1.0,2e-05,0.0003309750919646873,14961,0.00019499815597517187,0.0010949404300530082,0.0003309750919646873,0.005477225575051662,15024,0.002536089007551281,0.014289311180932643,0.005477225575051662,0.09064126192070304,14943,0.028348295676104317,0.16626574955957926,0.09064126192070304,1.5000000000000002,14976,0.06842826758153163,0.598015871631284
307,cotrain,0.08582839946079458,0.018506215184799626,0.0403166754075732,0.0403166754075732,1.268463216906526,1.229010571526666,0.42296363139509136,0.2824978279507058,0.61954291878093,-1.2641185789536207,0.19765790860749718,0.19748753156417456,0.02513187334864822,0.02513187334864822,0.0253022503760508,0.0,0.0681508127759155,0.2909310009553392,0.03943500894671067,0.0,0.5667292581409471,0.776652356930093,0.0,1.0,1.0,0.1,1.0,0.0008,0.0,6.596204180283678e-05,0.00010501737755604551,0.16367577635643318,0.16367577635643318,0.0,0.0,0.0,0.0,1.0,1.0,0.10654064267873764,0.2842952609062195,0.3161913752555847,0.3161913752555847,251.56922912597656,459.6658020019531,0,0.0,0.0,0.0,0,0.0,0.0,0.0,0.0,0.0,0.0,0.0,0.0,0.0,6.553842975543096,6.897846027785948,2.8288629055023193,17.571420669555664,0.3282264119041893,0.9027449587901368,1.0,1.0,canonical,unweighted-eps,1.0,2e-05,0.0003309750919646873,14966,0.0001871155149394356,0.001050737028070054,0.0003309750919646873,0.005477225575051662,14865,0.0025245986798677305,0.014224558228641257,0.005477225575051662,0.09064126192070304,14924,0.028529680943846926,0.16733474921234426,0.09064126192070304,1.5000000000000002,15149,0.0686114098075294,0.6010836315387955
308,cotrain,0.08529405079336248,0.018375400250825364,0.04048783489717887,0.04048783489717887,1.2711565024504043,1.2319405412572062,0.4220438256350338,0.2806046447183332,0.6186538771686391,-1.2708606320059197,0.1950934503195632,0.19492432768018836,0.02488415701012326,0.02488415701012326,0.02505327962163804,0.0,0.06764903053259239,0.2902693791776641,0.03920414930798559,0.0,0.5656726909880965,0.7757703345507766,0.0,1.0,1.0,0.1,1.0,0.0008,0.0,6.46489328803902e-05,0.00010291482439164708,0.16321207395094073,0.16321207395094073,0.0,0.0,0.0,0.0,1.0,1.0,0.10525727272033691,0.26717036962509155,0.35684734582901,0.35684734582901,251.59861755371094,459.69488525390625,0,0.0,0.0,0.0,0,0.0,0.0,0.0,0.0,0.0,0.0,0.0,0.0,0.0,6.541719835028689,6.881227880411985,2.8288629055023193,17.571420669555664,0.32633003229871926,0.9037576789402473,1.0,1.0,canonical,unweighted-eps,1.0,2e-05,0.0003309750919646873,15090,0.00018942722647387295,0.0010637339248986651,0.0003309750919646873,0.005477225575051662,14947,0.0025500337955081886,0.014367930159932787,0.005477225575051662,0.09064126192070304,14941,0.028486333169593092,0.16707637076891377,0.09064126192070304,1.5000000000000002,14926,0.06860997098453496,0.5996013463989078
309,cotrain,0.0852922993656407,0.01840228853054727,0.04046193066920735,0.04046193066920735,1.270763617888708,1.2311573869142778,0.4233740634388394,0.28287311025664336,0.6198162430117273,-1.2627858481346033,0.19508191506959435,0.19491321860979766,0.02491740806776489,0.02491740806776489,0.025086104814122375,0.0,0.06747868477215624,0.29017903273686385,0.03917052395418923,0.0,0.5646422426415305,0.77931703073092,0.0,1.0,1.0,0.1,1.0,0.0008,0.0,6.334728812720026e-05,0.0001008306276826315,0.17033262624063045,0.17033262624063045,0.0,0.0,0.0,0.0,1.0,1.0,0.11012555658817291,0.2543370723724365,0.3740101754665375,0.3740101754665375,251.6269073486328,459.7276611328125,0,0.0,0.0,0.0,0,0.0,0.0,0.0,0.0,0.0,0.0,0.0,0.0,0.0,6.536779847919432,6.876435674879055,2.8288629055023193,17.571420669555664,0.3265292776493016,0.903651445622365,1.0,1.0,canonical,unweighted-eps,1.0,2e-05,0.0003309750919646873,14845,0.00018796732913641244,0.0010553136951004306,0.0003309750919646873,0.005477225575051662,14987,0.002550817343746358,0.014372528385804224,0.005477225575051662,0.09064126192070304,15184,0.02855118353889413,0.16748325000698625,0.09064126192070304,1.5000000000000002,14888,0.06838472364475368,0.5979277662920862
310,cotrain,0.08506583701023179,0.018410389610112477,0.040415986584356196,0.040415986584356196,1.2700520512478628,1.2304393083621294,0.42500403676277554,0.28423892891305125,0.6210798059518521,-1.2579872096196199,0.1935445794310325,0.19337744200522575,0.024746726887921493,0.024746726887921493,0.024913864182387918,0.0,0.06685491171307288,0.28700389502904355,0.03909252270753694,0.0,0.5654412811128502,0.7790188285100281,0.0,1.0,1.0,0.1,1.0,0.0008,0.0,6.205718783484663e-05,9.876491599206928e-05,0.16192205976217222,0.16192205976217222,0.0,0.0,0.0,0.0,1.0,1.0,0.1111261174082756,0.29284942150115967,0.3786883056163788,0.3786883056163788,251.65542602539062,459.7658996582031,0,0.0,0.0,0.0,0,0.0,0.0,0.0,0.0,0.0,0.0,0.0,0.0,0.0,6.525267478747246,6.86144187708383,2.8288629055023193,17.571420669555664,0.3251029547530164,0.9044110495809867,1.0,1.0,canonical,unweighted-eps,1.0,2e-05,0.0003309750919646873,14988,0.00018772756250727795,0.0010541365884566565,0.0003309750919646873,0.005477225575051662,15029,0.002488461815545053,0.014020857274219006,0.005477225575051662,0.09064126192070304,15124,0.02860369065299106,0.16784273640121364,0.09064126192070304,1.5000000000000002,14763,0.0683880620780195,0.5973792495681027
311,cotrain,0.08521484948185265,0.01840510068493139,0.04017047352420214,0.04017047352420214,1.2661350417405768,1.226632332190489,0.42321726272248816,0.281564939671602,0.6192579207002608,-1.2674222871279106,0.19518184155607834,0.195013472953668,0.02490860975992221,0.02490860975992221,0.025076978565313112,0.0,0.06734753755104338,0.28828911123494816,0.039149444685596176,0.0,0.5631592539258492,0.7853570494195844,0.0,1.0,1.0,0.1,1.0,0.0008,0.0,6.07787115827922e-05,9.671781674278774e-05,0.16183070491394427,0.16183070491394427,0.0,0.0,0.0,0.0,1.0,1.0,0.10694502294063568,0.28428229689598083,0.3212282359600067,0.3212282359600067,251.68450927734375,459.79205322265625,0,0.0,0.0,0.0,0,0.0,0.0,0.0,0.0,0.0,0.0,0.0,0.0,0.0,6.5290758905247746,6.865906718852008,2.8288629055023193,17.571420669555664,0.32533087185875237,0.9042898074570143,1.0,1.0,canonical,unweighted-eps,1.0,2e-05,0.0003309750919646873,15215,0.0001881975615247129,0.0010567231509605599,0.0003309750919646873,0.005477225575051662,14942,0.0025646667382746573,0.014450448809889422,0.005477225575051662,0.09064126192070304,14853,0.028610557594628702,0.16783228858283078,0.09064126192070304,1.5000000000000002,14894,0.06888599916482205,0.6014017333948518
312,cotrain,0.085095485417634,0.018365681473898072,0.04056948247469134,0.04056948247469134,1.2724604660769867,1.231847535341214,0.42352162199652094,0.2819996302963322,0.6198222494532919,-1.2659056505076907,0.19343107413405028,0.193264087741701,0.024714667935115404,0.024714667935115404,0.02488165384190332,0.0,0.06679434373051438,0.2881863873101707,0.03912524960966956,0.0,0.5639922267988197,0.7837550952129114,0.0,1.0,1.0,0.1,1.0,0.0008,0.0,5.951193823347446e-05,9.468945620951144e-05,0.16331153585870042,0.16331153585870042,0.0,0.0,0.0,0.0,1.0,1.0,0.10415545850992203,0.26393651962280273,0.3438662886619568,0.3438662886619568,251.71038818359375,459.8221740722656,0,0.0,0.0,0.0,0,0.0,0.0,0.0,0.0,0.0,0.0,0.0,0.0,0.0,6.5301510574471235,6.867123802201734,2.8288629055023193,17.571420669555664,0.32537366095527664,0.9042670396455925,1.0,1.0,canonical,unweighted-eps,1.0,2e-05,0.0003309750919646873,14992,0.0001889683390143074,0.0010610819373552149,0.0003309750919646873,0.005477225575051662,15161,0.0025682761789991913,0.01447087350192654,0.005477225575051662,0.09064126192070304,14930,0.028453903707656297,0.16694856386254955,0.09064126192070304,1.5000000000000002,14821,0.06841104043558793,0.5970885377367469
313,cotrain,0.08586241223682196,0.01846336447395002,0.04058939833034817,0.04058939833034817,1.2727688624233724,1.2314418286849291,0.4229787967653356,0.28186603450877035,0.6193539819910995,-1.2663524678120246,0.1977012821306021,0.19753235135959762,0.025143941012648944,0.025143941012648944,0.02531287195877387,0.0,0.06757238167377873,0.29056275826998246,0.03938056108279106,0.0,0.5604118163514341,0.7914485200348064,0.0,1.0,1.0,0.1,1.0,0.0008,0.0,5.825694592744053e-05,9.267995951107233e-05,0.1643481337521066,0.1643481337521066,0.0,0.0,0.0,0.0,1.0,1.0,0.10491599887609482,0.2654079794883728,0.4028705656528473,0.4028705656528473,251.73733520507812,459.8446350097656,0,0.0,0.0,0.0,0,0.0,0.0,0.0,0.0,0.0,0.0,0.0,0.0,0.0,6.556959260223258,6.899448743994422,2.8288629055023193,17.571420669555664,0.32740530228167497,0.9031838959527573,1.0,1.0,canonical,unweighted-eps,1.0,2e-05,0.0003309750919646873,14902,0.00018972699801532425,0.001065253758076301,0.0003309750919646873,0.005477225575051662,14899,0.0025585020875257087,0.014415769087875422,0.005477225575051662,0.09064126192070304,14839,0.02845230621463792,0.16692079992594444,0.09064126192070304,1.5000000000000002,15264,0.0683354587378117,0.5978370827448943
314,cotrain,0.08509844232700829,0.018286922307780538,0.04118314618642768,0.04118314618642768,1.2821144657276693,1.2423211432929733,0.4243013331523308,0.2818535466988881,0.6203488589097292,-1.2664005364108288,0.1939127357979106,0.19374622359999225,0.024797429609247763,0.024797429609247763,0.02496394183900621,0.0,0.06660489277102244,0.2897437109779089,0.038931988346844144,0.0,0.5624649489664624,0.7892440543231419,0.0,1.0,1.0,0.1,1.0,0.0008,0.0,5.7013812078527455e-05,9.068945060269247e-05,0.1567197090540177,0.1567197090540177,0.0,0.0,0.0,0.0,1.0,1.0,0.10487920045852661,0.27387675642967224,0.33230796456336975,0.33230796456336975,251.7682647705078,459.8839111328125,0,0.0,0.0,0.0,0,0.0,0.0,0.0,0.0,0.0,0.0,0.0,0.0,0.0,6.526239221931522,6.861011930179363,2.8288629055023193,17.571420669555664,0.3243827411203717,0.9047938270945787,1.0,1.0,canonical,unweighted-eps,1.0,2e-05,0.0003309750919646873,15112,0.0001857866731820142,0.0010430785387807687,0.0003309750919646873,0.005477225575051662,14920,0.0025439565928887585,0.014333910120516297,0.005477225575051662,0.09064126192070304,14989,0.028375152493264423,0.16645852423022814,0.09064126192070304,1.5000000000000002,14883,0.06849335622524755,0.5967548203501963
315,cotrain,0.08521335439867952,0.0183425395626129,0.04069092350765171,0.04069092350765171,1.2743362680337156,1.2340713296181116,0.42108436317270637,0.27821419776504874,0.6173161077193725,-1.2793934126185555,0.19434721080156472,0.19417942493644536,0.024778391720138043,0.024778391720138043,0.02494617769669773,0.0,0.06711439163479795,0.28990351946817505,0.03910944906150938,0.0,0.5592130923118347,0.794313126663542,0.0,1.0,1.0,0.1,1.0,0.0008,0.0,5.57826133690867e-05,8.871805226833743e-05,0.15970706025886738,0.15970706025886738,0.0,0.0,0.0,0.0,1.0,1.0,0.10835430771112442,0.2618616223335266,0.3873266279697418,0.3873266279697418,251.7960662841797,459.9123840332031,0,0.0,0.0,0.0,0,0.0,0.0,0.0,0.0,0.0,0.0,0.0,0.0,0.0,6.5324296992049256,6.873028295944661,2.8288629055023193,17.571420669555664,0.3271052470423461,0.9033441272232219,1.0,1.0,canonical,unweighted-eps,1.0,2e-05,0.0003309750919646873,14995,0.0001885802423560985,0.0010587539574769228,0.0003309750919646873,0.005477225575051662,15208,0.0025780947103916127,0.01452636512105149,0.005477225575051662,0.09064126192070304,14859,0.028326843891853647,0.1660478349665516,0.09064126192070304,1.5000000000000002,14842,0.06881692329678409,0.601537964186921
316,cotrain,0.08564995444164826,0.018400660544856746,0.04070431733519858,0.04070431733519858,1.2745772633799834,1.2341983641824152,0.4231741676091129,0.28143682814816123,0.619331249441856,-1.2679231773074875,0.19705147340766385,0.19688394471493542,0.025084178508697156,0.025084178508697156,0.02525170711386535,0.0,0.06701143263465065,0.2885176928825358,0.03922379095680439,0.0,0.5586364327205552,0.7970507227761957,0.0,1.0,1.0,0.1,1.0,0.0008,0.0,5.456342574525403e-05,8.676588611314244e-05,0.15899443647099865,0.15899443647099865,0.0,0.0,0.0,0.0,1.0,1.0,0.11078479886054993,0.2792988419532776,0.28602054715156555,0.28602054715156555,251.8192901611328,459.9361267089844,0,0.0,0.0,0.0,0,0.0,0.0,0.0,0.0,0.0,0.0,0.0,0.0,0.0,6.54756555496118,6.887716027118978,2.8288629055023193,17.571420669555664,0.32649690609980403,0.90366870814554,1.0,1.0,canonical,unweighted-eps,1.0,2e-05,0.0003309750919646873,14886,0.00018745012891413894,0.0010524066589271191,0.0003309750919646873,0.005477225575051662,14943,0.002545321743529237,0.014341600453176308,0.005477225575051662,0.09064126192070304,14962,0.02849891578636455,0.1671766079519063,0.09064126192070304,1.5000000000000002,15113,0.06851166043836546,0.5996735759662666
317,cotrain,0.08504518072128806,0.018327228255315214,0.040617338174747095,0.040617338174747095,1.2732151816158552,1.2331360522498431,0.42430149821134716,0.2821379365701961,0.6201739004279814,-1.2653851529471896,0.1940766792012076,0.19391025077456084,0.024785667781232514,0.024785667781232514,0.024952096231759358,0.0,0.06657138228034362,0.2870470031968549,0.03897334901918458,0.0,0.5572224818488472,0.7990936089912032,0.0,1.0,1.0,0.1,1.0,0.0008,0.0,5.335632441226517e-05,8.483307255591178e-05,0.16313929105989444,0.16313929105989444,0.0,0.0,0.0,0.0,1.0,1.0,0.10666508972644806,0.27598729729652405,0.3747749328613281,0.3747749328613281,251.84046936035156,459.9645080566406,0,0.0,0.0,0.0,0,0.0,0.0,0.0,0.0,0.0,0.0,0.0,0.0,0.0,6.530575021719321,6.8682557478765744,2.8288629055023193,17.571420669555664,0.32571305394857886,0.9040863853317875,1.0,1.0,canonical,unweighted-eps,1.0,2e-05,0.0003309750919646873,15025,0.00018737295515426186,0.0010520031280852793,0.0003309750919646873,0.005477225575051662,15071,0.0025009075946580374,0.014090847125865589,0.005477225575051662,0.09064126192070304,14871,0.028595036824961114,0.1678028166330171,0.09064126192070304,1.5000000000000002,14937,0.0682210209794717,0.5953293459605539
318,cotrain,0.08529863399891262,0.018335782666093647,0.04065530856227518,0.04065530856227518,1.273815289714868,1.2330339153607686,0.42441117667999023,0.28263748730095023,0.6202628546290927,-1.263615815812706,0.19547786866115707,0.19531106028673995,0.024923523091989704,0.024923523091989704,0.0250903312713863,0.0,0.06672325590227404,0.28777567969046086,0.0390906822668691,0.0,0.5598400783462402,0.7965559279864542,0.0,1.0,1.0,0.1,1.0,0.0008,0.0,5.2161383829816174e-05,8.291973082168984e-05,0.16162790305530414,0.16162790305530414,0.0,0.0,0.0,0.0,1.0,1.0,0.10383780300617218,0.2784145474433899,0.3532693088054657,0.3532693088054657,251.86441040039062,459.98736572265625,0,0.0,0.0,0.0,0,0.0,0.0,0.0,0.0,0.0,0.0,0.0,0.0,0.0,6.546015911632114,6.887095432523106,2.8288629055023193,17.571420669555664,0.32699346458489703,0.903403796679932,1.0,1.0,canonical,unweighted-eps,1.0,2e-05,0.0003309750919646873,15011,0.00018969560863468657,0.0010651646340273935,0.0003309750919646873,0.005477225575051662,14857,0.002547036157591856,0.01435154733305914,0.005477225575051662,0.09064126192070304,15002,0.028559107034941574,0.1675931022034027,0.09064126192070304,1.5000000000000002,15034,0.06810470715757855,0.5957477651918063
319,cotrain,0.08552167588510574,0.01842317631882098,0.04060282506462601,0.04060282506462601,1.2729680938070207,1.232265228134954,0.42329061566255033,0.2804727705880108,0.6190804351344068,-1.2713386490304246,0.19616573471098375,0.195998127405078,0.025036418543826055,0.025036418543826055,0.025204025766151585,0.0,0.06704289024361433,0.28853130124063575,0.03916744118890701,0.0,0.5564648655489979,0.8035006202821039,0.0,1.0,1.0,0.1,1.0,0.0008,0.0,5.097867770747083e-05,8.10259789344074e-05,0.16061201645459375,0.16061201645459375,0.0,0.0,0.0,0.0,1.0,1.0,0.10158094763755798,0.26384055614471436,0.34057244658470154,0.34057244658470154,251.88514709472656,460.0108947753906,0,0.0,0.0,0.0,0,0.0,0.0,0.0,0.0,0.0,0.0,0.0,0.0,0.0,6.543163736661275,6.8821379573249,2.8288629055023193,17.571420669555664,0.3260300076640494,0.9039175703364645,1.0,1.0,canonical,unweighted-eps,1.0,2e-05,0.0003309750919646873,14825,0.00018582426138775044,0.0010434610876576696,0.0003309750919646873,0.005477225575051662,14999,0.0025082105280550427,0.01413193156110564,0.005477225575051662,0.09064126192070304,15003,0.02846842892589644,0.16697845558782326,0.09064126192070304,1.5000000000000002,15077,0.06846814907663751,0.597496844321606
320,cotrain,0.08540125517572603,0.018314429920994572,0.04087573295443231,0.04087573295443231,1.2773045984756668,1.2363411114256606,0.42606793210292476,0.28428039024783,0.621672361324995,-1.2578399820714934,0.19598785157387072,0.19582157355979976,0.02496954445273448,0.02496954445273448,0.025135822494665526,0.0,0.06651122419115825,0.28802089415426946,0.03906249180117734,0.0,0.5545549023991976,0.8088800815276356,0.0,1.0,1.0,0.1,1.0,0.0008,0.0,4.980827900011385e-05,7.915193370960134e-05,0.1550129062663286,0.1550129062663286,0.0,0.0,0.0,0.0,1.0,1.0,0.10557081550359726,0.26794326305389404,0.32208988070487976,0.32208988070487976,251.90846252441406,460.031494140625,0,0.0,0.0,0.0,0,0.0,0.0,0.0,0.0,0.0,0.0,0.0,0.0,0.0,6.54460339464693,6.8846936584141005,2.8288629055023193,17.571420669555664,0.3265430210943093,0.9036441164447794,1.0,1.0,canonical,unweighted-eps,1.0,2e-05,0.0003309750919646873,14778,0.00018162528090864634,0.001019971033487414,0.0003309750919646873,0.005477225575051662,14899,0.0025101299626118017,0.014143401667994776,0.005477225575051662,0.09064126192070304,15133,0.02817590882771393,0.1652668628107806,0.09064126192070304,1.5000000000000002,15094,0.06819312846848581,0.5965096338609994
321,cotrain,0.08499451554738559,0.018356259349080868,0.04007258544015324,0.04007258544015324,1.2645607529455067,1.2246927654641306,0.4221228354761743,0.2792056200341282,0.6180646870380793,-1.2758346548956683,0.1945800666944084,0.19441288389647618,0.024854090574205432,0.024854090574205432,0.025021273587058242,0.0,0.06687322048804699,0.285850851995568,0.03899299787182329,0.0,0.5543385475364506,0.8057694608787409,0.0,1.0,1.0,0.1,1.0,0.0008,0.0,4.865025990345057e-05,7.729771074720862e-05,0.15781882035936046,0.15781882035936046,0.0,0.0,0.0,0.0,1.0,1.0,0.11243779957294464,0.31162744760513306,0.32970863580703735,0.32970863580703735,251.9253692626953,460.0594177246094,0,0.0,0.0,0.0,0,0.0,0.0,0.0,0.0,0.0,0.0,0.0,0.0,0.0,6.536711714206597,6.873532251925691,2.8288629055023193,17.571420669555664,0.32513093274732174,0.9043961693130708,1.0,1.0,canonical,unweighted-eps,1.0,2e-05,0.0003309750919646873,15013,0.000190883631609747,0.0010720734633810553,0.0003309750919646873,0.005477225575051662,15068,0.0025549974269771375,0.014395930467335148,0.005477225575051662,0.09064126192070304,14819,0.02896328168774803,0.16995813056793407,0.09064126192070304,1.5000000000000002,15004,0.06786777750869269,0.5928077135871678
322,cotrain,0.08534631312976027,0.018360958140120547,0.04056642832568823,0.04056642832568823,1.2724150558118803,1.2335218978233826,0.42470735878261745,0.2828457745858747,0.620472655337081,-1.2628892194002102,0.19642666291095254,0.19626047261632407,0.02509830771292695,0.02509830771292695,0.025264497834424943,0.0,0.06647607578267144,0.2864784164370125,0.03899332598393035,0.0,0.552861267939592,0.8113723353315623,0.0,1.0,1.0,0.1,1.0,0.0008,0.0,4.75046918495536e-05,7.54634244244357e-05,0.154516372224714,0.154516372224714,0.0,0.0,0.0,0.0,1.0,1.0,0.10465362668037415,0.2668517231941223,0.31357935070991516,0.31357935070991516,251.9464569091797,460.0762634277344,0,0.0,0.0,0.0,0,0.0,0.0,0.0,0.0,0.0,0.0,0.0,0.0,0.0,6.5417064071720485,6.878585704945907,2.8288629055023193,17.571420669555664,0.32503273109451325,0.9044483949804032,1.0,1.0,canonical,unweighted-eps,1.0,2e-05,0.0003309750919646873,14858,0.0001835228392255348,0.0010304117430744149,0.0003309750919646873,0.005477225575051662,14855,0.00249362303823664,0.014049872321658807,0.005477225575051662,0.09064126192070304,15087,0.028485489747329413,0.1671344335679546,0.09064126192070304,1.5000000000000002,15104,0.06845596437026763,0.5966107934965925
323,cotrain,0.08473087563856035,0.01824941802332098,0.04026280394476703,0.04026280394476703,1.2675641580460022,1.2283341316585867,0.42119570082833624,0.278057996979636,0.617127388333663,-1.2799895683414915,0.19351829300260442,0.19335199328951347,0.02468972294551567,0.02468972294551567,0.024856022791936994,0.0,0.06651993647504312,0.28574008886248636,0.038853162748372964,0.0,0.5517560351226065,0.8102387586274208,0.0,1.0,1.0,0.1,1.0,0.0008,0.0,4.637164550245663e-05,7.364918788870328e-05,0.1544077980499237,0.1544077980499237,0.0,0.0,0.0,0.0,1.0,1.0,0.10733899474143982,0.27256518602371216,0.33316001296043396,0.33316001296043396,251.96791076660156,460.09912109375,0,0.0,0.0,0.0,0,0.0,0.0,0.0,0.0,0.0,0.0,0.0,0.0,0.0,6.535112503247383,6.871708922363272,2.8288629055023193,17.571420669555664,0.3250607923567621,0.9044334724160233,1.0,1.0,canonical,unweighted-eps,1.0,2e-05,0.0003309750919646873,15012,0.00018897847363466233,0.0010610842386688942,0.0003309750919646873,0.005477225575051662,15089,0.0025654110623738015,0.014454630362726015,0.005477225575051662,0.09064126192070304,14905,0.02835692223067733,0.1662299656060189,0.09064126192070304,1.5000000000000002,14898,0.06811698284992869,0.595440008893463
324,cotrain,0.0854044453933453,0.01839911989453766,0.04037807661339513,0.04037807661339513,1.2694026116902684,1.2298246917561588,0.4224759106580009,0.27942657139566207,0.618186438949699,-1.2751316863756914,0.19632393398728126,0.1961562958601703,0.025032808741506856,0.025032808741506856,0.02520044674921749,0.0,0.06705518501500289,0.28916594083619934,0.03908727523417045,0.0,0.5520872082083653,0.8141292048474917,0.0,1.0,1.0,0.1,1.0,0.0008,0.0,4.5251190753795454e-05,7.185511305066664e-05,0.1575006426144869,0.1575006426144869,0.0,0.0,0.0,0.0,1.0,1.0,0.10972320288419724,0.28035980463027954,0.28599900007247925,0.28599900007247925,251.9822998046875,460.11474609375,0,0.0,0.0,0.0,0,0.0,0.0,0.0,0.0,0.0,0.0,0.0,0.0,0.0,6.544788516484774,6.885380042871121,2.8288629055023193,17.571420669555664,0.3267849398710639,0.9035150736824872,1.0,1.0,canonical,unweighted-eps,1.0,2e-05,0.0003309750919646873,14886,0.0001861651158676024,0.0010453986698952026,0.0003309750919646873,0.005477225575051662,14836,0.002554630514924322,0.014393668664967349,0.005477225575051662,0.09064126192070304,15202,0.02858123384781722,0.16766647801024712,0.09064126192070304,1.5000000000000002,14980,0.0683846270449171,0.598970268883597
325,cotrain,0.08495363152116282,0.01827142795579683,0.040675653861119196,0.040675653861119196,1.274121636933143,1.2343820032910404,0.4245723896046989,0.2813000354884017,0.6198149863471333,-1.2683640985916822,0.19407202207889312,0.19390623825482833,0.024828888113713928,0.024828888113713928,0.024994671878078554,0.0,0.06631351198650833,0.287746069013563,0.03886106143044865,0.0,0.5509578133495445,0.8161604366818459,0.0,1.0,1.0,0.1,1.0,0.0008,0.0,4.41433967184968e-05,7.008131057731268e-05,0.15474677982174942,0.15474677982174942,0.0,0.0,0.0,0.0,1.0,1.0,0.10775403678417206,0.28607726097106934,0.31836530566215515,0.31836530566215515,252.002197265625,460.1355895996094,0,0.0,0.0,0.0,0,0.0,0.0,0.0,0.0,0.0,0.0,0.0,0.0,0.0,6.526756054315811,6.8589630053728134,2.8288629055023193,17.571420669555664,0.32309320903175937,0.9054778698766803,1.0,1.0,canonical,unweighted-eps,1.0,2e-05,0.0003309750919646873,15133,0.00018597249564654604,0.0010444374547872873,0.0003309750919646873,0.005477225575051662,14906,0.0025477154015711005,0.014355033681078532,0.005477225575051662,0.09064126192070304,14995,0.028461282863025468,0.1669623068707432,0.09064126192070304,1.5000000000000002,14870,0.06857983928922846,0.5973354339599609
326,cotrain,0.08498655799298714,0.018272152465059716,0.04045825046447352,0.04045825046447352,1.2706846223933437,1.2312181905294075,0.42432781901115024,0.2804675771512537,0.6195189606430184,-1.2713281305936666,0.1943474331408994,0.19418135059312877,0.02479155269316119,0.02479155269316119,0.02495763533247205,0.0,0.06643306323064443,0.28688253484602666,0.03892717275641158,0.0,0.5491455386464412,0.8216352411506013,0.0,1.0,1.0,0.1,1.0,0.0008,0.0,4.3048331730514964e-05,6.832788988513335e-05,0.1527116768476036,0.1527116768476036,0.0,0.0,0.0,0.0,1.0,1.0,0.10525137186050415,0.26905831694602966,0.3321610987186432,0.3321610987186432,252.02157592773438,460.1563415527344,0,0.0,0.0,0.0,0,0.0,0.0,0.0,0.0,0.0,0.0,0.0,0.0,0.0,6.5368851402885895,6.8742515666393125,2.8288629055023193,17.571420669555664,0.32539649536163434,0.9042548888442511,1.0,1.0,canonical,unweighted-eps,1.0,2e-05,0.0003309750919646873,15073,0.00018483257824319628,0.001037904549745232,0.0003309750919646873,0.005477225575051662,14872,0.0025191689696665923,0.014193923915463343,0.005477225575051662,0.09064126192070304,15056,0.028529383665728644,0.16737511521254791,0.09064126192070304,1.5000000000000002,14903,0.06812881359532161,0.5962224731363402
327,cotrain,0.08499216673593236,0.01827220358631104,0.04060694297504985,0.04060694297504985,1.273025018635838,1.2341956643976717,0.4228438337643941,0.2800261703057167,0.6185515954708442,-1.272892087443262,0.19481901537913543,0.19465129911644846,0.02487971442234185,0.02487971442234185,0.025047430283047706,0.0,0.0670863473867504,0.29049302105847585,0.038838733497083694,0.0,0.549307375573195,0.8172211685082597,0.0,1.0,1.0,0.1,1.0,0.0008,0.0,4.196606333861657e-05,6.65949591333762e-05,0.14702778838129124,0.14702778838129124,0.0,0.0,0.0,0.0,1.0,1.0,0.1061459556221962,0.2707276940345764,0.2808043658733368,0.2808043658733368,252.037841796875,460.17144775390625,0,0.0,0.0,0.0,0,0.0,0.0,0.0,0.0,0.0,0.0,0.0,0.0,0.0,6.539617983703939,6.879801642997676,2.8288629055023193,17.571420669555664,0.3267166080001919,0.9035515287796098,1.0,1.0,canonical,unweighted-eps,1.0,2e-05,0.0003309750919646873,14914,0.0001827733500277259,0.0010262607798266063,0.0003309750919646873,0.005477225575051662,14987,0.0025543223097328825,0.014392489618231204,0.005477225575051662,0.09064126192070304,14983,0.02845259125461997,0.166885807542356,0.09064126192070304,1.5000000000000002,15020,0.06811462916959618,0.5944697388955026
328,cotrain,0.0847977270396092,0.018250782303432495,0.04033734689219894,0.04033734689219894,1.2687638837171862,1.2294686571655111,0.4235588702508527,0.2794674173252195,0.6188891615368363,-1.274891797803406,0.19393605847134548,0.19377053544944167,0.024749496179577123,0.024749496179577123,0.024915019289041176,0.0,0.06620922288260399,0.28593065284001523,0.03881474639265201,0.0,0.5477909881335038,0.8238393753989894,0.0,1.0,1.0,0.1,1.0,0.0008,0.0,4.089665830221394e-05,6.48826252173728e-05,0.1457848361828643,0.1457848361828643,0.0,0.0,0.0,0.0,1.0,1.0,0.10718376934528351,0.28484785556793213,0.3009413480758667,0.3009413480758667,252.0546875,460.1863708496094,0,0.0,0.0,0.0,0,0.0,0.0,0.0,0.0,0.0,0.0,0.0,0.0,0.0,6.525780918251755,6.858670967553485,2.8288629055023193,17.571420669555664,0.3234582350483543,0.9052844104985827,1.0,1.0,canonical,unweighted-eps,1.0,2e-05,0.0003309750919646873,14953,0.00018079936074484498,0.0010151128436417624,0.0003309750919646873,0.005477225575051662,15100,0.002565399139675478,0.014454826619846142,0.005477225575051662,0.09064126192070304,14986,0.028403299156788686,0.16659422977480093,0.09064126192070304,1.5000000000000002,14865,0.06831489789778641,0.5972150814160329
329,cotrain,0.0844367806537029,0.018150718160307944,0.04083594587496203,0.04083594587496203,1.2766273814115638,1.236748624051738,0.423488148002543,0.2785951171038497,0.6186939868916813,-1.2780296754123819,0.19221213189327818,0.19204675382337508,0.024689029806699507,0.024689029806699507,0.02485440781292243,0.0,0.06615121563116455,0.2878191497208726,0.03853816414872805,0.0,0.5480278495412606,0.8226497076259245,0.0,1.0,1.0,0.1,1.0,0.0008,0.0,3.984018258724724e-05,6.319099376194515e-05,0.1558777571011048,0.1558777571011048,0.0,0.0,0.0,0.0,1.0,1.0,0.10818971693515778,0.29110655188560486,0.36693161725997925,0.36693161725997925,252.0707550048828,460.20416259765625,0,0.0,0.0,0.0,0,0.0,0.0,0.0,0.0,0.0,0.0,0.0,0.0,0.0,6.51551482718215,6.843761895925747,2.8288629055023193,17.571420669555664,0.32139799546037956,0.9063745281250352,1.0,1.0,canonical,unweighted-eps,1.0,2e-05,0.0003309750919646873,15067,0.00018407477699432814,0.0010335092897191095,0.0003309750919646873,0.005477225575051662,15103,0.0025432844343686164,0.014330067745401458,0.005477225575051662,0.09064126192070304,14933,0.028883874787558172,0.16951252739914677,0.09064126192070304,1.5000000000000002,14801,0.06799973386275221,0.5905708621365099
330,cotrain,0.08509492912353614,0.018306888456846405,0.04069328738742659,0.04069328738742659,1.2743954204276786,1.2342848174082928,0.4244690336860143,0.2800865681507649,0.6196621368583451,-1.2726843874169211,0.1947948284701914,0.1946309246122837,0.024817534949248418,0.024817534949248418,0.024981439169337098,0.0,0.06556167889736657,0.2838025266607093,0.03885504083596488,0.0,0.5456730264883775,0.8295140134600493,0.0,1.0,1.0,0.1,1.0,0.0008,0.0,3.87967013621148e-05,6.15201691148894e-05,0.1474844470906716,0.1474844470906716,0.0,0.0,0.0,0.0,1.0,1.0,0.10656160861253738,0.2700185477733612,0.270056813955307,0.270056813955307,252.08700561523438,460.2212829589844,0,0.0,0.0,0.0,0,0.0,0.0,0.0,0.0,0.0,0.0,0.0,0.0,0.0,6.544112776079748,6.884935627769404,2.8288629055023193,17.571420669555664,0.32691601587834984,0.9034451314471565,1.0,1.0,canonical,unweighted-eps,1.0,2e-05,0.0003309750919646873,15058,0.00018010038605348504,0.0010113790372765338,0.0003309750919646873,0.005477225575051662,14889,0.0025403985717500927,0.014314009507321007,0.005477225575051662,0.09064126192070304,14931,0.02836489868247096,0.16641215525662842,0.09064126192070304,1.5000000000000002,15026,0.06805652642589616,0.5953760413026803
331,cotrain,0.08482773667281,0.018238905273998778,0.04063924216530007,0.04063924216530007,1.273533626802984,1.2331063788161318,0.42341228128753156,0.2795323834587366,0.6188225830212618,-1.2746522011410477,0.19423136092786097,0.19406639281501117,0.024855737888819385,0.024855737888819385,0.025020705989729136,0.0,0.06598725543222111,0.2860086764025892,0.038712106199346036,0.0,0.5468723908958272,0.8274521781848028,0.0,1.0,1.0,0.1,1.0,0.0008,0.0,3.7766278993654e-05,5.987025434054035e-05,0.14957467810465738,0.14957467810465738,0.0,0.0,0.0,0.0,1.0,1.0,0.10732326656579971,0.27819299697875977,0.31421560049057007,0.31421560049057007,252.10308837890625,460.2355651855469,0,0.0,0.0,0.0,0,0.0,0.0,0.0,0.0,0.0,0.0,0.0,0.0,0.0,6.531362483644078,6.867602477028039,2.8288629055023193,17.571420669555664,0.3249799163989165,0.9044764788959123,1.0,1.0,canonical,unweighted-eps,1.0,2e-05,0.0003309750919646873,15024,0.00018043378575993116,0.0010130309470789357,0.0003309750919646873,0.005477225575051662,14975,0.0025287462507245537,0.014247946856614943,0.005477225575051662,0.09064126192070304,14949,0.028701997212370357,0.16842771884278473,0.09064126192070304,1.5000000000000002,14956,0.06815412878097458,0.5936710646395442
332,cotrain,0.08493447937389724,0.01822023902239644,0.04064952268496028,0.04064952268496028,1.27369503663287,1.2336421310901642,0.4238265123632219,0.27897703704925686,0.6189842162988125,-1.276678113091705,0.19448007181541532,0.19431550128974467,0.024836584336609922,0.024836584336609922,0.0250011547946204,0.0,0.06582815933208434,0.28600171227485705,0.03882418474994409,0.0,0.5458988534589099,0.82832685770849,0.0,1.0,1.0,0.1,1.0,0.0008,0.0,3.6748979043170084e-05,5.824135121341279e-05,0.14878921656527072,0.14878921656527072,0.0,0.0,0.0,0.0,1.0,1.0,0.10574542731046677,0.266818106174469,0.32088980078697205,0.32088980078697205,252.11769104003906,460.24761962890625,0,0.0,0.0,0.0,0,0.0,0.0,0.0,0.0,0.0,0.0,0.0,0.0,0.0,6.537534734122773,6.875355244952934,2.8288629055023193,17.571420669555664,0.32560433548551354,0.9041442673465923,1.0,1.0,canonical,unweighted-eps,1.0,2e-05,0.0003309750919646873,14943,0.00017940696008340894,0.0010075092307945527,0.0003309750919646873,0.005477225575051662,14994,0.0025702522474041587,0.014482428102480883,0.005477225575051662,0.09064126192070304,15024,0.028525873354147163,0.16732159285499645,0.09064126192070304,1.5000000000000002,14943,0.06812680085914917,0.595210560033625
333,cotrain,0.08490501469972296,0.01820227519497594,0.04107559241481826,0.04107559241481826,1.2804194057929967,1.2410397338561523,0.42525152983064324,0.28172366626751727,0.6204635060241079,-1.2668658550987897,0.19422793119317955,0.19406509421702123,0.024747698102146387,0.024747698102146387,0.024910534847464062,0.0,0.06513469222869374,0.28489752339883745,0.03866411948528809,0.0,0.5434121544926594,0.8371059494908962,0.0,1.0,1.0,0.1,1.0,0.0008,0.0,3.574486426251598e-05,5.663356021192456e-05,0.15385694731759209,0.15385694731759209,0.0,0.0,0.0,0.0,1.0,1.0,0.11001727730035782,0.2822568416595459,0.35896560549736023,0.35896560549736023,252.1351318359375,460.2620849609375,0,0.0,0.0,0.0,0,0.0,0.0,0.0,0.0,0.0,0.0,0.0,0.0,0.0,6.5402314846332255,6.876981051738257,2.8288629055023193,17.571420669555664,0.3250061302598591,0.9044625401761425,1.0,1.0,canonical,unweighted-eps,1.0,2e-05,0.0003309750919646873,15030,0.00018133713644746436,0.0010182607145663982,0.0003309750919646873,0.005477225575051662,14886,0.00250545106517897,0.01411686693626627,0.005477225575051662,0.09064126192070304,14994,0.028049621076620117,0.16451326613269107,0.09064126192070304,1.5000000000000002,14994,0.06815315801111145,0.5957793349883899
334,cotrain,0.0846297089010477,0.018176089552366454,0.040724137957152136,0.040724137957152136,1.274870073150772,1.2355701327323914,0.42407031057991534,0.2789605954009244,0.6190711244558676,-1.2767390091704507,0.19297325713002783,0.19280940681122816,0.024662569360250335,0.024662569360250335,0.02482641938054918,0.0,0.06554001548255865,0.28576974109069914,0.03865099547064712,0.0,0.5424901304336694,0.834281486648127,0.0,1.0,1.0,0.1,1.0,0.0008,0.0,3.475399659022128e-05,5.504698051219817e-05,0.14826608197683963,0.14826608197683963,0.0,0.0,0.0,0.0,1.0,1.0,0.10961268842220306,0.27974405884742737,0.2760124206542969,0.2760124206542969,252.147705078125,460.281494140625,0,0.0,0.0,0.0,0,0.0,0.0,0.0,0.0,0.0,0.0,0.0,0.0,0.0,6.532400197452969,6.870077826850568,2.8288629055023193,17.571420669555664,0.32566487055023874,0.9041120397780534,1.0,1.0,canonical,unweighted-eps,1.0,2e-05,0.0003309750919646873,15129,0.00018230076532440835,0.0010237770525779104,0.0003309750919646873,0.005477225575051662,14971,0.0025363508667905093,0.014290879389405386,0.005477225575051662,0.09064126192070304,14882,0.02842258064917636,0.1667319888822527,0.09064126192070304,1.5000000000000002,14922,0.0679313746170997,0.5923677632227419
335,cotrain,0.08485336278557268,0.018259536982394565,0.04056813871153654,0.04056813871153654,1.2723810502255368,1.2327061797309125,0.4219464428531818,0.2761938465584038,0.6170770764096171,-1.286666006868721,0.19381549107468027,0.1936503702090082,0.02475343926403767,0.02475343926403767,0.024918560109809678,0.0,0.06604835358408527,0.28615229551354027,0.03875162787576262,0.0,0.5426112452251279,0.8411797734025197,0.0,1.0,1.0,0.1,1.0,0.0008,0.0,3.3776437147671214e-05,5.348170998194265e-05,0.14725628940977603,0.14725628940977603,0.0,0.0,0.0,0.0,1.0,1.0,0.10417769849300385,0.27966874837875366,0.27896276116371155,0.27896276116371155,252.15965270996094,460.2936706542969,0,0.0,0.0,0.0,0,0.0,0.0,0.0,0.0,0.0,0.0,0.0,0.0,0.0,6.541141458046742,6.8812514698148375,2.8288629055023193,17.571420669555664,0.3266413343693541,0.9035916818896544,1.0,1.0,canonical,unweighted-eps,1.0,2e-05,0.0003309750919646873,14949,0.00018366048123040333,0.0010314715237593648,0.0003309750919646873,0.005477225575051662,15170,0.002580813757569364,0.014541921697326137,0.005477225575051662,0.09064126192070304,14853,0.02875278251970335,0.1686715795112075,0.09064126192070304,1.5000000000000002,14932,0.06789903965834283,0.5932984426837168
336,cotrain,0.08477697304935537,0.01825713934018635,0.04045746120441164,0.04045746120441164,1.2706369606683694,1.2307700721117167,0.422155561673845,0.2765284787513252,0.6173323192912289,-1.285479271513784,0.1931125822548683,0.1929479376054727,0.02466803693220529,0.02466803693220529,0.024832681434340458,0.0,0.06585780559028061,0.28555104766900724,0.038773843572817296,0.0,0.5402771782161843,0.8454272424499704,0.0,1.0,1.0,0.1,1.0,0.0008,0.0,3.281224623533711e-05,5.193784517441769e-05,0.1485414835345796,0.1485414835345796,0.0,0.0,0.0,0.0,1.0,1.0,0.10164616256952286,0.2655905485153198,0.30896058678627014,0.30896058678627014,252.17274475097656,460.3053894042969,0,0.0,0.0,0.0,0,0.0,0.0,0.0,0.0,0.0,0.0,0.0,0.0,0.0,6.539334796432756,6.881349736702988,2.8288629055023193,17.571420669555664,0.327624446486637,0.9030668147746419,1.0,1.0,canonical,unweighted-eps,1.0,2e-05,0.0003309750919646873,14916,0.00018108732469897387,0.0010168652814935585,0.0003309750919646873,0.005477225575051662,15108,0.0025560093600019863,0.014401573732175744,0.005477225575051662,0.09064126192070304,15023,0.02860787865373319,0.16782138176703273,0.09064126192070304,1.5000000000000002,14857,0.06775396370250668,0.5926113034302465
337,cotrain,0.08485824141937953,0.01820105456540154,0.040538913068863064,0.040538913068863064,1.2719370259265463,1.23118637336625,0.4232397155247183,0.2782550641359427,0.6182844683400586,-1.2792405903848827,0.19498446969012928,0.19482004667958644,0.024877181595079918,0.024877181595079918,0.02504160463348286,0.0,0.06576922728528833,0.2851132172613572,0.03868393382678429,0.0,0.5391919129551985,0.8462880238747368,0.0,1.0,1.0,0.1,1.0,0.0008,0.0,3.186148332905599e-05,5.041548132247657e-05,0.14267002624005842,0.14267002624005842,0.0,0.0,0.0,0.0,1.0,1.0,0.1059635803103447,0.27404171228408813,0.27852246165275574,0.27852246165275574,252.18336486816406,460.3179931640625,0,0.0,0.0,0.0,0,0.0,0.0,0.0,0.0,0.0,0.0,0.0,0.0,0.0,6.53867869091849,6.875999429613258,2.8288629055023193,17.571420669555664,0.3253281569345518,0.9042912519889069,1.0,1.0,canonical,unweighted-eps,1.0,2e-05,0.0003309750919646873,14782,0.0001807135552718042,0.001014905857601954,0.0003309750919646873,0.005477225575051662,15281,0.002540826760429915,0.014316075519931604,0.005477225575051662,0.09064126192070304,14828,0.028586616972272917,0.1677236018523007,0.09064126192070304,1.5000000000000002,15013,0.06826501363346327,0.5961318974935468
338,cotrain,0.08543702923398241,0.01841504173950316,0.0405289226044447,0.0405289226044447,1.271795943607891,1.231419511585154,0.42414696304461896,0.2799870263562243,0.6192872735679659,-1.2730267024957216,0.1960301191951984,0.19586628556060484,0.02494360151517595,0.02494360151517595,0.0251074348253986,0.0,0.065533319209567,0.28456915879988265,0.03898034547256608,0.0,0.5373866384864873,0.8508011801566324,0.0,1.0,1.0,0.1,1.0,0.0008,0.0,3.092420707636259e-05,4.8914712332692946e-05,0.1500533395088636,0.1500533395088636,0.0,0.0,0.0,0.0,1.0,1.0,0.11065062135457993,0.28248924016952515,0.296703964471817,0.296703964471817,252.19384765625,460.324951171875,0,0.0,0.0,0.0,0,0.0,0.0,0.0,0.0,0.0,0.0,0.0,0.0,0.0,6.556418846815061,6.902894578137197,2.8288629055023193,17.571420669555664,0.32936782607138504,0.9021336829544243,1.0,1.0,canonical,unweighted-eps,1.0,2e-05,0.0003309750919646873,14834,0.00018095824213225625,0.0010163658046792327,0.0003309750919646873,0.005477225575051662,14918,0.00252853150856944,0.014246889322752415,0.005477225575051662,0.09064126192070304,14995,0.02823092943630683,0.1655686805072567,0.09064126192070304,1.5000000000000002,15157,0.06798797585116831,0.5952932476454693
339,cotrain,0.08503737690675463,0.01822815651599413,0.04054393846159562,0.04054393846159562,1.2720256658262235,1.2322132816681495,0.4240871459627763,0.2791307597206189,0.6189869196496458,-1.2760959873851547,0.19540398532890865,0.19523964268274796,0.024907373457064487,0.024907373457064487,0.025071716477346215,0.0,0.06573720863805367,0.28522701236682063,0.038786562748699106,0.0,0.5363768819942434,0.8548239302367736,0.0,1.0,1.0,0.1,1.0,0.0008,0.0,3.000047529287094e-05,4.743563077956703e-05,0.1458393347919242,0.1458393347919242,0.0,0.0,0.0,0.0,1.0,1.0,0.10857848078012466,0.28071749210357666,0.3214994966983795,0.3214994966983795,252.2041473388672,460.3379821777344,0,0.0,0.0,0.0,0,0.0,0.0,0.0,0.0,0.0,0.0,0.0,0.0,0.0,6.540999713107052,6.878575942982668,2.8288629055023193,17.571420669555664,0.3253952363520355,0.9042555588108021,1.0,1.0,canonical,unweighted-eps,1.0,2e-05,0.0003309750919646873,14851,0.00017885562479215056,0.0010043687443184648,0.0003309750919646873,0.005477225575051662,14998,0.0025365858540338333,0.014292293911394175,0.005477225575051662,0.09064126192070304,14950,0.02814772955151306,0.16505583673815263,0.09064126192070304,1.5000000000000002,15105,0.06822527970986743,0.5957483679283064
340,cotrain,0.08498496489010306,0.018251137264693778,0.040836695096113235,0.040836695096113235,1.27663088369144,1.2365741648225703,0.42312602845267355,0.2779634163165704,0.6182358936112151,-1.2802812772938328,0.19382004579927167,0.1936563861866792,0.024680345737112638,0.024680345737112638,0.024844005079064358,0.0,0.06546372668738039,0.28506669386202454,0.038788245354070626,0.0,0.5367627889554725,0.8523215739390789,0.0,1.0,1.0,0.1,1.0,0.0008,0.0,2.909034495870884e-05,4.597832789981649e-05,0.14488438056765968,0.14488438056765968,0.0,0.0,0.0,0.0,1.0,1.0,0.10622895509004593,0.26794350147247314,0.3007027804851532,0.3007027804851532,252.21522521972656,460.3440856933594,0,0.0,0.0,0.0,0,0.0,0.0,0.0,0.0,0.0,0.0,0.0,0.0,0.0,6.548597535516461,6.8941438871785055,2.8288629055023193,17.571420669555664,0.3291158348119448,0.9022687462345532,1.0,1.0,canonical,unweighted-eps,1.0,2e-05,0.0003309750919646873,15102,0.00017971455427524333,0.0010091686375743071,0.0003309750919646873,0.005477225575051662,14849,0.0025310873412284734,0.014261149446509391,0.005477225575051662,0.09064126192070304,14979,0.028479303172580295,0.16707730154797282,0.09064126192070304,1.5000000000000002,14974,0.0675545464900111,0.5924360202790835
341,cotrain,0.08513326390495157,0.018339226957665294,0.04040859791681043,0.04040859791681043,1.269882325655398,1.2306340176325579,0.42344001451363933,0.2786920468649294,0.6185498063126181,-1.2776650187806187,0.19545897636084986,0.19529458410783201,0.024962935357903823,0.024962935357903823,0.02512732749351133,0.0,0.06575685553252697,0.28519883271083873,0.03880822385510064,0.0,0.5357316735590625,0.8554270049381969,0.0,1.0,1.0,0.1,1.0,0.0008,0.0,2.8193872215002198e-05,4.454289358674713e-05,0.1452741334772008,0.1452741334772008,0.0,0.0,0.0,0.0,1.0,1.0,0.11092095077037811,0.27592891454696655,0.3479366600513458,0.3479366600513458,252.22531127929688,460.3522644042969,0,0.0,0.0,0.0,0,0.0,0.0,0.0,0.0,0.0,0.0,0.0,0.0,0.0,6.54347964331635,6.882747630485487,2.8288629055023193,17.571420669555664,0.3261667473194017,0.9038447092298486,1.0,1.0,canonical,unweighted-eps,1.0,2e-05,0.0003309750919646873,15019,0.00017976866710038867,0.0010092919624186529,0.0003309750919646873,0.005477225575051662,14712,0.0025092360002453105,0.01413774878280911,0.005477225575051662,0.09064126192070304,15029,0.02858002299526049,0.16773761109571605,0.09064126192070304,1.5000000000000002,15144,0.06776510116462663,0.5913130623036066
342,cotrain,0.0847980623634962,0.01821767655798258,0.04061682344788415,0.04061682344788415,1.2731373187943058,1.2336095062076535,0.4215748565446617,0.27502014570766026,0.6164891563164883,-1.2909432216587229,0.1936429569609145,0.19347760148155382,0.024679582351102278,0.024679582351102278,0.024844937838422947,0.0,0.0661421851772401,0.2875387395421664,0.03868769772318948,0.0,0.5341106553235625,0.8585991595640906,0.0,1.0,1.0,0.1,1.0,0.0008,0.0,2.7311112360412776e-05,4.3129416384709156e-05,0.1429817156277151,0.1429817156277151,0.0,0.0,0.0,0.0,1.0,1.0,0.11069492995738983,0.30770596861839294,0.2836591899394989,0.2836591899394989,252.23568725585938,460.36181640625,0,0.0,0.0,0.0,0,0.0,0.0,0.0,0.0,0.0,0.0,0.0,0.0,0.0,6.541486988719712,6.884225657760374,2.8288629055023193,17.571420669555664,0.32792440927231437,0.9029064772797805,1.0,1.0,canonical,unweighted-eps,1.0,2e-05,0.0003309750919646873,15099,0.00018099372455775855,0.0010164602441846814,0.0003309750919646873,0.005477225575051662,14931,0.0025613032669122376,0.014431555439132304,0.005477225575051662,0.09064126192070304,15038,0.02888895553990174,0.16950600953285389,0.09064126192070304,1.5000000000000002,14836,0.06760568493747686,0.593841052177493
343,cotrain,0.08473163360777573,0.018208405488512963,0.040444906132343486,0.040444906132343486,1.2704341572386322,1.2307764549031217,0.42232263050018215,0.2757289815280173,0.6172702427093799,-1.2883501903623598,0.19358482245260325,0.1934215845619766,0.024666376817875948,0.024666376817875948,0.02482961495526326,0.0,0.06529524283181144,0.2827329030340044,0.038676703293035686,0.0,0.5339294890435333,0.862429654193867,0.0,1.0,1.0,0.1,1.0,0.0008,0.0,2.6442119847726387e-05,4.173798348363415e-05,0.13656391048979047,0.13656391048979047,0.0,0.0,0.0,0.0,1.0,1.0,0.10607093572616577,0.26547950506210327,0.2747446894645691,0.2747446894645691,252.24789428710938,460.3719177246094,0,0.0,0.0,0.0,0,0.0,0.0,0.0,0.0,0.0,0.0,0.0,0.0,0.0,6.543755889957787,6.885945013411929,2.8288629055023193,17.571420669555664,0.327596445534906,0.9030817773893233,1.0,1.0,canonical,unweighted-eps,1.0,2e-05,0.0003309750919646873,15085,0.0001813916216135509,0.0010186934861563515,0.0003309750919646873,0.005477225575051662,14922,0.002553708960060387,0.01438856788150364,0.005477225575051662,0.09064126192070304,14957,0.02839245257900784,0.16654368077177586,0.09064126192070304,1.5000000000000002,14940,0.06774471143642104,0.593417640000462
344,cotrain,0.08522372178605989,0.018306696289975163,0.04035531840104069,0.04035531840104069,1.2690281481939423,1.2291687910373394,0.4230678776899974,0.27726944045633334,0.6180016882399209,-1.2827857638526166,0.19611127883132196,0.19594813868976557,0.024941394169233803,0.024941394169233803,0.025104534527700808,0.0,0.06525612616131449,0.28220484431228066,0.03885082438842863,0.0,0.5304581103926032,0.8704396527992864,0.0,1.0,1.0,0.1,1.0,0.0008,0.0,2.558694828049464e-05,4.0368680713657856e-05,0.14333442370924684,0.14333442370924684,0.0,0.0,0.0,0.0,1.0,1.0,0.10341931879520416,0.26616910099983215,0.2746340036392212,0.2746340036392212,252.2562255859375,460.3799133300781,0,0.0,0.0,0.0,0,0.0,0.0,0.0,0.0,0.0,0.0,0.0,0.0,0.0,6.552089283608983,6.894100986677865,2.8288629055023193,17.571420669555664,0.32729570255053336,0.9032424332967957,1.0,1.0,canonical,unweighted-eps,1.0,2e-05,0.0003309750919646873,14971,0.0001809091879105044,0.0010159283089606701,0.0003309750919646873,0.005477225575051662,14932,0.0025544523645941834,0.014393237291441313,0.005477225575051662,0.09064126192070304,14913,0.02857745059665393,0.16769494967530016,0.09064126192070304,1.5000000000000002,15088,0.06807146590767964,0.5969719790072355
345,cotrain,0.08503825233405472,0.018223401330188554,0.04061633488561353,0.04061633488561353,1.2731421837658348,1.2329750104337676,0.42263256338162297,0.27628884674646914,0.6174261482098163,-1.2863196565045252,0.19511987176588458,0.1949561291780227,0.024849882540412437,0.024849882540412437,0.02501362528747473,0.0,0.06549711900357252,0.2850290208609186,0.03876842452117648,0.0,0.5310919417912124,0.8659202091666496,0.0,1.0,1.0,0.1,1.0,0.0008,0.0,2.474565040972814e-05,3.9021592539825316e-05,0.1454922723878398,0.1454922723878398,0.0,0.0,0.0,0.0,1.0,1.0,0.10457967966794968,0.27685630321502686,0.34867018461227417,0.34867018461227417,252.26390075683594,460.3867492675781,0,0.0,0.0,0.0,0,0.0,0.0,0.0,0.0,0.0,0.0,0.0,0.0,0.0,6.550601302049099,6.89459130510465,2.8288629055023193,17.571420669555664,0.3283033070917086,0.9027038188266475,1.0,1.0,canonical,unweighted-eps,1.0,2e-05,0.0003309750919646873,14985,0.0001793458694850042,0.0010071832385855116,0.0003309750919646873,0.005477225575051662,14915,0.002562242020277461,0.014437126509902703,0.005477225575051662,0.09064126192070304,14871,0.028375792558268078,0.16645441841849898,0.09064126192070304,1.5000000000000002,15133,0.06778085065960908,0.5929350383155826
346,cotrain,0.08515863306820393,0.0183138410306066,0.04069703769607422,0.04069703769607422,1.2744405940385537,1.2350398742745066,0.4242956903882516,0.27906464365048284,0.619102746885047,-1.2763236126838586,0.19547776750519744,0.19531499218736958,0.02492697008797883,0.02492697008797883,0.02508974548938692,0.0,0.06511016169355975,0.2844414585230187,0.03870907583488868,0.0,0.5285685181490376,0.8740750477991552,0.0,1.0,1.0,0.1,1.0,0.0008,0.0,2.3918278130642168e-05,3.7696802056880045e-05,0.14194482190805113,0.14194482190805113,0.0,0.0,0.0,0.0,1.0,1.0,0.10830813646316528,0.2989993691444397,0.2920915484428406,0.2920915484428406,252.27365112304688,460.39288330078125,0,0.0,0.0,0.0,0,0.0,0.0,0.0,0.0,0.0,0.0,0.0,0.0,0.0,6.540676432797032,6.8779071580419915,2.8288629055023193,17.571420669555664,0.3252327273798314,0.9043420225410079,1.0,1.0,canonical,unweighted-eps,1.0,2e-05,0.0003309750919646873,14784,0.00017898794348266992,0.0010049921102384387,0.0003309750919646873,0.005477225575051662,15089,0.0025447548940294865,0.014338444797172169,0.005477225575051662,0.09064126192070304,14917,0.02832209068192724,0.1661240404985334,0.09064126192070304,1.5000000000000002,15114,0.06812892815762922,0.5948700805150187
347,cotrain,0.08516663024759191,0.018235679761641938,0.0410952951408859,0.0410952951408859,1.2806889852665182,1.2409194672209585,0.42396224844150054,0.2778949161243235,0.6184814201715665,-1.2805274281746302,0.19476677445519683,0.19460278510665283,0.024800460936867785,0.024800460936867785,0.024964450038651116,0.0,0.06559563809448582,0.28941940146888423,0.03875378785161381,0.0,0.5300816324276801,0.8739851373446803,0.0,1.0,1.0,0.1,1.0,0.0008,0.0,2.3104882479456424e-05,3.639439098413974e-05,0.13960435080668357,0.13960435080668357,0.0,0.0,0.0,0.0,1.0,1.0,0.10781081020832062,0.28190743923187256,0.3410281240940094,0.3410281240940094,252.28269958496094,460.4000244140625,0,0.0,0.0,0.0,0,0.0,0.0,0.0,0.0,0.0,0.0,0.0,0.0,0.0,6.538762290253598,6.875985031875931,2.8288629055023193,17.571420669555664,0.32527757719814493,0.9043181626292092,1.0,1.0,canonical,unweighted-eps,1.0,2e-05,0.0003309750919646873,14979,0.00017871673298054978,0.001003729117139791,0.0003309750919646873,0.005477225575051662,14913,0.0025496631758314403,0.014365936705726081,0.005477225575051662,0.09064126192070304,15021,0.028383446754782916,0.16641675925161176,0.09064126192070304,1.5000000000000002,14991,0.06794736360853122,0.5955883571570555
348,cotrain,0.0848878429740922,0.018220033444878127,0.04071729665255954,0.04071729665255954,1.2747404933212931,1.2348984428960035,0.42340627255348057,0.27677118740020656,0.6180161775177361,-1.2845853829485738,0.19402817502999917,0.19386485301786,0.024733897893586092,0.024733897893586092,0.024897219718664758,0.0,0.0653287353965207,0.284705827346979,0.038652951888835586,0.0,0.5282096741800635,0.8779168069426321,0.0,1.0,1.0,0.1,1.0,0.0008,0.0,2.230551363024587e-05,3.51144396604539e-05,0.13980886090196606,0.13980886090196606,0.0,0.0,0.0,0.0,1.0,1.0,0.10473554581403732,0.28806570172309875,0.30844825506210327,0.30844825506210327,252.2918243408203,460.4106750488281,0,0.0,0.0,0.0,0,0.0,0.0,0.0,0.0,0.0,0.0,0.0,0.0,0.0,6.538338938329974,6.875957235640234,2.8288629055023193,17.571420669555664,0.3254838939331821,0.9042083768551359,1.0,1.0,canonical,unweighted-eps,1.0,2e-05,0.0003309750919646873,14936,0.00018146073214780095,0.001018856824552775,0.0003309750919646873,0.005477225575051662,14983,0.002581617530570332,0.014546546851578999,0.005477225575051662,0.09064126192070304,14952,0.028060163128592868,0.1645541638215638,0.09064126192070304,1.5000000000000002,15033,0.0678981694760916,0.5933411638869788
349,cotrain,0.08538628108481057,0.018316439364869624,0.040925917653446525,0.040925917653446525,1.2780381879010063,1.2373007372913198,0.42392389348938936,0.27816338365913457,0.6187786663699354,-1.2795886211415641,0.19600826237573582,0.1958448382205943,0.024945503407213677,0.024945503407213677,0.025108927383254737,0.0,0.06536957466353972,0.2869951982592416,0.03880778449372603,0.0,0.5277941456844664,0.8818485397590786,0.0,1.0,1.0,0.1,1.0,0.0008,0.0,2.152022089184673e-05,3.385702703924966e-05,0.13459290915893185,0.13459290915893185,0.0,0.0,0.0,0.0,1.0,1.0,0.11477509140968323,0.28348028659820557,0.2769987881183624,0.2769987881183624,252.29983520507812,460.4152526855469,0,0.0,0.0,0.0,0,0.0,0.0,0.0,0.0,0.0,0.0,0.0,0.0,0.0,6.5516854371780004,6.895614581546884,2.8288629055023193,17.571420669555664,0.3282456649124694,0.902734658723269,1.0,1.0,canonical,unweighted-eps,1.0,2e-05,0.0003309750919646873,14771,0.00017626486463866566,0.0009897589645323963,0.0003309750919646873,0.005477225575051662,14923,0.0024998583833701423,0.014085101954884098,0.005477225575051662,0.09064126192070304,15076,0.028407220600944326,0.16670198380773155,0.09064126192070304,1.5000000000000002,15134,0.0678048885780769,0.5942829635446699
350,cotrain,0.08473536033087815,0.01815135211039048,0.040697240071673677,0.040697240071673677,1.274438374795213,1.2334216043480442,0.42431346823771793,0.2778573682547634,0.6189402301087339,-1.2806618990551712,0.19394949408104786,0.19378850860600796,0.02469214140716144,0.02469214140716144,0.024853126933941476,0.0,0.06439420629420087,0.2812666262571628,0.03855439324855295,0.0,0.5255016982555389,0.8834602001449491,0.0,1.0,1.0,0.1,1.0,0.0008,0.0,2.0749052704813936e-05,3.2622230683660075e-05,0.1375858881470994,0.1375858881470994,0.0,0.0,0.0,0.0,1.0,1.0,0.10464377701282501,0.27189165353775024,0.31446027755737305,0.31446027755737305,252.30813598632812,460.4237976074219,0,0.0,0.0,0.0,0,0.0,0.0,0.0,0.0,0.0,0.0,0.0,0.0,0.0,6.54422556131314,6.884572881884256,2.8288629055023193,17.571420669555664,0.3266792018347853,0.903571483009715,1.0,1.0,canonical,unweighted-eps,1.0,2e-05,0.0003309750919646873,14884,0.0001770901727966676,0.0009943877910087383,0.0003309750919646873,0.005477225575051662,15054,0.002531885882755176,0.014265704677805604,0.005477225575051662,0.09064126192070304,14968,0.02812199855849489,0.1649340747480785,0.09064126192070304,1.5000000000000002,14998,0.06784085473754849,0.5941070275459945
351,cotrain,0.08444933262136248,0.01808511562104154,0.0407042270924291,0.0407042270924291,1.2745220482981814,1.2339447683248765,0.4229180447311483,0.27603363672382814,0.6173249131593949,-1.2872452748636913,0.19290185105214772,0.1927380217318861,0.02468310224099292,0.02468310224099292,0.024846931517474417,0.0,0.06553171801930055,0.287147839482014,0.038415845308421,0.0,0.5261095788998481,0.8837173224036765,0.0,1.0,1.0,0.1,1.0,0.0008,0.0,1.9992056638433985e-05,3.141012676174108e-05,0.13621264692937207,0.13621264692937207,0.0,0.0,0.0,0.0,1.0,1.0,0.10742649435997009,0.25751399993896484,0.2816852331161499,0.2816852331161499,252.31466674804688,460.4276123046875,0,0.0,0.0,0.0,0,0.0,0.0,0.0,0.0,0.0,0.0,0.0,0.0,0.0,6.528683702150981,6.863665217787462,2.8288629055023193,17.571420669555664,0.32442414654790747,0.904771835261681,1.0,1.0,canonical,unweighted-eps,1.0,2e-05,0.0003309750919646873,15025,0.00017977505672828428,0.001009506711398504,0.0003309750919646873,0.005477225575051662,15117,0.0025984782644496943,0.014641411425559981,0.005477225575051662,0.09064126192070304,14885,0.028556478235759228,0.16749541636958074,0.09064126192070304,1.5000000000000002,14877,0.06799563514919477,0.5925997944138436
352,cotrain,0.0852836072922517,0.018358872662115302,0.04072191742145353,0.04072191742145353,1.2747962316428554,1.2354766520170064,0.4227728492174393,0.2754205569752261,0.6171024507946439,-1.28946973141442,0.19479170011786315,0.19462722011356273,0.02482227435033036,0.02482227435033036,0.024986754302890636,0.0,0.065791985577243,0.28833002164068383,0.03883069713050739,0.0,0.5221982839652616,0.8891579270338974,0.0,1.0,1.0,0.1,1.0,0.0008,0.0,1.924927938778983e-05,3.022079004177178e-05,0.13647615718535888,0.13647615718535888,0.0,0.0,0.0,0.0,1.0,1.0,0.10587900131940842,0.2718926668167114,0.29257580637931824,0.29257580637931824,252.32162475585938,460.4314270019531,0,0.0,0.0,0.0,0,0.0,0.0,0.0,0.0,0.0,0.0,0.0,0.0,0.0,6.553268138160053,6.900320490492909,2.8288629055023193,17.571420669555664,0.32973012713091,0.9019393851839439,1.0,1.0,canonical,unweighted-eps,1.0,2e-05,0.0003309750919646873,14884,0.0001776454229324804,0.0009978007382791599,0.0003309750919646873,0.005477225575051662,15120,0.0025640076273934,0.014446553214398956,0.005477225575051662,0.09064126192070304,14979,0.029073702667478774,0.17062227526544466,0.09064126192070304,1.5000000000000002,14921,0.06769296048545748,0.5944584671433654
353,cotrain,0.08472557416838458,0.01816728284670056,0.04058712529830444,0.04058712529830444,1.272683125249505,1.2322191731033163,0.4238494208607918,0.2761574228349914,0.6180636584758759,-1.2867950865855584,0.1932209585275915,0.19305855233190405,0.024629664511825793,0.024629664511825793,0.024792070277672038,0.0,0.06496231409155914,0.283690568123363,0.03863020121860199,0.0,0.5218716432523524,0.8897538560613767,0.0,1.0,1.0,0.1,1.0,0.0008,0.0,1.852076677088126e-05,2.905429388764362e-05,0.1374751651006886,0.1374751651006886,0.0,0.0,0.0,0.0,1.0,1.0,0.10524126142263412,0.28727662563323975,0.32720282673835754,0.32720282673835754,252.32936096191406,460.4361267089844,0,0.0,0.0,0.0,0,0.0,0.0,0.0,0.0,0.0,0.0,0.0,0.0,0.0,6.541327843299279,6.881369571971671,2.8288629055023193,17.571420669555664,0.326602941432185,0.9036121595927413,1.0,1.0,canonical,unweighted-eps,1.0,2e-05,0.0003309750919646873,15096,0.00017735209540825753,0.000995841148868598,0.0003309750919646873,0.005477225575051662,14926,0.0025631569974343066,0.014442095451399387,0.005477225575051662,0.09064126192070304,14889,0.02860076796240688,0.16772606994300446,0.09064126192070304,1.5000000000000002,14993,0.06727430103762269,0.5894157352675227
354,cotrain,0.08464787169717826,0.018127130067899313,0.040577953203748435,0.040577953203748435,1.2725402865142643,1.2316355728186095,0.4242608356170165,0.27654540952708984,0.6183219830959271,-1.2853960022967086,0.19358450250747877,0.19342134861100432,0.02476995596741764,0.02476995596741764,0.024933110007172465,0.0,0.06526159362978914,0.28588137562330973,0.038534302829613544,0.0,0.5230816197700989,0.8938984397448536,0.0,1.0,1.0,0.1,1.0,0.0008,0.0,1.780656372579802e-05,2.7910710254333983e-05,0.1374348695270526,0.1374348695270526,0.0,0.0,0.0,0.0,1.0,1.0,0.10527287423610687,0.2749403417110443,0.31236380338668823,0.31236380338668823,252.33502197265625,460.44085693359375,0,0.0,0.0,0.0,0,0.0,0.0,0.0,0.0,0.0,0.0,0.0,0.0,0.0,6.53501240310506,6.870142879471297,2.8288629055023193,17.571420669555664,0.32433698131482375,0.9048181296641319,1.0,1.0,canonical,unweighted-eps,1.0,2e-05,0.0003309750919646873,14895,0.00017836153274011237,0.0010016542333220427,0.0003309750919646873,0.005477225575051662,15021,0.002532145802682332,0.014267055575313204,0.005477225575051662,0.09064126192070304,14951,0.028311186507030295,0.16606296696285605,0.09064126192070304,1.5000000000000002,15037,0.06782249373515062,0.5901895311115476
355,cotrain,0.08463469246386462,0.018177782838097494,0.040627953118811816,0.040627953118811816,1.2733131523203198,1.2332293355566823,0.42317236055675733,0.275239774495618,0.6172403688104744,-1.2901272350906308,0.192851355442634,0.19268763698955887,0.024681681874566354,0.024681681874566354,0.02484540033958152,0.0,0.06548736740349449,0.286795782068601,0.03850651915288634,0.0,0.5199026798463275,0.9011378345740402,0.0,1.0,1.0,0.1,1.0,0.0008,0.0,1.7106714307948062e-05,2.6790109683468013e-05,0.1379695154694665,0.1379695154694665,0.0,0.0,0.0,0.0,1.0,1.0,0.10486933588981628,0.2957347631454468,0.30858665704727173,0.30858665704727173,252.34176635742188,460.44720458984375,0,0.0,0.0,0.0,0,0.0,0.0,0.0,0.0,0.0,0.0,0.0,0.0,0.0,6.530841972073938,6.866698718263266,2.8288629055023193,17.571420669555664,0.3248032792452129,0.904570384211339,1.0,1.0,canonical,unweighted-eps,1.0,2e-05,0.0003309750919646873,15178,0.00017724294984097877,0.0009953793282952567,0.0003309750919646873,0.005477225575051662,14859,0.0025479805582633,0.014356293237997952,0.005477225575051662,0.09064126192070304,15018,0.028687454380054322,0.16826914248667793,0.09064126192070304,1.5000000000000002,14849,0.06782629437073769,0.5917749471058789
356,cotrain,0.08487343890035254,0.01820450394740726,0.0404841296422558,0.0404841296422558,1.2710488601847572,1.2307123689569979,0.42319394068585503,0.27570044790577686,0.6174832171099818,-1.2884532908598583,0.19450850682890314,0.19434551372487321,0.024832008585620385,0.024832008585620385,0.024995001717510387,0.0,0.0651972645925533,0.2844645112561874,0.03860282462536015,0.0,0.518842511324801,0.9041768837974876,0.0,1.0,1.0,0.1,1.0,0.0008,0.0,1.6421261687340204e-05,2.5692561298967653e-05,0.13607254617998743,0.13607254617998743,0.0,0.0,0.0,0.0,1.0,1.0,0.10791117697954178,0.27306067943573,0.28895995020866394,0.28895995020866394,252.3468017578125,460.45220947265625,0,0.0,0.0,0.0,0,0.0,0.0,0.0,0.0,0.0,0.0,0.0,0.0,0.0,6.528594280919458,6.858848683339176,2.8288629055023193,17.571420669555664,0.3220723516691083,0.9060181898219044,1.0,1.0,canonical,unweighted-eps,1.0,2e-05,0.0003309750919646873,14945,0.00017542322730229885,0.0009850910611453165,0.0003309750919646873,0.005477225575051662,14984,0.0025407056638934175,0.01431558676883459,0.005477225575051662,0.09064126192070304,15047,0.028534881274961763,0.16739286146520768,0.09064126192070304,1.5000000000000002,14928,0.06815920757391318,0.5957989216745219
357,cotrain,0.08476254071753758,0.01818507567493834,0.04032659966848854,0.04032659966848854,1.2685514428333229,1.2283525207103827,0.42294906181657416,0.27480104310899717,0.6171806709379213,-1.2917220732595167,0.19390698621033603,0.1937450778662649,0.02472774061955448,0.02472774061955448,0.024889648868105352,0.0,0.06476330078151236,0.2806773721280261,0.038609561223823294,0.0,0.517165958817698,0.908262966073349,0.0,1.0,1.0,0.1,1.0,0.0008,0.0,1.5750248145920722e-05,2.461813280278696e-05,0.13504666303340188,0.13504666303340188,0.0,0.0,0.0,0.0,1.0,1.0,0.10589299350976944,0.28167229890823364,0.2867167294025421,0.2867167294025421,252.3529815673828,460.454345703125,0,0.0,0.0,0.0,0,0.0,0.0,0.0,0.0,0.0,0.0,0.0,0.0,0.0,6.543020851591713,6.882988932252036,2.8288629055023193,17.571420669555664,0.3265233526222473,0.9036546052938776,1.0,1.0,canonical,unweighted-eps,1.0,2e-05,0.0003309750919646873,15068,0.0001756320001343861,0.0009861528748097029,0.0003309750919646873,0.005477225575051662,14980,0.002553870744172618,0.01438973488532335,0.005477225575051662,0.09064126192070304,14755,0.02847925795211262,0.16701841882752871,0.09064126192070304,1.5000000000000002,15101,0.06755683172791929,0.5901152756220299
358,cotrain,0.08476073103837478,0.018119456164905023,0.040386312354642614,0.040386312354642614,1.2695144726449086,1.2298455701933966,0.42385983518046194,0.2771982548073826,0.6182180389634564,-1.2830345195073347,0.1946763321120515,0.19451429347834018,0.024843678654481966,0.024843678654481966,0.025005717355853472,0.0,0.06481548523705484,0.2812759240723064,0.0385851221334221,0.0,0.5183064463811043,0.9041567959018753,0.0,1.0,1.0,0.1,1.0,0.0008,0.0,1.5093715074965699e-05,2.356689047073673e-05,0.134731424622174,0.134731424622174,0.0,0.0,0.0,0.0,1.0,1.0,0.11092501133680344,0.2825906574726105,0.25595608353614807,0.25595608353614807,252.3583984375,460.45758056640625,0,0.0,0.0,0.0,0,0.0,0.0,0.0,0.0,0.0,0.0,0.0,0.0,0.0,6.5434160191788635,6.879667728197451,2.8288629055023193,17.571420669555664,0.3246787514248588,0.9046365677570506,1.0,1.0,canonical,unweighted-eps,1.0,2e-05,0.0003309750919646873,15001,0.0001743939810052974,0.0009794481884387405,0.0003309750919646873,0.005477225575051662,14928,0.002540373463744631,0.014313465177948964,0.005477225575051662,0.09064126192070304,14850,0.02853011997661205,0.16734343373012864,0.09064126192070304,1.5000000000000002,15125,0.06770411012980564,0.5909930671502736
359,cotrain,0.08466264277569249,0.01811005804552418,0.040215020346590594,0.040215020346590594,1.2667997913869977,1.2268713407027416,0.424331216666943,0.277057316313442,0.6183735418778199,-1.2835418052143521,0.19504609541633192,0.19488346858475453,0.02493477224682768,0.02493477224682768,0.025097399305265684,0.0,0.06505081641018136,0.2827301569537729,0.03848510282512149,0.0,0.5158709669724489,0.9084518966384423,0.0,1.0,1.0,0.1,1.0,0.0008,0.0,1.4451702972527424e-05,2.2538899148395682e-05,0.13467784472701386,0.13467784472701386,0.0,0.0,0.0,0.0,1.0,1.0,0.10636240243911743,0.2810385227203369,0.2647080421447754,0.2647080421447754,252.36341857910156,460.46258544921875,0,0.0,0.0,0.0,0,0.0,0.0,0.0,0.0,0.0,0.0,0.0,0.0,0.0,6.537927803830204,6.871135244871969,2.8288629055023193,17.571420669555664,0.32330799296184004,0.905364053428699,1.0,1.0,canonical,unweighted-eps,1.0,2e-05,0.0003309750919646873,14871,0.00017488012798947165,0.0009821053725491255,0.0003309750919646873,0.005477225575051662,14936,0.002558089123542975,0.014413752095762842,0.005477225575051662,0.09064126192070304,15014,0.02862702581430539,0.1680005406895093,0.09064126192070304,1.5000000000000002,15083,0.06782988575498645,0.5915302325803042
360,cotrain,0.08496555469484411,0.018188387386373475,0.04054701294049493,0.04054701294049493,1.27204902895629,1.23255974945859,0.42424455240496206,0.2764898051436131,0.6182023021909926,-1.2855965826246474,0.19455504668956128,0.19439223134874278,0.024810531502987586,0.024810531502987586,0.02497334689554623,0.0,0.0651261577478204,0.28422227148444223,0.038671614661908306,0.0,0.5144462208462577,0.9146736217742293,0.0,1.0,1.0,0.1,1.0,0.0008,0.0,1.3824251440936606e-05,2.1534222247110985e-05,0.13079849694274429,0.13079849694274429,0.0,0.0,0.0,0.0,1.0,1.0,0.10825484991073608,0.27690640091896057,0.328260213136673,0.328260213136673,252.36770629882812,460.4672546386719,0,0.0,0.0,0.0,0,0.0,0.0,0.0,0.0,0.0,0.0,0.0,0.0,0.0,6.550336349723685,6.892396414804189,2.8288629055023193,17.571420669555664,0.3273643392255958,0.9032057757743587,1.0,1.0,canonical,unweighted-eps,1.0,2e-05,0.0003309750919646873,14981,0.0001743371080199112,0.0009790367883438064,0.0003309750919646873,0.005477225575051662,14873,0.0025476118165102704,0.014354596567091413,0.005477225575051662,0.09064126192070304,14918,0.028433133210856498,0.16674603434922086,0.09064126192070304,1.5000000000000002,15132,0.0675113817276603,0.5900867045823777
361,cotrain,0.0849945754545112,0.018181748891201537,0.04056702646562177,0.04056702646562177,1.272370220284353,1.2325026163688073,0.4244745241907927,0.2770938709632963,0.6184919252354875,-1.2834107850351903,0.1951080208692031,0.19494549659454924,0.024883095596909013,0.024883095596909013,0.025045619278541233,0.0,0.06500945814176758,0.2836068368429302,0.03862998755569132,0.0,0.5150130841339755,0.9185700865032581,0.0,1.0,1.0,0.1,1.0,0.0008,0.0,1.3211399184359171e-05,2.0552921740086193e-05,0.13378790792268822,0.13378790792268822,0.0,0.0,0.0,0.0,1.0,1.0,0.11163327842950821,0.27614307403564453,0.24778170883655548,0.24778170883655548,252.37232971191406,460.4723815917969,0,0.0,0.0,0.0,0,0.0,0.0,0.0,0.0,0.0,0.0,0.0,0.0,0.0,6.545359880496294,6.885437794188339,2.8288629055023193,17.571420669555664,0.32651759356101945,0.9036576764261164,1.0,1.0,canonical,unweighted-eps,1.0,2e-05,0.0003309750919646873,14960,0.00017394405287904615,0.0009768614241664104,0.0003309750919646873,0.005477225575051662,15087,0.0025359723713764292,0.014289030632015377,0.005477225575051662,0.09064126192070304,14709,0.028568823858756198,0.16761911010197564,0.09064126192070304,1.5000000000000002,15148,0.06796380447025566,0.5929702325518225
362,cotrain,0.08474771652975653,0.01809839889781279,0.040354493806441114,0.040354493806441114,1.2690062139069642,1.2298043056940422,0.42461424556552857,0.27661153107372105,0.6184014819371395,-1.2851529559518537,0.1953071722935917,0.19514377746317121,0.02500137456286794,0.02500137456286794,0.02516476981118958,0.0,0.0653581054817535,0.28514325911672705,0.03847914293376554,0.0,0.5133967294524877,0.9219914312737111,0.0,1.0,1.0,0.1,1.0,0.0008,0.0,1.261318400640918e-05,1.959505815855905e-05,0.13100716564008313,0.13100716564008313,0.0,0.0,0.0,0.0,1.0,1.0,0.1054750457406044,0.2825208306312561,0.2630295753479004,0.2630295753479004,252.3769073486328,460.47454833984375,0,0.0,0.0,0.0,0,0.0,0.0,0.0,0.0,0.0,0.0,0.0,0.0,0.0,6.533717613953811,6.867790484941722,2.8288629055023193,17.571420669555664,0.32384491401300153,0.9050793273606054,1.0,1.0,canonical,unweighted-eps,1.0,2e-05,0.0003309750919646873,14874,0.00017360194612327495,0.0009748363907224664,0.0003309750919646873,0.005477225575051662,14966,0.0025183608899592208,0.014189445951931874,0.005477225575051662,0.09064126192070304,14965,0.028632852438099203,0.16796565788707485,0.09064126192070304,1.5000000000000002,15099,0.06814489445786451,0.5927165906408289
363,cotrain,0.08432533186024581,0.018094062170364026,0.04043513604113434,0.04043513604113434,1.2702746547286587,1.2303775449593861,0.42453122578370267,0.27580721975646466,0.6181110637819666,-1.2880796823236678,0.1919348356115003,0.1917735011690957,0.024540621946510088,0.024540621946510088,0.024701956663535446,0.0,0.06453388989067231,0.28175663699706394,0.03835695565670219,0.0,0.5119210549144664,0.9215323250963647,0.0,1.0,1.0,0.1,1.0,0.0008,0.0,1.2029642807816615e-05,1.8660690588067144e-05,0.13059313577782905,0.13059313577782905,0.0,0.0,0.0,0.0,1.0,1.0,0.11193326115608215,0.2967764437198639,0.29888638854026794,0.29888638854026794,252.38088989257812,460.4786376953125,0,0.0,0.0,0.0,0,0.0,0.0,0.0,0.0,0.0,0.0,0.0,0.0,0.0,6.530160184599396,6.867070582463461,2.8288629055023193,17.571420669555664,0.3253425690433961,0.9042835836415396,1.0,1.0,canonical,unweighted-eps,1.0,2e-05,0.0003309750919646873,15109,0.0001763404429199783,0.000990239870661469,0.0003309750919646873,0.005477225575051662,15096,0.0025500600128994773,0.01436838403711353,0.005477225575051662,0.09064126192070304,14820,0.028608463710618887,0.1677958456449985,0.09064126192070304,1.5000000000000002,14879,0.06754109491559397,0.5893809210670051
364,cotrain,0.0847984566552262,0.018175636694774542,0.04053543418900579,0.04053543418900579,1.2718391254622152,1.2324769153044774,0.4233828496474486,0.2735119200287721,0.6168533294883549,-1.2964224504609394,0.19467413224853003,0.19450983147208506,0.024864657742218074,0.024864657742218074,0.0250289582559823,0.0,0.06572020320524262,0.286943684053472,0.03844349290061201,0.0,0.5109390494787794,0.9271221137963809,0.0,1.0,1.0,0.1,1.0,0.0008,0.0,1.1460811584151338e-05,1.77498766648035e-05,0.12863159857881376,0.12863159857881376,0.0,0.0,0.0,0.0,1.0,1.0,0.10408415645360947,0.26092731952667236,0.2783702611923218,0.2783702611923218,252.3849639892578,460.48101806640625,0,0.0,0.0,0.0,0,0.0,0.0,0.0,0.0,0.0,0.0,0.0,0.0,0.0,6.538683922881754,6.875982135847236,2.8288629055023193,17.571420669555664,0.32531688775232587,0.9042972479121811,1.0,1.0,canonical,unweighted-eps,1.0,2e-05,0.0003309750919646873,14937,0.00017849401442228435,0.0010025248790913384,0.0003309750919646873,0.005477225575051662,14946,0.002577844560525192,0.014524774316578174,0.005477225575051662,0.09064126192070304,15026,0.028609087549147014,0.16781837435960612,0.09064126192070304,1.5000000000000002,14995,0.06791715074992649,0.5934122101471161
365,cotrain,0.08493898024097976,0.018269859198640045,0.04043536400024453,0.04043536400024453,1.270279835960503,1.2305806814095912,0.42457988603502256,0.2755311592521831,0.6182019729644824,-1.289063496212674,0.19377099907296336,0.19360960585375628,0.0246717208224293,0.0246717208224293,0.024833113822735783,0.0,0.06455719594358124,0.28185243592557746,0.03863053354156068,0.0,0.5096929773178875,0.9301825808679574,0.0,1.0,1.0,0.1,1.0,0.0008,0.0,1.0906725423602717e-05,1.6862672572061316e-05,0.13075819168972153,0.13075819168972153,0.0,0.0,0.0,0.0,1.0,1.0,0.11225199699401855,0.27272289991378784,0.26630333065986633,0.26630333065986633,252.3892822265625,460.48431396484375,0,0.0,0.0,0.0,0,0.0,0.0,0.0,0.0,0.0,0.0,0.0,0.0,0.0,6.5471532232741,6.890721711955515,2.8288629055023193,17.571420669555664,0.32818554973444414,0.9027668182068801,1.0,1.0,canonical,unweighted-eps,1.0,2e-05,0.0003309750919646873,14981,0.0001757645151118414,0.0009871200586205194,0.0003309750919646873,0.005477225575051662,14966,0.002550547539024896,0.014371268113682523,0.005477225575051662,0.09064126192070304,14943,0.02835097332193152,0.1663100631857847,0.09064126192070304,1.5000000000000002,15014,0.06750243436929722,0.591644475760815
366,cotrain,0.08464807072956847,0.018126819195209913,0.040350607835138455,0.040350607835138455,1.2689282808086615,1.2294186646612282,0.4242328968949807,0.27505725915105933,0.6176373477165515,-1.2907843174587967,0.1936820064090256,0.19351873247541934,0.024750303747689623,0.024750303747689623,0.02491357755393554,0.0,0.06530954390286635,0.2838925045206506,0.03848447367294222,0.0,0.5080100950012859,0.9344255587038321,0.0,1.0,1.0,0.1,1.0,0.0008,0.0,1.0367418504814988e-05,1.5999133036767936e-05,0.13008538921737772,0.13008538921737772,0.0,0.0,0.0,0.0,1.0,1.0,0.1020372062921524,0.2751234769821167,0.32663246989250183,0.32663246989250183,252.39239501953125,460.48577880859375,0,0.0,0.0,0.0,0,0.0,0.0,0.0,0.0,0.0,0.0,0.0,0.0,0.0,6.538524980219002,6.876024950241335,2.8288629055023193,17.571420669555664,0.3254206701972506,0.9042420241911158,1.0,1.0,canonical,unweighted-eps,1.0,2e-05,0.0003309750919646873,14958,0.00017509518711670668,0.0009832894968757784,0.0003309750919646873,0.005477225575051662,14996,0.0025935657262786227,0.014613551589235302,0.005477225575051662,0.09064126192070304,14899,0.028503082016025007,0.16713954341580414,0.09064126192070304,1.5000000000000002,15051,0.06753455497966511,0.5892287054677143
367,cotrain,0.08478950578560177,0.018144855906581905,0.04054823344270898,0.04054823344270898,1.2720576183110301,1.2331276790708559,0.42440515635614723,0.27541211387540543,0.6179041150543425,-1.289495633708106,0.19431871452774757,0.19415580973220178,0.024838654634853203,0.024838654634853203,0.025001559442339037,0.0,0.06516193009467207,0.28501155542639584,0.03849126500451667,0.0,0.506228162182702,0.9322923710967741,0.0,1.0,1.0,0.1,1.0,0.0008,0.0,9.842924094779393e-06,1.5159311326109735e-05,0.1273449048336245,0.1273449048336245,0.0,0.0,0.0,0.0,1.0,1.0,0.10318011045455933,0.26643747091293335,0.33576318621635437,0.33576318621635437,252.3954620361328,460.4886474609375,0,0.0,0.0,0.0,0,0.0,0.0,0.0,0.0,0.0,0.0,0.0,0.0,0.0,6.542200923984886,6.881427111162036,2.8288629055023193,17.571420669555664,0.32617882371138956,0.9038382734753713,1.0,1.0,canonical,unweighted-eps,1.0,2e-05,0.0003309750919646873,14979,0.0001739580064689413,0.0009769292083103862,0.0003309750919646873,0.005477225575051662,14840,0.0025740583631840117,0.014503851514861912,0.005477225575051662,0.09064126192070304,15033,0.02847493382173646,0.16703079965294917,0.09064126192070304,1.5000000000000002,15052,0.06770305222664112,0.5906102222677814
368,cotrain,0.08434519490115663,0.018060714388505008,0.04052587812686832,0.04052587812686832,1.2716966407998596,1.2326670253378713,0.4238362996878787,0.2743749290577367,0.6173732451394073,-1.2932689569444737,0.19170162345991176,0.19154005930719212,0.02453910754038355,0.02453910754038355,0.024700671625442993,0.0,0.06462562552247292,0.28196025932701224,0.038362886334777385,0.0,0.5079334707469003,0.9392397346086482,0.0,1.0,1.0,0.1,1.0,0.0008,0.0,9.333274546781622e-06,1.4343259244245567e-05,0.12710699437456763,0.12710699437456763,0.0,0.0,0.0,0.0,1.0,1.0,0.1039440706372261,0.27593299746513367,0.2808859050273895,0.2808859050273895,252.39886474609375,460.4915466308594,0,0.0,0.0,0.0,0,0.0,0.0,0.0,0.0,0.0,0.0,0.0,0.0,0.0,6.525357478704208,6.857850294427636,2.8288629055023193,17.571420669555664,0.32327113980413297,0.9053835856777813,1.0,1.0,canonical,unweighted-eps,1.0,2e-05,0.0003309750919646873,15143,0.00017453764276783825,0.0009802839924359758,0.0003309750919646873,0.005477225575051662,15083,0.002540255730957739,0.014312890642858869,0.005477225575051662,0.09064126192070304,14937,0.028665796226547562,0.1681654297013419,0.09064126192070304,1.5000000000000002,14741,0.06789580076279889,0.5923209378308676
369,cotrain,0.08453311135944648,0.01813112509349345,0.04046433361677023,0.04046433361677023,1.2707251380042985,1.2314819354786832,0.4242378289882953,0.2745148393078747,0.6175901204602331,-1.2927594600070236,0.19246984106034803,0.19230765250758228,0.024597364871834334,0.024597364871834334,0.024759553571860504,0.0,0.06487548140347259,0.28412157972144264,0.03843817900484189,0.0,0.5066313353231829,0.9372990856376978,0.0,1.0,1.0,0.1,1.0,0.0008,0.0,8.838501298406561e-06,1.355102712911195e-05,0.12580763035987177,0.12580763035987177,0.0,0.0,0.0,0.0,1.0,1.0,0.10586673021316528,0.2913203835487366,0.2631743252277374,0.2631743252277374,252.40228271484375,460.4929504394531,0,0.0,0.0,0.0,0,0.0,0.0,0.0,0.0,0.0,0.0,0.0,0.0,0.0,6.5360941968412485,6.8736973628823135,2.8288629055023193,17.571420669555664,0.3255337090710031,0.9041818626638503,1.0,1.0,canonical,unweighted-eps,1.0,2e-05,0.0003309750919646873,14922,0.00017352060684723303,0.0009744993189189744,0.0003309750919646873,0.005477225575051662,14971,0.002560814410979583,0.014428950698387965,0.005477225575051662,0.09064126192070304,15156,0.02849247776351399,0.16710136801311165,0.09064126192070304,1.5000000000000002,14855,0.06736595963677426,0.5894885238113327
370,cotrain,0.08541480357894021,0.01827660092534736,0.04060485631896135,0.04060485631896135,1.2729557083674474,1.2336074473002019,0.4254070464999248,0.27535892972069925,0.6185476599086044,-1.2896894769281404,0.19646174014888257,0.19629845914677677,0.025046380965086896,0.025046380965086896,0.025209661855752397,0.0,0.06531234373712641,0.2858902593262685,0.03875572566325084,0.0,0.5031808398218236,0.947281032641474,0.0,1.0,1.0,0.1,1.0,0.0008,0.0,8.358634869598641e-06,1.2782663849317305e-05,0.13124080075540095,0.13124080075540095,0.0,0.0,0.0,0.0,1.0,1.0,0.1107291430234909,0.2855451703071594,0.3385447859764099,0.3385447859764099,252.4042205810547,460.4924621582031,0,0.0,0.0,0.0,0,0.0,0.0,0.0,0.0,0.0,0.0,0.0,0.0,0.0,6.551883502903148,6.893150936715728,2.8288629055023193,17.571420669555664,0.32693560200833327,0.9034346787979864,1.0,1.0,canonical,unweighted-eps,1.0,2e-05,0.0003309750919646873,14887,0.00017390040244851838,0.0009765169578443935,0.0003309750919646873,0.005477225575051662,14713,0.0025380405191070547,0.014300818722990088,0.005477225575051662,0.09064126192070304,15143,0.028706860695412378,0.1684540138922901,0.09064126192070304,1.5000000000000002,15161,0.06765644530351743,0.5925214957549306
371,cotrain,0.08438963310904482,0.01807984823966001,0.04048859767424755,0.04048859767424755,1.2711226288173612,1.2320711852138877,0.4255700268679195,0.27576365965044397,0.6187104554767282,-1.2882188349707513,0.19178307155131274,0.1916222814311329,0.024574262874089498,0.024574262874089498,0.024735053189289875,0.0,0.06431610640297589,0.28151705529954696,0.03836581508955385,0.0,0.5026416034143195,0.9495813792459985,0.0,1.0,1.0,0.1,1.0,0.0008,0.0,7.893704860779687e-06,1.2038216801128232e-05,0.12987130394794494,0.12987130394794494,0.0,0.0,0.0,0.0,1.0,1.0,0.10610600560903549,0.2900172173976898,0.2722385823726654,0.2722385823726654,252.4071044921875,460.4955139160156,0,0.0,0.0,0.0,0,0.0,0.0,0.0,0.0,0.0,0.0,0.0,0.0,0.0,6.525228330212781,6.857613153175136,2.8288629055023193,17.571420669555664,0.3232206106886128,0.9054103639629255,1.0,1.0,canonical,unweighted-eps,1.0,2e-05,0.0003309750919646873,15092,0.00017465777234701313,0.0009809263227539562,0.0003309750919646873,0.005477225575051662,15017,0.002546999430355969,0.014351158960090859,0.005477225575051662,0.09064126192070304,14897,0.028358608654315675,0.16634883750658944,0.09064126192070304,1.5000000000000002,14898,0.06771071451048609,0.5887049984045357
372,cotrain,0.08472814221476388,0.018116118860009134,0.04035643184891878,0.04035643184891878,1.2690341650952204,1.2297760339883657,0.42558809656363267,0.27609850727340096,0.6187670502143029,-1.287004844755189,0.19415751059786376,0.19399530727129716,0.02484717747817437,0.02484717747817437,0.025009380852501106,0.0,0.06488134540840347,0.28292908086481255,0.03848272118653752,0.0,0.5011840320041037,0.9516111248069339,0.0,1.0,1.0,0.1,1.0,0.0008,0.0,7.443739951022578e-06,1.1317731905545204e-05,0.12809726232901597,0.12809726232901597,0.0,0.0,0.0,0.0,1.0,1.0,0.10363861173391342,0.29173845052719116,0.25394588708877563,0.25394588708877563,252.40939331054688,460.4959411621094,0,0.0,0.0,0.0,0,0.0,0.0,0.0,0.0,0.0,0.0,0.0,0.0,0.0,6.536646744124909,6.872104166497879,2.8288629055023193,17.571420669555664,0.32445752353524,0.9047541063418613,1.0,1.0,canonical,unweighted-eps,1.0,2e-05,0.0003309750919646873,14908,0.0001740945590544279,0.000977570703915346,0.0003309750919646873,0.005477225575051662,14964,0.0025593227585112943,0.014420676520365631,0.005477225575051662,0.09064126192070304,14923,0.028678912757541093,0.16829717054624607,0.09064126192070304,1.5000000000000002,15109,0.06748142149488003,0.5876783117483292
373,cotrain,0.08448034688894056,0.0180985397245321,0.040303784215615854,0.040303784215615854,1.2681904347366624,1.229162354245145,0.42512785605131054,0.2752911764332372,0.6181867548033723,-1.2899343682150555,0.19274197754442182,0.1925803263249815,0.024638733404696498,0.024638733404696498,0.024800384452996347,0.0,0.06466042137362508,0.280373603806027,0.03837484025802368,0.0,0.49992598650547176,0.9591431087917752,0.0,1.0,1.0,0.1,1.0,0.0008,0.0,7.008767896282532e-06,1.062125360547046e-05,0.12598175671683925,0.12598175671683925,0.0,0.0,0.0,0.0,1.0,1.0,0.10739437490701675,0.28568920493125916,0.255902498960495,0.255902498960495,252.41156005859375,460.49871826171875,0,0.0,0.0,0.0,0,0.0,0.0,0.0,0.0,0.0,0.0,0.0,0.0,0.0,6.5283588547991895,6.8613438091763195,2.8288629055023193,17.571420669555664,0.32344001832193986,0.9052940683613709,1.0,1.0,canonical,unweighted-eps,1.0,2e-05,0.0003309750919646873,14973,0.00017413123003722476,0.0009778656150305,0.0003309750919646873,0.005477225575051662,15113,0.0025583619767886125,0.014415129209695877,0.005477225575051662,0.09064126192070304,14934,0.028534900035359412,0.16738576706719874,0.09064126192070304,1.5000000000000002,14884,0.0677604605212259,0.5915140672513023
374,cotrain,0.08464985864603111,0.018108179118149936,0.04031667158676264,0.04031667158676264,1.2683863667181456,1.2291644722478003,0.42457310893596745,0.27461906567088556,0.6176371224160887,-1.2923775613307953,0.19370373418061143,0.1935407012127913,0.024809380495745655,0.024809380495745655,0.02497241345162575,0.0,0.06521316839811894,0.28403840414606607,0.03844071369872898,0.0,0.500105709856392,0.9606783383677149,0.0,1.0,1.0,0.1,1.0,0.0008,0.0,6.588815527684737e-06,9.948824862966172e-06,0.12651452005036876,0.12651452005036876,0.0,0.0,0.0,0.0,1.0,1.0,0.10735449194908142,0.27267730236053467,0.2658977806568146,0.2658977806568146,252.4144744873047,460.49920654296875,0,0.0,0.0,0.0,0,0.0,0.0,0.0,0.0,0.0,0.0,0.0,0.0,0.0,6.525863997956627,6.856282521024737,2.8288629055023193,17.571420669555664,0.3222233915286077,0.9059383145445036,1.0,1.0,canonical,unweighted-eps,1.0,2e-05,0.0003309750919646873,15038,0.0001746806692960508,0.0009809937196805893,0.0003309750919646873,0.005477225575051662,15015,0.002546419429800886,0.014347535116728885,0.005477225575051662,0.09064126192070304,14877,0.02877877473654891,0.1688670736411458,0.09064126192070304,1.5000000000000002,14974,0.06792960890434574,0.5911210277170655
375,cotrain,0.08458951980066605,0.01810709298309735,0.040381514897140175,0.040381514897140175,1.2694159388795192,1.2306453949875302,0.4248236915749362,0.2745051992117849,0.6178839090797636,-1.2927926475675697,0.19290099003248745,0.1927393764957913,0.02462175242905306,0.02462175242905306,0.024783365917989075,0.0,0.06464539075859337,0.28105261269160825,0.038441025397270664,0.0,0.4983332824503255,0.9611998561164762,0.0,1.0,1.0,0.1,1.0,0.0008,0.0,6.183908749869409e-06,9.300487156604552e-06,0.12554512640986687,0.12554512640986687,0.0,0.0,0.0,0.0,1.0,1.0,0.10862401127815247,0.2974827289581299,0.24990418553352356,0.24990418553352356,252.41604614257812,460.5010986328125,0,0.0,0.0,0.0,0,0.0,0.0,0.0,0.0,0.0,0.0,0.0,0.0,0.0,6.537434394542988,6.876832737016828,2.8288629055023193,17.571420669555664,0.3263856004604792,0.9037280552055535,1.0,1.0,canonical,unweighted-eps,1.0,2e-05,0.0003309750919646873,15045,0.00017525464108776476,0.0009840579600073087,0.0003309750919646873,0.005477225575051662,14969,0.0025426317043679616,0.01432648027271313,0.005477225575051662,0.09064126192070304,14919,0.02832103514289383,0.16609008002675915,0.09064126192070304,1.5000000000000002,14971,0.06757882422367642,0.5903883150429535
376,cotrain,0.08536768110835144,0.01827848965747871,0.04050217997123543,0.04050217997123543,1.2713316488220787,1.2321930876654437,0.4253535445811402,0.2751881641327825,0.6184147561971958,-1.290309432734791,0.19609543962929493,0.19593278624308416,0.024989671336534697,0.024989671336534697,0.025152324456084743,0.0,0.06506125315323345,0.2836174841046843,0.038710917465579815,0.0,0.49585589218852866,0.969884691775864,0.0,1.0,1.0,0.1,1.0,0.0008,0.0,5.794072539393999e-06,8.676280478909454e-06,0.12279585166237293,0.12279585166237293,0.0,0.0,0.0,0.0,1.0,1.0,0.10438879579305649,0.2674611508846283,0.30573394894599915,0.30573394894599915,252.41835021972656,460.5021667480469,0,0.0,0.0,0.0,0,0.0,0.0,0.0,0.0,0.0,0.0,0.0,0.0,0.0,6.556476854870462,6.903480627502924,2.8288629055023193,17.571420669555664,0.3296236846840931,0.9019964824831843,1.0,1.0,canonical,unweighted-eps,1.0,2e-05,0.0003309750919646873,14963,0.0001739087951796126,0.0009765033935378007,0.0003309750919646873,0.005477225575051662,14691,0.0025493228097651214,0.014363988863749157,0.005477225575051662,0.09064126192070304,14990,0.028353705562854943,0.16633744918958118,0.09064126192070304,1.5000000000000002,15260,0.06762155452999499,0.5909650362647221
377,cotrain,0.08487203335150695,0.018180618136245597,0.04039996544010619,0.04039996544010619,1.2697200175838972,1.2302613981768615,0.42555603047466684,0.27555892552830213,0.6186603856647116,-1.2889609596668146,0.1942030554716913,0.1940416733487549,0.02479121532752855,0.02479121532752855,0.02495259752210516,0.0,0.064552892684045,0.27998490860828984,0.038485865598210156,0.0,0.4944112406581895,0.9752530156451668,0.0,1.0,1.0,0.1,1.0,0.0008,0.0,5.419330943192156e-06,8.076243333888866e-06,0.12634170895967728,0.12634170895967728,0.0,0.0,0.0,0.0,1.0,1.0,0.10442395508289337,0.2757382392883301,0.2299516648054123,0.2299516648054123,252.41990661621094,460.50323486328125,0,0.0,0.0,0.0,0,0.0,0.0,0.0,0.0,0.0,0.0,0.0,0.0,0.0,6.537294023057335,6.875238459793153,2.8288629055023193,17.571420669555664,0.32567170343767105,0.9041084018635414,1.0,1.0,canonical,unweighted-eps,1.0,2e-05,0.0003309750919646873,15068,0.00017301670920842022,0.0009716506625884387,0.0003309750919646873,0.005477225575051662,14878,0.002539091622716061,0.014306468005493806,0.005477225575051662,0.09064126192070304,14894,0.028419457953280693,0.16672916159111814,0.09064126192070304,1.5000000000000002,15064,0.06780602337037764,0.5916832064417406
378,cotrain,0.08453107238388978,0.018064761160212196,0.04034363157633278,0.04034363157633278,1.2688145129998967,1.2293922012178307,0.4252010996525104,0.27439632445064366,0.6179879179112931,-1.293189417093228,0.19255273774839365,0.19239178742481094,0.0245468613699588,0.0245468613699588,0.024707811671651453,0.0,0.06438014092735755,0.28002091828319764,0.038434486322773576,0.0,0.49328293689550495,0.97545302242168,0.0,1.0,1.0,0.1,1.0,0.0008,0.0,5.059707077090802e-06,7.500412734660444e-06,0.12543323608990917,0.12543323608990917,0.0,0.0,0.0,0.0,1.0,1.0,0.10870956629514694,0.26600873470306396,0.27281859517097473,0.27281859517097473,252.42169189453125,460.5042724609375,0,0.0,0.0,0.0,0,0.0,0.0,0.0,0.0,0.0,0.0,0.0,0.0,0.0,6.539011155438219,6.877975488657427,2.8288629055023193,17.571420669555664,0.3261312514206135,0.9038636248660435,1.0,1.0,canonical,unweighted-eps,1.0,2e-05,0.0003309750919646873,15227,0.00017576492192442509,0.0009869759255991932,0.0003309750919646873,0.005477225575051662,14934,0.0025419017615065415,0.014321956144441511,0.005477225575051662,0.09064126192070304,14867,0.028553497160243597,0.16750295460324383,0.09064126192070304,1.5000000000000002,14876,0.06757953844746135,0.5919506885762431
379,cotrain,0.08506147709921894,0.018176646917087272,0.04040056838789302,0.04040056838789302,1.2697189696881968,1.230563967401146,0.4255020571952192,0.274818032534204,0.6182490948937897,-1.2916553038307743,0.19544252135560045,0.19527963873667595,0.024951845662206665,0.024951845662206665,0.025114728710972346,0.0,0.06515321934707144,0.2842439231582177,0.03856422442497096,0.0,0.4932080621902759,0.976325909806113,0.0,1.0,1.0,0.1,1.0,0.0008,0.0,4.715223124383913e-06,6.948824201167849e-06,0.12427471937118177,0.12427471937118177,0.0,0.0,0.0,0.0,1.0,1.0,0.10761108994483948,0.2787982225418091,0.3000442087650299,0.3000442087650299,252.4226837158203,460.5050354003906,0,0.0,0.0,0.0,0,0.0,0.0,0.0,0.0,0.0,0.0,0.0,0.0,0.0,6.5433881170729284,6.8800387984241285,2.8288629055023193,17.571420669555664,0.32487685271309136,0.9045312743060114,1.0,1.0,canonical,unweighted-eps,1.0,2e-05,0.0003309750919646873,14934,0.00017338881695470198,0.0009738148996553835,0.0003309750919646873,0.005477225575051662,14885,0.0025693295676815536,0.01447702956491963,0.005477225575051662,0.09064126192070304,14940,0.02840790365793938,0.1666300940864696,0.09064126192070304,1.5000000000000002,15145,0.06797407871427691,0.5928388466493412
380,cotrain,0.0849468350951743,0.01821388180455209,0.0403668543514915,0.0403668543514915,1.269195634067975,1.2293929753140507,0.42618620484812647,0.27547507599378246,0.6189389530664835,-1.2892667057677212,0.1944316598531018,0.19426918752555156,0.02484407228155014,0.02484407228155014,0.025006544422039874,0.0,0.06498886133010826,0.2832065850942053,0.03850915400773032,0.0,0.49219579937366337,0.9787792718181243,0.0,1.0,1.0,0.1,1.0,0.0008,0.0,4.385900334464384e-06,6.421511757990083e-06,0.12264785622684364,0.12264785622684364,0.0,0.0,0.0,0.0,1.0,1.0,0.10730551183223724,0.2804393768310547,0.32522231340408325,0.32522231340408325,252.42445373535156,460.50433349609375,0,0.0,0.0,0.0,0,0.0,0.0,0.0,0.0,0.0,0.0,0.0,0.0,0.0,6.546538029980455,6.886311291860606,2.8288629055023193,17.571420669555664,0.3263374955510866,0.90375370041405,1.0,1.0,canonical,unweighted-eps,1.0,2e-05,0.0003309750919646873,14837,0.00017192185454483847,0.0009655136344623572,0.0003309750919646873,0.005477225575051662,14871,0.002549544027135669,0.014365379893782159,0.005477225575051662,0.09064126192070304,15052,0.02835171903950592,0.16630139735478086,0.09064126192070304,1.5000000000000002,15144,0.06742235585236386,0.5881127740615143
381,cotrain,0.08493581675311439,0.018192912951414276,0.0403465818390887,0.0403465818390887,1.2688699200363864,1.2296798975549192,0.4258755266539052,0.2750744570651625,0.6186191476563103,-1.290720825521355,0.19414889914357764,0.193988018661228,0.024726374448937737,0.024726374448937737,0.0248872553372485,0.0,0.06435233297256324,0.28070559562780917,0.038540079831503905,0.0,0.49030550938640904,0.9859878503614001,0.0,1.0,1.0,0.1,1.0,0.0008,0.0,4.071759021513149e-06,5.918507932242513e-06,0.12322815316609848,0.12322815316609848,0.0,0.0,0.0,0.0,1.0,1.0,0.10463564097881317,0.27346333861351013,0.27142804861068726,0.27142804861068726,252.42593383789062,460.5059509277344,0,0.0,0.0,0.0,0,0.0,0.0,0.0,0.0,0.0,0.0,0.0,0.0,0.0,6.552131941175868,6.896207486799411,2.8288629055023193,17.571420669555664,0.3283058340482226,0.9027024667708902,1.0,1.0,canonical,unweighted-eps,1.0,2e-05,0.0003309750919646873,14891,0.00017207109352888842,0.0009663134853210926,0.0003309750919646873,0.005477225575051662,15060,0.0025495951000853363,0.0143658856224333,0.005477225575051662,0.09064126192070304,14870,0.028332694639434892,0.166185552414905,0.09064126192070304,1.5000000000000002,15083,0.06755568208519315,0.5913107128506242
382,cotrain,0.0848133606183478,0.018183188709931877,0.04029035315904607,0.04029035315904607,1.2679778450424846,1.2282107110716338,0.42594604697237665,0.2748313828283905,0.6185950867385945,-1.291604538503875,0.19312032810452148,0.19295821781469208,0.02470259045640755,0.02470259045640755,0.024864700467636187,0.0,0.06484400559789859,0.2825779288561426,0.03854341493744371,0.0,0.49140592486175716,0.987651380750104,0.0,1.0,1.0,0.1,1.0,0.0008,0.0,3.7728185632461183e-06,5.439843751570453e-06,0.12157329770489636,0.12157329770489636,0.0,0.0,0.0,0.0,1.0,1.0,0.10366248339414597,0.27090489864349365,0.2611905038356781,0.2611905038356781,252.4270477294922,460.506591796875,0,0.0,0.0,0.0,0,0.0,0.0,0.0,0.0,0.0,0.0,0.0,0.0,0.0,6.539036962721083,6.877948048885552,2.8288629055023193,17.571420669555664,0.3261043279819359,0.9038779714242448,1.0,1.0,canonical,unweighted-eps,1.0,2e-05,0.0003309750919646873,14945,0.00017252843664985868,0.0009691487529772147,0.0003309750919646873,0.005477225575051662,14859,0.0025557059273439635,0.014400242767349067,0.005477225575051662,0.09064126192070304,15200,0.02857555159612706,0.16765136469351619,0.09064126192070304,1.5000000000000002,14900,0.06744173963597958,0.5894101458427891
383,cotrain,0.08452481254298463,0.018079744771313973,0.040306889396320045,0.040306889396320045,1.2682397609282856,1.2285753587881725,0.4259682598277035,0.27476972424321705,0.6186097499906508,-1.2918285307211754,0.19307120372023848,0.19290888503703296,0.0247718248452641,0.0247718248452641,0.024934143393149234,0.0,0.0649274060359368,0.28336588700867105,0.038315544708862774,0.0,0.4890652330767395,0.9910662225168995,0.0,1.0,1.0,0.1,1.0,0.0008,0.0,3.48909739971889e-06,4.98554874223527e-06,0.12083297246732773,0.12083297246732773,0.0,0.0,0.0,0.0,1.0,1.0,0.10506483167409897,0.27858060598373413,0.32816848158836365,0.32816848158836365,252.4283905029297,460.50750732421875,0,0.0,0.0,0.0,0,0.0,0.0,0.0,0.0,0.0,0.0,0.0,0.0,0.0,6.521344222574153,6.8517232491871445,2.8288629055023193,17.571420669555664,0.3223180507327498,0.905888243465963,1.0,1.0,canonical,unweighted-eps,1.0,2e-05,0.0003309750919646873,15036,0.00017155579435727038,0.0009634474105464037,0.0003309750919646873,0.005477225575051662,14830,0.0025370840154040606,0.014294953433267988,0.005477225575051662,0.09064126192070304,15090,0.02831812378110437,0.16610653574218648,0.09064126192070304,1.5000000000000002,14948,0.06799614951831949,0.5902452268541768
384,cotrain,0.08501691014593483,0.01813945959871396,0.040324933731403105,0.040324933731403105,1.2685213134609872,1.2288894765397422,0.4255157758792241,0.27445521530432576,0.6182473132498244,-1.2929742927225227,0.19522501980392343,0.19506287355071458,0.024865504919400074,0.024865504919400074,0.025027651156688858,0.0,0.0648584959980769,0.28298501778616864,0.03854965048436171,0.0,0.48783582519007546,0.9961054165903319,0.0,1.0,1.0,0.1,1.0,0.0008,0.0,3.2206130321893025e-06,4.555650927293103e-06,0.12111638679017878,0.12111638679017878,0.0,0.0,0.0,0.0,1.0,1.0,0.10914468765258789,0.29978612065315247,0.25229695439338684,0.25229695439338684,252.42942810058594,460.5085754394531,0,0.0,0.0,0.0,0,0.0,0.0,0.0,0.0,0.0,0.0,0.0,0.0,0.0,6.547450606639568,6.887072351935083,2.8288629055023193,17.571420669555664,0.32623957210919424,0.9038058971970505,1.0,1.0,canonical,unweighted-eps,1.0,2e-05,0.0003309750919646873,14979,0.00017306804744960354,0.0009719884942393093,0.0003309750919646873,0.005477225575051662,14884,0.0025888363425528543,0.014587231720248334,0.005477225575051662,0.09064126192070304,14901,0.028343059052061647,0.16622978315666356,0.09064126192070304,1.5000000000000002,15140,0.06777269887483262,0.592891717744472
385,cotrain,0.08483638510935837,0.018178222133801915,0.04026316108707434,0.04026316108707434,1.2675468259401081,1.2278836058755207,0.4261013469380191,0.27482724412638915,0.618660713872339,-1.2916196419133081,0.19304584695870042,0.19288514373012078,0.024615292958756033,0.024615292958756033,0.02477599611569546,0.0,0.0642812596156429,0.2799601274677831,0.03856052957777666,0.0,0.48532719725472295,0.9992710840211719,0.0,1.0,1.0,0.1,1.0,0.0008,0.0,2.9673820220377946e-06,4.150176824866138e-06,0.12195755078051335,0.12195755078051335,0.0,0.0,0.0,0.0,1.0,1.0,0.10195178538560867,0.2800597548484802,0.2517772614955902,0.2517772614955902,252.43020629882812,460.5085754394531,0,0.0,0.0,0.0,0,0.0,0.0,0.0,0.0,0.0,0.0,0.0,0.0,0.0,6.541973563340994,6.880518532407209,2.8288629055023193,17.571420669555664,0.32584868737444067,0.9040141570194169,1.0,1.0,canonical,unweighted-eps,1.0,2e-05,0.0003309750919646873,15188,0.00017269474655597783,0.0009697945954678897,0.0003309750919646873,0.005477225575051662,14802,0.0025334136166436545,0.01427441552520974,0.005477225575051662,0.09064126192070304,14907,0.028472311535359486,0.16701452180462328,0.09064126192070304,1.5000000000000002,15007,0.06730161159148323,0.5889842766165503
386,cotrain,0.08423435920451441,0.017931219572440173,0.040457509466025054,0.040457509466025054,1.2706134109972198,1.2312977441355712,0.4256705408040275,0.2738559845293689,0.6181327633113942,-1.2951602000966032,0.1919370655161448,0.19177480228245258,0.02458920497367652,0.02458920497367652,0.024751468163588617,0.0,0.06490528991079739,0.28468807197661483,0.038198743739889726,0.0,0.48494581285959637,1.001298382655423,0.0,1.0,1.0,0.1,1.0,0.0008,0.0,2.729419989745887e-06,3.7691514465069506e-06,0.12337121560087061,0.12337121560087061,0.0,0.0,0.0,0.0,1.0,1.0,0.10307639837265015,0.28125590085983276,0.348244845867157,0.348244845867157,252.43067932128906,460.509033203125,0,0.0,0.0,0.0,0,0.0,0.0,0.0,0.0,0.0,0.0,0.0,0.0,0.0,6.517254162038493,6.846619494292834,2.8288629055023193,17.571420669555664,0.32191444510092687,0.9061016714685753,1.0,1.0,canonical,unweighted-eps,1.0,2e-05,0.0003309750919646873,15124,0.00017284364072073677,0.000970750141551896,0.0003309750919646873,0.005477225575051662,15047,0.0025627618907967096,0.014439888616895456,0.005477225575051662,0.09064126192070304,14953,0.02857633729383777,0.16759523388407171,0.09064126192070304,1.5000000000000002,14780,0.06796439754624167,0.5920208116022918
387,cotrain,0.08533494746010019,0.0182174563797939,0.04060691192300401,0.04060691192300401,1.2729741365075136,1.2328606619794145,0.4261459561749401,0.2739348333870244,0.6184021724849684,-1.2948729408602428,0.19612243086991146,0.19595948106840125,0.02496875294794639,0.02496875294794639,0.02513170241513568,0.0,0.06517978842792094,0.2854396163716785,0.038598376541183546,0.0,0.4838683293161229,1.005820840724513,0.0,1.0,1.0,0.1,1.0,0.0008,0.0,2.5067416139326885e-06,3.4125982956557556e-06,0.12202238914771722,0.12202238914771722,0.0,0.0,0.0,0.0,1.0,1.0,0.10843142122030258,0.2645804286003113,0.26020368933677673,0.26020368933677673,252.43150329589844,460.5089416503906,0,0.0,0.0,0.0,0,0.0,0.0,0.0,0.0,0.0,0.0,0.0,0.0,0.0,6.558765587643681,6.9046422610482,2.8288629055023193,17.571420669555664,0.32901525016743294,0.9023226404132351,1.0,1.0,canonical,unweighted-eps,1.0,2e-05,0.0003309750919646873,14837,0.0001730930795878636,0.0009720250619555923,0.0003309750919646873,0.005477225575051662,14844,0.0025735155046106638,0.014500613440539888,0.005477225575051662,0.09064126192070304,15049,0.02849513708186614,0.16714510663227905,0.09064126192070304,1.5000000000000002,15174,0.06762458240465793,0.5927060108906324
388,cotrain,0.08456788013060378,0.018084600729008134,0.04063863384449839,0.04063863384449839,1.2734811036375444,1.2338982547959711,0.4265602540511351,0.2744181259957134,0.618836737341351,-1.2931091097685008,0.19269741756411699,0.19253612351086405,0.024618930235091183,0.024618930235091183,0.024780224065463513,0.0,0.06451753092308839,0.28415566571375245,0.03823173122528272,0.0,0.48322394356513637,1.009989609193598,0.0,1.0,1.0,0.1,1.0,0.0008,0.0,2.2993606304492414e-06,3.080539366190275e-06,0.12039536089660266,0.12039536089660266,0.0,0.0,0.0,0.0,1.0,1.0,0.10802838206291199,0.2741299271583557,0.2864832282066345,0.2864832282066345,252.43252563476562,460.50933837890625,0,0.0,0.0,0.0,0,0.0,0.0,0.0,0.0,0.0,0.0,0.0,0.0,0.0,6.525887497469911,6.859976955289656,2.8288629055023193,17.571420669555664,0.3240522302688355,0.9049693103298945,1.0,1.0,canonical,unweighted-eps,1.0,2e-05,0.0003309750919646873,15037,0.00017185204408385536,0.0009651122738735991,0.0003309750919646873,0.005477225575051662,15054,0.002561655435505752,0.014433628332968075,0.005477225575051662,0.09064126192070304,14990,0.02843841681924162,0.16678873275899347,0.09064126192070304,1.5000000000000002,14823,0.06795744677026817,0.59378834191519
389,cotrain,0.08504478875388446,0.018151248242053337,0.04061747869301555,0.04061747869301555,1.2731472249819362,1.232944922060029,0.4266226668643136,0.2742291799085772,0.6188660513641487,-1.29379764963419,0.19442127629095673,0.19425959098670217,0.02480578824527498,0.02480578824527498,0.024967473569429584,0.0,0.06467411986305419,0.2839570042287183,0.03850251354245294,0.0,0.48099988297774243,1.015612315482054,0.0,1.0,1.0,0.1,1.0,0.0008,0.0,2.1072898315315388e-06,2.7729951410695444e-06,0.12003858467070465,0.12003858467070465,0.0,0.0,0.0,0.0,1.0,1.0,0.11633013933897018,0.2831084132194519,0.25065556168556213,0.25065556168556213,252.43321228027344,460.50958251953125,0,0.0,0.0,0.0,0,0.0,0.0,0.0,0.0,0.0,0.0,0.0,0.0,0.0,6.544453449738332,6.883009580507402,2.8288629055023193,17.571420669555664,0.3257908937144332,0.904044935905906,1.0,1.0,canonical,unweighted-eps,1.0,2e-05,0.0003309750919646873,15007,0.00017404874022227166,0.000977503252595796,0.0003309750919646873,0.005477225575051662,14856,0.00255487987713454,0.014395684533435038,0.005477225575051662,0.09064126192070304,14977,0.02864601781309833,0.16806471795928155,0.09064126192070304,1.5000000000000002,15064,0.0674699470519513,0.5902343053356865
390,cotrain,0.08481356146562304,0.018066459809008062,0.040627523572144345,0.040627523572144345,1.2733068726731434,1.2336953840194604,0.42680785594842374,0.2744474517356636,0.618990425625418,-1.2930023013017116,0.19418372966858566,0.19402280782596168,0.02478384421979133,0.02478384421979133,0.024944765974855065,0.0,0.06436870863231328,0.2823105897022109,0.03833981451745599,0.0,0.47974666437277425,1.0206508400539558,0.0,1.0,1.0,0.1,1.0,0.0008,0.0,1.9305410650111548e-06,2.4899845910699704e-06,0.12116740519801776,0.12116740519801776,0.0,0.0,0.0,0.0,1.0,1.0,0.10426394641399384,0.2751500606536865,0.2822643518447876,0.2822643518447876,252.43392944335938,460.5104064941406,0,0.0,0.0,0.0,0,0.0,0.0,0.0,0.0,0.0,0.0,0.0,0.0,0.0,6.5502690351926365,6.893303834749596,2.8288629055023193,17.571420669555664,0.327844049013036,0.902949440621619,1.0,1.0,canonical,unweighted-eps,1.0,2e-05,0.0003309750919646873,14986,0.00017323306311184413,0.0009728045183899254,0.0003309750919646873,0.005477225575051662,14976,0.002535358934492096,0.01428540000039288,0.005477225575051662,0.09064126192070304,14898,0.02877658104669297,0.16885872150622913,0.09064126192070304,1.5000000000000002,15044,0.06749350557584644,0.5901733884403155
391,cotrain,0.08451188126435646,0.018111187347776104,0.040508524562494874,0.040508524562494874,1.271425866804447,1.2313181273957603,0.4266263091793427,0.2743054366009867,0.6188137153020272,-1.293519351981644,0.1922578547691178,0.19209585453455263,0.024636336733610965,0.024636336733610965,0.024798337051756363,0.0,0.0648001367226243,0.284278424950237,0.03819200706182637,0.0,0.47913723152417403,1.0236572278106315,0.0,1.0,1.0,0.1,1.0,0.0008,0.0,1.7691252335845716e-06,2.2315251736153808e-06,0.11886924062656541,0.11886924062656541,0.0,0.0,0.0,0.0,1.0,1.0,0.10850951075553894,0.28583329916000366,0.26148340106010437,0.26148340106010437,252.43460083007812,460.5108947753906,0,0.0,0.0,0.0,0,0.0,0.0,0.0,0.0,0.0,0.0,0.0,0.0,0.0,6.521970060136583,6.854322600417478,2.8288629055023193,17.571420669555664,0.323287253417507,0.9053750455999326,1.0,1.0,canonical,unweighted-eps,1.0,2e-05,0.0003309750919646873,15025,0.0001707186792417741,0.0009588504373754519,0.0003309750919646873,0.005477225575051662,14967,0.0025535947927900105,0.014388453134468055,0.005477225575051662,0.09064126192070304,15117,0.028638466052169357,0.16802235199139137,0.09064126192070304,1.5000000000000002,14795,0.06773252579842762,0.5905750200530088
392,cotrain,0.08510710259214935,0.018177390745323565,0.040545329698321655,0.040545329698321655,1.2720099641768137,1.2320225070684383,0.4268934609543564,0.27460408459107083,0.6190394019214516,-1.292431449278807,0.19511040051778158,0.19494835252308437,0.024892273160000134,0.024892273160000134,0.02505432152483835,0.0,0.06481936164041105,0.2836128933371132,0.038442404526803226,0.0,0.47638487599344337,1.0316108528238077,0.0,1.0,1.0,0.1,1.0,0.0008,0.0,1.623052294140623e-06,1.9976328317001197e-06,0.12270099594870694,0.12270099594870694,0.0,0.0,0.0,0.0,1.0,1.0,0.11001548171043396,0.26734432578086853,0.27090874314308167,0.27090874314308167,252.43492126464844,460.5110168457031,0,0.0,0.0,0.0,0,0.0,0.0,0.0,0.0,0.0,0.0,0.0,0.0,0.0,6.5456728181268415,6.88397156055091,2.8288629055023193,17.571420669555664,0.3256328081283049,0.9041291095830609,1.0,1.0,canonical,unweighted-eps,1.0,2e-05,0.0003309750919646873,15105,0.00017204939420724973,0.0009662145627271021,0.0003309750919646873,0.005477225575051662,14681,0.0025201715418837894,0.01419989345699912,0.005477225575051662,0.09064126192070304,15036,0.028662090056213365,0.16813676961085428,0.09064126192070304,1.5000000000000002,15082,0.06766914881883415,0.5918988389213875
393,cotrain,0.08467531656352882,0.01810963634942841,0.04055076754755444,0.04055076754755444,1.2720938589844146,1.232485524354837,0.4268467006010887,0.2745084639033701,0.6189450798635809,-1.292780226112431,0.19155309995652264,0.19139295313348118,0.024407117723081358,0.024407117723081358,0.024567264657563124,0.0,0.06405876237803544,0.2807057688060479,0.03841561333745973,0.0,0.4753589644773394,1.0367466039064093,0.0,1.0,1.0,0.1,1.0,0.0008,0.0,1.4923312571462452e-06,1.7883219929055138e-06,0.11834375879480544,0.11834375879480544,0.0,0.0,0.0,0.0,1.0,1.0,0.11160426586866379,0.27084869146347046,0.3062240183353424,0.3062240183353424,252.43551635742188,460.5111389160156,0,0.0,0.0,0.0,0,0.0,0.0,0.0,0.0,0.0,0.0,0.0,0.0,0.0,6.533534223197872,6.874644568324708,2.8288629055023193,17.571420669555664,0.3273287645361737,0.9032247761169528,1.0,1.0,canonical,unweighted-eps,1.0,2e-05,0.0003309750919646873,15176,0.0001738274095288606,0.0009763037927525337,0.0003309750919646873,0.005477225575051662,15065,0.0025647512994709104,0.014451370508695337,0.005477225575051662,0.09064126192070304,15008,0.028525166686123878,0.1673860420455048,0.09064126192070304,1.5000000000000002,14655,0.06773812997792614,0.5950561201316186
394,cotrain,0.08512907968754442,0.018155636974315867,0.040531788323806904,0.040531788323806904,1.2717902321890844,1.2320060903190548,0.4266774870901026,0.27410029460731733,0.6187277866734399,-1.294268237729358,0.1946229758935097,0.19446095489920714,0.024809704420881137,0.024809704420881137,0.024971725411203682,0.0,0.06480840204331355,0.2838934428480446,0.038544498766079925,0.0,0.4743569396499895,1.0355130461737132,0.0,1.0,1.0,0.1,1.0,0.0008,0.0,1.3769701860907852e-06,1.6036055685100973e-06,0.11887308284958713,0.11887308284958713,0.0,0.0,0.0,0.0,1.0,1.0,0.1078481525182724,0.27713996171951294,0.3237532377243042,0.3237532377243042,252.43597412109375,460.5114440917969,0,0.0,0.0,0.0,0,0.0,0.0,0.0,0.0,0.0,0.0,0.0,0.0,0.0,6.542707208894257,6.882897788341069,2.8288629055023193,17.571420669555664,0.3266409187425647,0.9035919035811065,1.0,1.0,canonical,unweighted-eps,1.0,2e-05,0.0003309750919646873,15031,0.0001714238326003468,0.0009627008145683365,0.0003309750919646873,0.005477225575051662,14994,0.0025568354839569127,0.014406782462030185,0.005477225575051662,0.09064126192070304,14902,0.02874973203940386,0.16872446856359846,0.09064126192070304,1.5000000000000002,14977,0.0678946495358613,0.5945230266746536
395,cotrain,0.08438012128074963,0.01792586181893881,0.040529448244497814,0.040529448244497814,1.2717566569438818,1.2321605099062634,0.4270584147073265,0.27444513727966535,0.6190266078099226,-1.2930106490086286,0.19221328923271763,0.19205105669287026,0.024654125551987663,0.024654125551987663,0.02481635805999494,0.0,0.06489299460608736,0.2845914983469197,0.038225575600965664,0.0,0.4757113250402304,1.0329419487179854,0.0,1.0,1.0,0.1,1.0,0.0008,0.0,1.2769761969885085e-06,1.4434949526930245e-06,0.11860782797169736,0.11860782797169736,0.0,0.0,0.0,0.0,1.0,1.0,0.11564281582832336,0.29631221294403076,0.24123722314834595,0.24123722314834595,252.4365234375,460.5116271972656,0,0.0,0.0,0.0,0,0.0,0.0,0.0,0.0,0.0,0.0,0.0,0.0,0.0,6.520299690401452,6.848861883182961,2.8288629055023193,17.571420669555664,0.3214351174714942,0.9063549245298017,1.0,1.0,canonical,unweighted-eps,1.0,2e-05,0.0003309750919646873,15001,0.00017327881031943776,0.0009729640144758181,0.0003309750919646873,0.005477225575051662,14993,0.0025895633914591845,0.014591381346369206,0.005477225575051662,0.09064126192070304,15035,0.028509730754756515,0.1672536470662489,0.09064126192070304,1.5000000000000002,14875,0.067684857112019,0.5886792511499228
396,cotrain,0.08512740811476341,0.018160447269343793,0.04057378324274069,0.04057378324274069,1.272457033091267,1.2323317627112071,0.426981414676222,0.2745114674425533,0.6190029926534392,-1.292768430760783,0.19473593147137228,0.1945741010399965,0.02482582004263233,0.02482582004263233,0.024987650555598304,0.0,0.064732197067167,0.2837282572673936,0.03847755297907015,0.0,0.4715644442118131,1.0461242782572906,0.0,1.0,1.0,0.1,1.0,0.0008,0.0,1.1923554579396358e-06,1.3080000218312017e-06,0.12052417955655828,0.12052417955655828,0.0,0.0,0.0,0.0,1.0,1.0,0.10549108684062958,0.31047123670578003,0.28222402930259705,0.28222402930259705,252.4368896484375,460.5118103027344,0,0.0,0.0,0.0,0,0.0,0.0,0.0,0.0,0.0,0.0,0.0,0.0,0.0,6.550090802021516,6.894517878143547,2.8288629055023193,17.571420669555664,0.3285302808817927,0.9025823504635107,1.0,1.0,canonical,unweighted-eps,1.0,2e-05,0.0003309750919646873,14999,0.0001713180612535262,0.0009621198371244483,0.0003309750919646873,0.005477225575051662,14972,0.0025479693101102454,0.014356370395257962,0.005477225575051662,0.09064126192070304,14929,0.028922333551815442,0.16971214583046398,0.09064126192070304,1.5000000000000002,15004,0.06762640670406694,0.5926926081989708
397,cotrain,0.0848464467522935,0.01809187287974179,0.04055110166151809,0.04055110166151809,1.272098492067798,1.2321780502286732,0.42702518556362545,0.27436018461345607,0.619011760267437,-1.2933205034997728,0.19407401216399467,0.19391224959976652,0.02482182440212649,0.02482182440212649,0.02498358725092541,0.0,0.06470511617282262,0.28396663279869616,0.03830229767208171,0.0,0.4698203423848519,1.0499548570722597,0.0,1.0,1.0,0.1,1.0,0.0008,0.0,1.1231131887499654e-06,1.1971291338902262e-06,0.119183227340253,0.119183227340253,0.0,0.0,0.0,0.0,1.0,1.0,0.11288093030452728,0.2894303798675537,0.2680789828300476,0.2680789828300476,252.43734741210938,460.51190185546875,0,0.0,0.0,0.0,0,0.0,0.0,0.0,0.0,0.0,0.0,0.0,0.0,0.0,6.5356145944350805,6.870083518289844,2.8288629055023193,17.571420669555664,0.32399340500841406,0.9050005317127032,1.0,1.0,canonical,unweighted-eps,1.0,2e-05,0.0003309750919646873,15001,0.00017341496552332057,0.0009739337467031156,0.0003309750919646873,0.005477225575051662,14946,0.0025395122533057183,0.014308897805560087,0.005477225575051662,0.09064126192070304,14899,0.02870602707821568,0.16842030587552562,0.09064126192070304,1.5000000000000002,15058,0.06765032037825426,0.5896104719395308
398,cotrain,0.08449195568951276,0.018020476242447764,0.040496256807421006,0.040496256807421006,1.2712336609604715,1.2315455509556665,0.42755544873384327,0.27443296767962283,0.6193171805805631,-1.2930545763582246,0.19186239676852512,0.19170217849632615,0.024480337161634468,0.024480337161634468,0.02464055537015327,0.0,0.0640872946391121,0.2805874427605389,0.03825496080626025,0.0,0.46953820214312303,1.047857620076746,0.0,1.0,1.0,0.1,1.0,0.0008,0.0,1.0692536606088607e-06,1.1108891279087775e-06,0.11720346251868793,0.11720346251868793,0.0,0.0,0.0,0.0,1.0,1.0,0.10422199964523315,0.2831246852874756,0.23803122341632843,0.23803122341632843,252.43777465820312,460.51202392578125,0,0.0,0.0,0.0,0,0.0,0.0,0.0,0.0,0.0,0.0,0.0,0.0,0.0,6.523186021380955,6.855954375093313,2.8288629055023193,17.571420669555664,0.32346355191792375,0.9052815916190581,1.0,1.0,canonical,unweighted-eps,1.0,2e-05,0.0003309750919646873,15137,0.00017197370087293406,0.0009658094894840143,0.0003309750919646873,0.005477225575051662,15095,0.002552520801844128,0.014382557911997641,0.005477225575051662,0.09064126192070304,14932,0.02839947455359821,0.16654349012091305,0.09064126192070304,1.5000000000000002,14740,0.06792915183621151,0.5946523542158316
399,cotrain,0.08492714357681763,0.018126396048400138,0.040470846275934294,0.040470846275934294,1.2708302070295405,1.2311387319340665,0.4271105698540679,0.27425089644061196,0.6190387250011803,-1.2937178925061836,0.19356559661145395,0.19340400577674055,0.024707142387031235,0.024707142387031235,0.024868732867523644,0.0,0.06463618777915199,0.2825873550823611,0.03844326018936869,0.0,0.4695173693008912,1.0504642634564996,0.0,1.0,1.0,0.1,1.0,0.0008,0.0,1.0307801958256833e-06,1.0492853235765953e-06,0.12070387014402793,0.12070387014402793,0.0,0.0,0.0,0.0,1.0,1.0,0.1141611635684967,0.28561294078826904,0.2730032205581665,0.2730032205581665,252.4381103515625,460.5122375488281,0,0.0,0.0,0.0,0,0.0,0.0,0.0,0.0,0.0,0.0,0.0,0.0,0.0,6.539907931262611,6.880906375009003,2.8288629055023193,17.571420669555664,0.32711013313803716,0.9033415187407972,1.0,1.0,canonical,unweighted-eps,1.0,2e-05,0.0003309750919646873,15046,0.00017310867194870194,0.0009721775231460783,0.0003309750919646873,0.005477225575051662,14899,0.002560328642190547,0.014426127328185542,0.005477225575051662,0.09064126192070304,15008,0.028589390956961523,0.16768981297133065,0.09064126192070304,1.5000000000000002,14951,0.06756980464925862,0.5912261785818864
400,cotrain,0.08461184970015644,0.018093693700945403,0.0404641293705656,0.0404641293705656,1.2707242392728209,1.2306269853033571,0.42733351446879214,0.27422023449952787,0.6191534793529755,-1.2938300636079576,0.19223355969939476,0.19207273999977315,0.02456862656558808,0.02456862656558808,0.02472944624132962,0.0,0.06432787539103092,0.2824431011437351,0.03824483776767539,0.0,0.4672648360331853,1.0589789047709897,0.0,1.0,1.0,0.1,1.0,0.0008,0.0,1.0076951676249789e-06,1.0123215209065293e-06,0.1171917064417886,0.1171917064417886,0.0,0.0,0.0,0.0,1.0,1.0,0.10501916706562042,0.2899536192417145,0.22875690460205078,0.22875690460205078,252.4384765625,460.51239013671875,0,0.0,0.0,0.0,0,0.0,0.0,0.0,0.0,0.0,0.0,0.0,0.0,0.0,6.523652204081544,6.858581150045323,2.8288629055023193,17.571420669555664,0.32452625738253327,0.9047175932932275,1.0,1.0,canonical,unweighted-eps,1.0,2e-05,0.0003309750919646873,15005,0.00017213370208465548,0.0009665616631249673,0.0003309750919646873,0.005477225575051662,15072,0.0025585451259252058,0.01441626148120423,0.005477225575051662,0.09064126192070304,15100,0.028533621639605388,0.16740393359140054,0.09064126192070304,1.5000000000000002,14727,0.06788592832494982,0.593898341912654
